Date,TOTAL,BTC,ETH,TOTAL2,TOTAL3,OTHERS,STABLE,BTC.D,ETH/BTC,OTHERS/BTC
2023-10-02,1302155176576.9,553158859403.8086,203126745320.11243,748996317173.0913,545869571852.9789,204331378510.8487,300849417602.5678,42.480257,0.367212,0.36939
2023-10-03,1298990317757.9448,551133414577.8809,202279149095.18475,747856903180.0641,545577754084.8793,202190746605.12567,300849417602.5678,42.427831,0.367024,0.366864
2023-10-04,1305008201998.953,558555859694.8242,201198876766.51962,746452342304.1288,545253465537.6091,202626265520.33377,300849417602.5678,42.800946,0.360213,0.362768
2023-10-05,1290865538707.5688,550850787068.6035,196759161540.02457,740014751638.9655,543255590098.94086,201929384663.24112,300849417602.5678,42.67298,0.357191,0.366577
2023-10-06,1309393014284.231,561513520083.4961,200953874537.75546,747879494200.7349,546925619662.9794,204711568920.31247,300849417602.5678,42.883497,0.357879,0.364571
2023-10-07,1307087679866.4026,561960418455.5664,199571679216.75085,745127261410.8363,545555582194.08545,203765135783.58893,300849417602.5678,42.993322,0.355135,0.362597
2023-10-08,1304561043329.8218,561282300799.3164,199454141342.55484,743278742530.5054,543824601187.95056,202442792933.44714,300849417602.5678,43.02461,0.355354,0.360679
2023-10-09,1284428745718.6357,554221596918.2129,192892320487.07736,730207148800.4229,537314828313.34546,198477845560.3343,300849417602.5678,43.149268,0.348042,0.35812
2023-10-10,1278310333717.0718,550350636054.1992,191415704365.53616,727959697662.8726,536543993297.3364,197698578585.67136,300849417602.5678,43.052976,0.347807,0.359223
2023-10-11,1266376135108.4478,539948829213.8672,191237653713.09567,726427305894.5807,535189652181.4849,197246083430.839,300849417602.5678,42.637319,0.354177,0.365305
2023-10-12,1257544906800.024,537607635854.24805,187984659648.32538,719937270945.7756,531952611297.4502,195083418281.77737,300849417602.5678,42.750572,0.349669,0.362873
2023-10-13,1263299931342.8997,539728911890.625,189508091197.56757,723571019452.2747,534062928254.70715,196539514893.68323,300849417602.5678,42.723735,0.351117,0.364145
2023-10-14,1264538452145.3826,539715490812.0117,189894821507.20035,724822961333.3708,534928139826.17065,197197520465.35583,300849417602.5678,42.680829,0.351842,0.365373
2023-10-15,1271535654592.153,545701919760.2539,190238283689.9258,725833734831.8992,535595451141.9734,197274410146.67966,300849417602.5678,42.916761,0.348612,0.361506
2023-10-16,1309794515626.6763,573023821682.8613,195423140747.83804,736770693943.815,541347553195.977,200278343624.54523,300849417602.5678,43.749139,0.341038,0.349511
2023-10-17,1300242173533.9075,570939865663.3301,191138120626.12115,729302307870.5774,538164187244.4562,197979742653.44543,300849417602.5678,43.910271,0.334778,0.346761
2023-10-18,1296097596281.2812,569183666510.9863,190931810804.33298,726913929770.2949,535982118965.9619,196408218473.3636,300849417602.5678,43.915186,0.335449,0.34507
2023-10-19,1307982875586.2341,577049124950.9277,191384449366.52664,730933750635.3064,539549301268.7798,196921779642.20956,300849417602.5678,44.117483,0.331661,0.341257
2023-10-20,1336477810283.5151,596400946809.082,195927721928.79572,740076863474.4331,544149141545.6373,200314878913.66577,300849417602.5678,44.62483,0.328517,0.335873
2023-10-21,1351209425290.1624,601131955506.1035,198935937334.1796,750077469784.0588,551141532449.8793,205241133920.55695,300849417602.5678,44.488437,0.330936,0.341424
2023-10-22,1360164911515.106,602648615875.2441,203102614731.94055,757516295639.8618,554413680907.9213,208293618056.98163,300849417602.5678,44.307026,0.337017,0.34563
2023-10-23,1447178374942.6958,664781028400.3906,215550912971.212,782397346542.305,566846433571.093,215920819318.63,300849417602.5678,45.936357,0.324243,0.3248
2023-10-24,1464894482787.4521,681162200463.3789,217877480248.45984,783732282324.0731,565854802075.6133,215605536426.82724,300849417602.5678,46.499062,0.319861,0.316526
2023-10-25,1481926545018.4824,693243604276.3672,218238902504.5313,788682940742.1152,570444038237.584,219327692110.64157,300849417602.5678,46.77989,0.314808,0.316379
2023-10-26,1478314081421.8438,686288189149.4141,220270835151.15433,792025892272.4296,571755057121.2753,220469993447.74786,300849417602.5678,46.423706,0.32096,0.32125
2023-10-27,1468046866514.4573,681328433472.168,217341196929.73715,786718433042.2893,569377236112.5521,218948003121.6878,300849417602.5678,46.410537,0.318996,0.321355
2023-10-28,1473010561740.958,684940508793.457,216922749577.71417,788070052947.501,571147303369.7867,220565214267.94714,300849417602.5678,46.499362,0.316703,0.322021
2023-10-29,1488765572940.6575,693960101508.3008,219233816044.7713,794805471432.3567,575571655387.5854,223367499578.8999,300849417602.5678,46.613121,0.315917,0.321874
2023-10-30,1496655531931.7915,693234421433.1055,221009448756.7412,803421110498.686,582411661741.9448,227300083053.54468,300849417602.5678,46.318903,0.318809,0.327883
2023-10-31,1502449769738.802,696558061292.9688,221787261526.56033,805891708445.8331,584104446919.2728,225655841347.35547,300849417602.5678,46.361487,0.318405,0.323958
2023-11-01,1527486542699.5403,712018594454.5898,225527234409.94672,815467948244.9503,589940713835.0037,228672596183.78137,300849417602.5678,46.613739,0.316743,0.321161
2023-11-02,1509473447635.0078,701992263872.0703,219853460932.14456,807481183762.9375,587627722830.793,226906010630.72556,300849417602.5678,46.505771,0.313185,0.323231
2023-11-03,1510175983938.3782,697854882824.707,223781887896.34943,812321101113.6711,588539213217.3218,228143018077.73047,300849417602.5678,46.21017,0.320671,0.32692
2023-11-04,1525501941987.9148,704884624041.9922,226822565575.38266,820617317945.9225,593794752370.5398,230569563260.65735,300849417602.5678,46.206734,0.321787,0.327103
2023-11-05,1536594121397.6067,704224793586.4258,231274174692.77405,832369327811.1809,601095153118.4069,234720215651.44308,300849417602.5678,45.830241,0.32841,0.333303
2023-11-06,1549162569476.8284,703983999029.7852,231967657093.30566,845178570447.0432,613210913353.7375,241537574846.19733,300849417602.5678,45.442874,0.329507,0.343101
2023-11-07,1550981867563.8882,712145349085.9375,230537498688.461,838836518477.9507,608299019789.4896,239101526236.9621,300849417602.5678,45.915775,0.323723,0.335748
2023-11-08,1560862364748.6787,716399203119.6289,230683787584.63574,844463161629.0499,613779374044.4142,244142074011.55035,300849417602.5678,45.897654,0.322005,0.340791
2023-11-09,1611179875791.0872,737252027421.875,258917723401.8616,873927848369.2122,615010124967.3506,244726171253.61243,300849417602.5678,45.758518,0.351193,0.331944
2023-11-10,1634551196197.4006,749726252863.2812,253756460365.61465,884824943334.1194,631068482968.5048,253979293239.7924,300849417602.5678,45.867407,0.338465,0.338763
2023-11-11,1631561963585.7075,746191643065.918,250633673106.44623,885370320519.7894,634736647413.3431,257619735275.7066,300849417602.5678,45.734803,0.335884,0.345246
2023-11-12,1629986678513.1023,744513301866.6992,249714653917.63992,885473376646.4032,635758722728.7633,259134983332.34406,300849417602.5678,45.676036,0.335407,0.34806
2023-11-13,1609804587207.2603,733419014461.4258,250945209582.02893,876385572745.8344,625440363163.8054,251668727331.92047,300849417602.5678,45.559506,0.342158,0.343145
2023-11-14,1577308566009.593,714035602052.7344,241639730418.17233,863272963956.8585,621633233538.6862,247947297439.18726,300849417602.5678,45.26924,0.338414,0.347248
2023-11-15,1657100621704.0757,761110859390.1367,251573171250.25452,895989762313.9391,644416591063.6846,262635189190.29492,300849417602.5678,45.930274,0.330534,0.345068
2023-11-16,1595868199663.71,726435187460.4493,239421072627.25208,869433012203.2606,630011939576.0085,256743382722.55502,300849417602.5678,45.519748,0.329584,0.353429
2023-11-17,1606900794468.418,735314290521.9727,239469810751.60168,871586503946.4454,632116693194.8438,258048114616.19745,300849417602.5678,45.759781,0.32567,0.350936
2023-11-18,1606453355520.2634,735093666826.1719,239714529792.48737,871359688694.0916,631645158901.6042,257721615414.80377,300849417602.5678,45.758793,0.326101,0.350597
2023-11-19,1638015001342.8438,751184519767.5781,245809627214.97293,886830481575.2656,641020854360.2927,264103027083.00604,300849417602.5678,45.859441,0.327229,0.351582
2023-11-20,1634937694907.3958,753001074530.7617,246912748334.0442,881936620376.6339,635023872042.5897,261181920443.85675,300849417602.5678,46.056867,0.327905,0.346855
2023-11-21,1569802443487.7166,719584550929.6875,236513314395.6041,850217892558.029,613704578162.4249,248683393714.78586,300849417602.5678,45.839179,0.32868,0.345593
2023-11-22,1638518203568.1042,752104609268.0664,252063622846.53833,886413594300.0378,634349971453.4995,262274525927.84314,300849417602.5678,45.901511,0.335144,0.348721
2023-11-23,1635414312571.3994,749237050623.5352,251793223136.46173,886177261947.8644,634384038811.4026,262593205254.34802,300849417602.5678,45.813287,0.336066,0.350481
2023-11-24,1650668100514.4373,757890035980.4688,254105944016.9142,892778064533.9686,638672120517.0544,266472443436.45984,300849417602.5678,45.914138,0.335281,0.351598
2023-11-25,1658216509572.592,759427338125.4883,254504106174.06262,898789171447.1036,644285065273.041,270220314922.97717,300849417602.5678,45.79784,0.335126,0.355821
2023-11-26,1644921805574.8533,753044555686.0352,251924532884.32718,891877249888.8181,639952717004.491,267432355785.00162,300849417602.5678,45.779961,0.334541,0.355135
2023-11-27,1627363751775.694,748524713141.1134,247545002534.32254,878839038634.5809,631294036100.2584,262264577936.91266,300849417602.5678,45.996153,0.330711,0.350375
2023-11-28,1647483391234.9026,760116365313.4766,250221500601.62543,887367025921.4261,637145525319.8007,265421602436.314,300849417602.5678,46.138029,0.329188,0.349185
2023-11-29,1643582448766.6877,760667021965.8203,247851695006.72067,882915426800.8674,635063731794.1467,263112844496.9956,300849417602.5678,46.281038,0.325835,0.345898
2023-11-30,1644987115884.117,757738636795.4102,250614416330.70932,887248479088.7067,636634062757.9973,264827890929.38434,300849417602.5678,46.0635,0.33074,0.349498
2023-12-01,1673594590637.9797,777348873281.25,254837045691.40866,896245717356.7299,641408671665.3212,268770504945.73975,300849417602.5678,46.44786,0.327828,0.345753
2023-12-02,1708649824817.5757,793173266796.3867,264429632650.17242,915476558021.189,651046925371.0166,275391323703.9216,300849417602.5678,46.421055,0.333382,0.347202
2023-12-03,1719727535615.3335,803260816333.9844,267846875684.4634,916466719281.3491,648619843596.8857,273440366847.83978,300849417602.5678,46.708609,0.333449,0.340413
2023-12-04,1770840499486.9429,843479864645.996,273893711930.60522,927360634840.9468,653466922910.3416,278364976264.442,300849417602.5678,47.631611,0.324719,0.33002
2023-12-05,1824787875569.8772,885684918649.4141,280075077323.6521,939102956920.4633,659027879596.8112,284678046678.0925,300849417602.5678,48.536322,0.316224,0.321421
2023-12-06,1813186680844.6924,878969984135.7422,272482929538.49893,934216696708.9503,661733767170.4514,285837349557.44556,300849417602.5678,48.47653,0.310003,0.325196
2023-12-07,1828108744584.5972,869852441092.7733,287857378316.89465,958256303491.8236,670398925174.929,290370159279.65485,300849417602.5678,47.582095,0.330927,0.333815
2023-12-08,1868151926914.8994,887411921069.3359,287998077978.6256,980740005845.5636,692741927866.938,305587427966.03766,300849417602.5678,47.502128,0.324537,0.344358
2023-12-09,1857017821969.598,878558875306.6406,285854435166.25323,978458946662.9573,692604511496.7041,308124459074.22723,300849417602.5678,47.310202,0.325367,0.350716
2023-12-10,1868953983567.3865,879638134090.332,287232606238.4583,989315849477.0544,702083243238.5962,315616053964.59546,300849417602.5678,47.065799,0.326535,0.358802
2023-12-11,1783802213308.0564,828686539608.8866,271618163185.36005,955115673699.1697,683497510513.8096,301739230508.3065,300849417602.5678,46.45619,0.327769,0.364117
2023-12-12,1789527321784.964,832833417442.8711,268865964526.75085,956693904342.093,687827939815.3422,306114622989.04736,300849417602.5678,46.539296,0.322833,0.367558
2023-12-13,1837835652813.332,861776876059.5703,276022241453.0417,976058776753.7617,700036535300.72,316667579485.48206,300849417602.5678,46.890856,0.320294,0.367459
2023-12-14,1854428917953.288,864453792599.1211,282851272428.8065,989975125354.1671,707123852925.3606,320344229412.9627,300849417602.5678,46.615634,0.327202,0.370574
2023-12-15,1805862483059.0059,842468417627.9297,270978188389.2367,963394065431.076,692415877041.8394,310206420508.89874,300849417602.5678,46.651859,0.321648,0.368211
2023-12-16,1830783274092.7969,848704274575.1953,271904808936.88654,982078999517.6016,710174190580.7151,326993216211.6116,300849417602.5678,46.357441,0.320376,0.385285
2023-12-17,1799977482337.0918,831114342092.7733,268187476179.1537,968863140244.3184,700675664065.1647,320279600287.05005,300849417602.5678,46.173597,0.322684,0.385362
2023-12-18,1831659920987.2942,856408130670.8984,270726180986.63635,975251790316.3958,704525609329.7594,321884028369.22986,300849417602.5678,46.755848,0.316118,0.375854
2023-12-19,1814529266412.037,849315286838.3789,265915385306.95105,965213979573.6582,699298594266.7073,316448767326.5293,300849417602.5678,46.80637,0.313094,0.372593
2023-12-20,1858671787833.1926,877077376593.75,268850493525.81052,981594411239.4427,712743917713.6321,322516540414.75085,300849417602.5678,47.188395,0.30653,0.367717
2023-12-21,1890142330177.4717,881435459822.7539,273445201949.5874,1008706870354.7178,735261668405.1304,336074101442.05975,300849417602.5678,46.633285,0.310227,0.38128
2023-12-22,1907133824606.682,884022353104.004,284065641670.2464,1023111471502.6779,739045829832.4315,337256039506.9291,300849417602.5678,46.353452,0.321333,0.381502
2023-12-23,1907886182863.4304,878831299656.7383,281931537817.9914,1029054883206.6921,747123345388.7007,339863866543.1008,300849417602.5678,46.063088,0.320803,0.386723
2023-12-24,1885564616979.9536,864295957575.1953,276638040947.1176,1021268659404.7583,744630618457.6406,335845621630.7077,300849417602.5678,45.837515,0.320073,0.388577
2023-12-25,1917543264057.872,876291576365.2344,277476813633.9367,1041251687692.6377,763774874058.7009,347536614348.286,300849417602.5678,45.69866,0.316649,0.396599
2023-12-26,1880692451851.5693,854335869041.5039,272458992710.45444,1026356582810.0656,753897590099.6111,340362498955.95386,300849417602.5678,45.426665,0.318913,0.398394
2023-12-27,1923288810950.6902,872870143148.9258,290441035473.93036,1050418667801.7644,759977632327.834,345272788405.2241,300849417602.5678,45.384247,0.332743,0.39556
2023-12-28,1894701802845.8115,856494857523.9258,286634751913.10315,1038206945321.8857,751572193408.7826,339741258770.55023,300849417602.5678,45.204731,0.33466,0.396665
2023-12-29,1874605357184.4697,845876979166.5039,280911316224.19,1028728378017.9657,747817061793.7758,335584259019.9007,300849417602.5678,45.122936,0.332095,0.396729
2023-12-30,1875730246882.0823,847032290729.0039,279858185217.98376,1028697956153.0782,748839770935.0945,338865633819.5663,300849417602.5678,45.157468,0.330398,0.400062
2023-12-31,1872554605916.9927,849207996695.3125,278564642607.5698,1023346609221.6803,744781966614.1105,335943042883.53613,300849417602.5678,45.350239,0.328029,0.395596
2024-01-01,1938896087619.784,887426597921.3867,287216151532.2559,1051469489698.3972,764253338166.1414,349461330490.7062,300849417602.5678,45.769683,0.323651,0.393792
2024-01-02,1948796460996.6948,903312367363.2812,287644540269.2762,1045484093633.4136,757839553364.1375,345307592197.3188,300849417602.5678,46.35232,0.318433,0.382268
2024-01-03,1859874114573.6904,860921615862.793,269931138470.10526,998952498710.8975,729021360240.7922,323485455045.75,300849417602.5678,46.289241,0.313537,0.375743
2024-01-04,1905889177096.427,887679557783.2031,277046576723.3937,1018209619313.2238,741163042589.83,330523684178.6759,300849417602.5678,46.575612,0.312102,0.372346
2024-01-05,1890504451550.4868,887333356743.6523,276998852113.5565,1003171094806.8346,726172242693.2781,320351634208.6682,300849417602.5678,46.936327,0.31217,0.361027
2024-01-06,1868830670962.1003,883847408166.9922,273699445045.96524,984983262795.1082,711283817749.1428,310912181592.6185,300849417602.5678,47.294141,0.309668,0.351771
2024-01-07,1852466881382.6987,882921196770.9961,271409021484.78708,969545684611.7026,698136663126.9155,302283841740.2505,300849417602.5678,47.661915,0.307399,0.342368
2024-01-08,1951807205223.1907,943748978423.3398,284860237048.02203,1008058226799.8508,723197989751.8289,320351456711.24475,300849417602.5678,48.352572,0.301839,0.339446
2024-01-09,1924903529503.9373,927056766977.0508,286300321933.23883,997846762526.8865,711546440593.6477,309103655662.32996,300849417602.5678,48.161207,0.308827,0.333425
2024-01-10,1989830618081.3262,936862787807.1289,315271455416.6591,1052967830274.1974,737696374857.5382,330773449496.4429,300849417602.5678,47.08254,0.336518,0.353065
2024-01-11,1993795070463.7488,931655016875.9766,319852064065.0126,1062140053587.7723,742287989522.7599,335874438023.2173,300849417602.5678,46.727722,0.343316,0.360514
2024-01-12,1887487990425.9033,861021920766.1133,308233282740.3213,1026466069659.79,718232786919.4688,320193580521.3086,300849417602.5678,45.617346,0.357985,0.371876
2024-01-13,1902782098155.7031,860805221362.3047,314599227011.639,1041976876793.3984,727377649781.7595,325254584312.43744,300849417602.5678,45.239296,0.365471,0.377849
2024-01-14,1858451199258.03,839786321022.9492,301857411988.6315,1018664878235.0808,716807466246.4493,316268944315.2948,300849417602.5678,45.187429,0.359445,0.376606
2024-01-15,1886770474360.1167,854166418113.2812,306634225122.89874,1032604056246.8354,725969831123.9368,322990124881.22894,300849417602.5678,45.271348,0.358987,0.378135
2024-01-16,1909797192961.605,867085344323.2422,315953699729.8025,1042711848638.3629,726758148908.5604,322314722880.2234,300849417602.5678,45.401959,0.364386,0.371722
2024-01-17,1894878124155.55,858801399385.2539,308710588457.19336,1036076724770.2961,727366136313.1027,321616483407.8899,300849417602.5678,45.32225,0.359467,0.374495
2024-01-18,1841914129683.1797,829052754537.5977,301219762314.03674,1012861375145.582,711641612831.5453,310978039832.9647,300849417602.5678,45.010391,0.36333,0.3751
2024-01-19,1854394680153.9414,836212625277.3438,303964508660.05426,1018182054876.5978,714217546216.5436,314166925217.20874,300849417602.5678,45.093563,0.363501,0.375702
2024-01-20,1857025037791.4507,837160577250.9766,301533594101.8977,1019864460540.4742,718330866438.5765,317889500595.149,300849417602.5678,45.080737,0.360186,0.379723
2024-01-21,1844092128293.9182,834753495028.8086,299619571945.1002,1009338633265.1096,709719061320.0094,310653570441.4326,300849417602.5678,45.266366,0.358932,0.37215
2024-01-22,1764136576886.337,793796836793.9453,282148877062.4152,970339740092.3915,688190863029.9762,296304410895.8648,300849417602.5678,44.996337,0.355442,0.373275
2024-01-23,1759293651344.4094,800591748378.418,273584828478.30515,958701902965.9913,685117074487.6862,294554682429.09534,300849417602.5678,45.506431,0.341728,0.367921
2024-01-24,1772497719906.413,805243604105.957,272714964743.35358,967254115800.456,694539151057.1025,301890035440.70844,300849417602.5678,45.429881,0.338674,0.374905
2024-01-25,1764027718188.0498,802365057443.8477,270779509735.54245,961662660744.202,690883151008.6595,299423713303.4964,300849417602.5678,45.484833,0.337477,0.373176
2024-01-26,1823211983665.2058,840200255342.2852,276822113068.1322,983011728322.9205,706189615254.7883,308669665755.2433,300849417602.5678,46.08352,0.329472,0.367376
2024-01-27,1833080247310.7202,846291933801.7578,276905906870.9131,986788313508.9624,709882406638.0493,311199993690.4367,300849417602.5678,46.167752,0.327199,0.367722
2024-01-28,1830301868777.2717,844594912972.6562,275602229115.37445,985706955804.6156,710104726689.2411,310915129928.28204,300849417602.5678,46.145116,0.326313,0.368123
2024-01-29,1874115710056.0642,869763673607.9102,282910503409.2852,1004352036448.154,721441533038.869,317390894256.28076,300849417602.5678,46.409284,0.325273,0.364916
2024-01-30,1865137980062.4463,863019934791.0156,286259602497.23785,1002118045271.4305,715858442774.1927,313936183061.7017,300849417602.5678,46.271104,0.331695,0.363765
2024-01-31,1839573307597.3777,855585677555.1758,278695684072.182,983987630042.2019,705291945970.0199,307400051478.4862,300849417602.5678,46.510007,0.325737,0.359286
2024-02-01,1856748908374.0322,865494593321.2891,281293977571.14777,991254315052.743,709960337481.5953,311126595314.3922,300849417602.5678,46.613443,0.32501,0.359478
2024-02-02,1867098853309.7798,867706481259.7656,281808425613.9768,999392372050.0142,717583946436.0374,316733758138.25385,300849417602.5678,46.473516,0.324774,0.365024
2024-02-03,1858788749055.4294,863816409093.75,280343271149.2016,994972339961.6794,714629068812.4778,314846009195.1515,300849417602.5678,46.472005,0.32454,0.364483
2024-02-04,1842931944602.156,855605299015.1367,279550583563.44946,987326645587.0192,707776062023.5697,309628356151.17786,300849417602.5678,46.42631,0.326728,0.361882
2024-02-05,1868416838300.6672,857113953828.6133,280691323956.4835,1011302884472.0538,730611560515.5703,332703741456.11755,300849417602.5678,45.873808,0.327484,0.388167
2024-02-06,1977598737545.34,865673384064.4531,289642743749.1093,1111925353480.887,822282609731.7776,423270611050.5146,300849417602.5678,43.773965,0.334587,0.48895
2024-02-07,1905252405381.3691,890458348942.8711,295936102495.784,1014794056438.498,718857953942.7141,315947813804.35956,300849417602.5678,46.737028,0.332341,0.354815
2024-02-08,1928377670320.767,910216060321.7772,295467411652.2679,1018161609998.9896,722694198346.7218,317329812704.5116,300849417602.5678,47.20113,0.324612,0.348631
2024-02-09,1987041890978.568,947299206902.832,303722397928.5757,1039742684075.7361,736020286147.1604,326649055346.6,300849417602.5678,47.673842,0.320619,0.344821
2024-02-10,2005039778048.7505,959838418619.6289,305396694093.9239,1045201359429.1215,739804665335.1975,329299694293.12537,300849417602.5678,47.871291,0.318175,0.343078
2024-02-11,2018012598266.5574,970339510047.3633,306171078799.9508,1047673088219.1941,741502009419.2434,332169523562.0886,300849417602.5678,48.083917,0.31553,0.342323
2024-02-12,2081242876599.7927,1003779343942.8711,324552476090.58984,1077463532656.9216,752911056566.3318,339526378465.39343,300849417602.5678,48.229803,0.32333,0.338248
2024-02-13,2071059885191.691,999443786149.9023,322607362885.65985,1071616099041.7886,749008736156.1287,335959941102.3633,300849417602.5678,48.2576,0.322787,0.336147
2024-02-14,2149735352050.0784,1041321397229.4922,339178235736.7747,1108413954820.5862,769235719083.8115,351228413218.56805,300849417602.5678,48.439516,0.325719,0.337291
2024-02-15,2164325286689.2168,1043568917739.2578,344852963110.5886,1120756368949.959,775903405839.3705,355402952888.1775,300849417602.5678,48.216824,0.330455,0.340565
2024-02-16,2168540363006.6165,1048022361263.6719,342327046471.5133,1120518001742.9448,778190955271.4316,358469284361.1131,300849417602.5678,48.328469,0.326641,0.342044
2024-02-17,2153655563344.2341,1038032291139.1602,340249073437.6988,1115623272205.074,775374198767.3752,358206158121.11005,300849417602.5678,48.198621,0.327783,0.345082
2024-02-18,2187359009781.7097,1047265757767.5781,351521888602.6338,1140093252014.1316,788571363411.4979,369569641034.2588,300849417602.5678,47.878092,0.335657,0.35289
2024-02-19,2206216562060.139,1040365989101.0742,359406614180.1364,1165850572959.065,806443958778.9286,387071789440.42065,300849417602.5678,47.156114,0.345462,0.372053
2024-02-20,2213869853067.0845,1050527315328.125,367944847953.4289,1163342537738.9595,795397689785.5306,377135610765.1939,300849417602.5678,47.452081,0.350248,0.358996
2024-02-21,2194549577166.4348,1041572237973.6328,362676510089.8646,1152977339192.802,790300829102.9374,371687377687.987,300849417602.5678,47.461778,0.348201,0.356852
2024-02-22,2187377825902.8977,1030838749974.1211,362756100788.3438,1156539075928.7766,793782975140.4329,377288068819.28955,300849417602.5678,47.126689,0.351904,0.366001
2024-02-23,2164423754097.6636,1019325348184.082,356730637774.7149,1145098405913.5815,788367768138.8666,374243216558.659,300849417602.5678,47.094537,0.349967,0.367148
2024-02-24,2201112745138.9526,1036185911756.8359,365366407415.20734,1164926833382.1167,799560425966.9095,381506949159.1787,300849417602.5678,47.075549,0.352607,0.368184
2024-02-25,2222948924035.5615,1039443623511.2305,380056256949.6807,1183505300524.331,803449043574.6505,385046607141.7544,300849417602.5678,46.759672,0.365634,0.370435
2024-02-26,2301269566436.399,1095484553791.5039,388150958886.7666,1205785012644.8953,817634053758.1287,392894480996.5238,300849417602.5678,47.603487,0.354319,0.358649
2024-02-27,2362014754430.2065,1146980683029.7852,396151553020.44476,1215034071400.4214,818882518379.9766,393436887851.213,300849417602.5678,48.559421,0.345386,0.34302
2024-02-28,2509991767640.1616,1255869661139.6484,413390004033.5225,1254122106500.5132,840732102466.9906,407562886912.0968,300849417602.5678,50.034812,0.329166,0.324526
2024-02-29,2481973743389.031,1229620856862.3047,408044013072.7529,1252352886526.726,844308873453.973,408268490233.894,300849417602.5678,49.542057,0.331845,0.332028
2024-03-01,2548550934733.758,1254580609706.0547,419415586284.1529,1293970325027.703,874554738743.55,433820158414.18353,300849417602.5678,49.227213,0.334307,0.345789
2024-03-02,2565483637717.902,1246326960302.246,417827796563.36896,1319156677415.6558,901328880852.2869,457600175914.34985,300849417602.5678,48.580585,0.335247,0.367159
2024-03-03,2592701970589.021,1269182507779.7852,426245750011.43164,1323519462809.2356,897273712797.8042,453856738401.6349,300849417602.5678,48.952117,0.335843,0.357598
2024-03-04,2738148143751.1816,1372920303249.0234,443271213930.63916,1365227840502.1584,921956626571.5193,474859143622.15814,300849417602.5678,50.140468,0.322867,0.345875
2024-03-05,2595361860967.9883,1281917620152.832,434056518838.7744,1313444240815.156,879387721976.3817,444002364807.69653,300849417602.5678,49.392635,0.338599,0.346358
2024-03-06,2710099911501.5195,1328242709833.0078,466322528383.7303,1381857201668.5117,915534673284.7816,471187688217.3421,300849417602.5678,49.010839,0.351082,0.354745
2024-03-07,2753084056343.904,1344691929119.1406,473052771503.7798,1408392127224.7634,935339355720.9836,476036232494.68304,300849417602.5678,48.843112,0.351793,0.354011
2024-03-08,2793375783478.267,1372311096160.1562,475215551854.88763,1421064687318.1108,945849135463.223,484545531102.61255,300849417602.5678,49.127336,0.346289,0.353087
2024-03-09,2827277302894.2705,1376305240549.8047,478067522074.4743,1450972062344.4658,972904540269.9913,511876215716.7237,300849417602.5678,48.679528,0.347356,0.371921
2024-03-10,2819711316347.846,1386771484264.6484,473888593074.81256,1432939832083.1978,959051239008.3851,493838256969.28107,300849417602.5678,49.181328,0.341721,0.356106
2024-03-11,2936176923572.299,1449140570839.8438,496507613779.0854,1487036352732.455,990528738953.3698,516788905773.9554,300849417602.5678,49.354675,0.342622,0.356618
2024-03-12,2912937788400.5737,1436228865327.1484,485986140769.64386,1476708923073.4253,990722782303.7815,515745654321.3322,300849417602.5678,49.305168,0.338377,0.359097
2024-03-13,2969614482689.5396,1468421088312.5,489183153062.22546,1501193394377.0396,1012010241314.8142,516911523521.13043,300849417602.5678,49.448206,0.333135,0.352019
2024-03-14,2927577898926.488,1434527135347.6562,474126351655.7376,1493050763578.8315,1018924411923.094,521557180390.1727,300849417602.5678,49.000477,0.330511,0.363574
2024-03-15,2853236737637.35,1394486642321.289,456065493234.29205,1458750095316.061,1002684602081.7689,500243124544.11365,300849417602.5678,48.87385,0.327049,0.358729
2024-03-16,2693468082440.7705,1312335827700.1953,430136602415.54926,1381132254740.5754,950995652325.0261,458738733715.3541,300849417602.5678,48.722903,0.327764,0.349559
2024-03-17,2812267608176.7417,1374130083984.375,444733864418.38354,1438137524192.3665,993403659773.9828,488882571855.97144,300849417602.5678,48.861996,0.323648,0.355776
2024-03-18,2759759301294.7314,1357211676347.6562,429541371304.2264,1402547624947.075,973006253642.8486,472731530487.61816,300849417602.5678,49.178625,0.316488,0.348311
2024-03-19,2583037251184.803,1243974661196.289,385541039780.15784,1339062589988.5144,953521550208.3564,479984426293.74225,300849417602.5678,48.159378,0.309927,0.385847
2024-03-20,2762261745635.945,1364546962939.4531,428980689114.07855,1397714782696.4915,968734093582.4128,473308944591.8598,300849417602.5678,49.399626,0.314376,0.346862
2024-03-21,2699321059458.3545,1315877579708.9844,426489649297.93225,1383443479749.3699,956953830451.4377,467402033999.9768,300849417602.5678,48.748465,0.32411,0.355202
2024-03-22,2631397115071.406,1281466797488.7695,407038934578.1379,1349930317582.6362,942891383004.4983,458649345675.4671,300849417602.5678,48.699103,0.317635,0.35791
2024-03-23,2647136903016.062,1287161808513.6719,407393754085.25305,1359975094502.3901,952581340417.1368,468661764542.41943,300849417602.5678,48.624678,0.316505,0.364105
2024-03-24,2753792921391.022,1350894194126.9531,421806586256.0684,1402898727264.069,981092141008.0006,487587640750.6737,300849417602.5678,49.055765,0.312243,0.360937
2024-03-25,2843878656945.1387,1405638695304.6875,438442204798.9798,1438239961640.4514,999797756841.4716,499919378711.8504,300849417602.5678,49.426817,0.311917,0.355653
2024-03-26,12289452807142.781,1406221845094.7266,438029644773.90424,10883230962048.055,10445201317274.15,9945843856562.746,300849417602.5678,11.44251,0.311494,7.072742
2024-03-27,3217694129957.331,1395522812378.9062,427359483223.6335,1822171317578.4248,1394811834354.7913,900170245671.3754,300849417602.5678,43.370276,0.306236,0.645042
2024-03-28,2869825442266.3037,1421434127544.9219,434829323654.5319,1448391314721.382,1013561991066.8501,514959178184.36786,300849417602.5678,49.530334,0.305909,0.362281
2024-03-29,2850802728990.9585,1404312912498.0469,428786928986.69476,1446489816492.9116,1017702887506.2167,513304218422.68414,300849417602.5678,49.260263,0.305336,0.36552
2024-03-30,2925340767300.2007,1399339578770.5078,428315406264.3938,1526001188529.6926,1097685782265.2988,593892795443.7881,300849417602.5678,47.835096,0.306084,0.424409
2024-03-31,2907920424724.515,1433262414524.414,445398491464.5602,1474658010200.101,1029259518735.5409,519180686086.95355,300849417602.5678,49.288227,0.310759,0.362237
2024-04-01,2822250525638.9497,1400481704711.914,427959573242.7662,1421768820927.036,993809247684.2697,495240299467.42566,300849417602.5678,49.62287,0.30558,0.353621
2024-04-02,2675518953140.319,1314985117224.121,400146052188.08746,1360533835916.1978,960387783728.1105,473965512352.46606,300849417602.5678,49.148787,0.304297,0.360434
2024-04-03,2694653319697.0205,1325711227554.6875,404322715684.7214,1368942092142.333,964619376457.6117,474908605010.11005,300849417602.5678,49.19784,0.304986,0.358229
2024-04-04,2758003519786.5,1376505379441.4062,406593584377.6589,1381498140345.0938,974904555967.4349,481461681394.0035,300849417602.5678,49.909486,0.295381,0.349771
2024-04-05,2731038600259.525,1363019314552.7344,405231540109.9022,1368019285706.7903,962787745596.8882,476276341468.41187,300849417602.5678,49.90846,0.297304,0.349427
2024-04-06,2771463755534.8447,1384286465603.5156,409541450955.6753,1387177289931.329,977635838975.6539,487065817028.40405,300849417602.5678,49.947847,0.29585,0.351853
2024-04-07,2803094157003.4253,1393658459739.2578,421667168392.1032,1409435697264.1675,987768528872.0643,496830245778.115,300849417602.5678,49.718575,0.302561,0.356494
2024-04-08,2895878777205.046,1439244134322.2656,451190399001.56573,1456634642882.7805,1005444243881.2147,511916632122.85364,300849417602.5678,49.699737,0.313491,0.355684
2024-04-09,2790699977277.865,1389167029068.3594,427975849093.4664,1401532948209.5059,973557099116.0396,486065230666.24286,300849417602.5678,49.778444,0.308081,0.349897
2024-04-10,2833436711539.4355,1418278211924.8047,432685651032.9092,1415158499614.6309,982472848581.7217,490435124474.28625,300849417602.5678,50.055052,0.305078,0.345796
2024-04-11,2809196198363.8223,1407684036291.0156,427986163094.09326,1401512162072.8066,973525998978.7135,483128239826.3086,300849417602.5678,50.109851,0.304036,0.343208
2024-04-12,2649984254263.4956,1350124561981.4453,395970312778.215,1299859692282.05,903889379503.835,430158913617.4004,300849417602.5678,50.948399,0.293284,0.318607
2024-04-13,2492137871713.9917,1282324961661.621,366894399779.75555,1209812910052.3706,842918510272.6151,387943744863.39264,300849417602.5678,51.454816,0.286117,0.302532
2024-04-14,2585575293672.676,1320847146116.211,385458468156.64197,1264728147556.465,879269679399.8231,413830206517.4145,300849417602.5678,51.085232,0.291827,0.313307
2024-04-15,2507448410558.0464,1274383214985.3516,378701337092.76166,1233065195572.6946,854363858479.933,398872775306.88745,300849417602.5678,50.823906,0.297164,0.312993
2024-04-16,2509289245301.968,1282131886495.6055,376664709489.2059,1227157358806.3623,850492649317.1565,398350199043.56995,300849417602.5678,51.09542,0.29378,0.310694
2024-04-17,2430365466999.755,1231194262493.6523,364431321040.45337,1199171204506.1025,834739883465.6492,385968839112.9958,300849417602.5678,50.658812,0.295998,0.313491
2024-04-18,2505080188983.8657,1276122068767.0898,374357950458.8268,1228958120216.776,854600169757.9493,396965052314.97095,300849417602.5678,50.941366,0.293356,0.311071
2024-04-19,2514272918377.8613,1282768956057.6172,373533903541.6888,1231503962320.2444,857970058778.5557,399507926412.0568,300849417602.5678,51.019479,0.291193,0.311442
2024-04-20,2586025593400.3345,1305892689649.9023,385542142722.4214,1280132903750.4324,894590761028.011,427280686176.9355,300849417602.5678,50.498057,0.295233,0.327194
2024-04-21,2579088268382.0127,1304530489413.5742,384279810397.1414,1274557778968.4387,890277968571.2974,423577544712.6462,300849417602.5678,50.581072,0.294573,0.324697
2024-04-22,2644220183450.31,1342927724411.1328,390917525604.0526,1301292459039.177,910374933435.1245,433120082892.27637,300849417602.5678,50.787288,0.291093,0.322519
2024-04-23,2632224529976.4614,1334279840633.789,393146989248.2308,1297944689342.6724,904797700094.4417,429394086486.36395,300849417602.5678,50.690199,0.294651,0.321817
2024-04-24,2556426438746.1533,1291475547243.164,383366097254.9004,1264950891502.9893,881584794248.0887,411249039246.18536,300849417602.5678,50.518784,0.296843,0.318433
2024-04-25,2561821075910.934,1295590638312.0117,385405675974.2425,1266230437598.922,880824761624.6797,411109444590.2876,300849417602.5678,50.573034,0.297475,0.317314
2024-04-26,2530883003228.9707,1280995803963.8672,382189019385.66925,1249887199265.1035,867698179879.4342,403258841937.1383,300849417602.5678,50.61458,0.298353,0.314801
2024-04-27,2541260589629.682,1274241155615.2344,397085476834.43445,1267019434014.4475,869933957180.0132,405021105298.28125,300849417602.5678,50.142089,0.311625,0.317853
2024-04-28,2532047976864.1196,1268094694039.5508,398380509907.3667,1263953282824.5688,865572772917.2021,402429775092.4988,300849417602.5678,50.08178,0.314157,0.31735
2024-04-29,2540100911289.3633,1282719745436.0352,392599661602.24725,1257381165853.3281,864781504251.0808,402551322580.7758,300849417602.5678,50.498771,0.306068,0.313826
2024-04-30,2421571959150.844,1218338438898.9258,367796278649.6011,1203233520251.9187,835437241602.3176,382421871690.36487,300849417602.5678,50.311883,0.301884,0.313888
2024-05-01,2374307419523.905,1170461448707.5195,362606816062.5072,1203845970816.3857,841239154753.8785,384825184656.3308,300849417602.5678,49.296963,0.309798,0.328781
2024-05-02,2400054099300.8164,1187930199053.2227,364851452615.1221,1212123900247.5938,847272447632.4717,388822849392.751,300849417602.5678,49.495976,0.307132,0.327311
2024-05-03,2514362086109.2695,1263606167344.7266,378938410060.9283,1250755918764.5432,871817508703.6149,405432345547.8524,300849417602.5678,50.255537,0.299886,0.320853
2024-05-04,2541499513620.862,1283731427911.621,380651994818.2598,1257768085709.2407,877116090890.981,409631406507.32007,300849417602.5678,50.510788,0.29652,0.319094
2024-05-05,2554204738291.2334,1286537532143.5544,383053994403.56067,1267667206147.679,884613211744.1182,416692983555.50964,300849417602.5678,50.369397,0.29774,0.323887
2024-05-06,2529677447100.086,1269073569434.082,373955167867.87146,1260603877666.004,886648709798.1323,414603518828.8583,300849417602.5678,50.167407,0.294668,0.326698
2024-05-07,2493031804058.5176,1252454506790.5273,367099129711.27435,1240577297267.9905,873478167556.7161,406460072258.03876,300849417602.5678,50.238208,0.293104,0.324531
2024-05-08,2455081323507.371,1229411064212.4023,363079650391.8243,1225670259294.9688,862590608903.1445,397823329065.217,300849417602.5678,50.076185,0.295328,0.323589
2024-05-09,2519033510279.6953,1266823458891.6016,370694125305.50214,1252210051388.0938,881515926082.5917,408943806625.2068,300849417602.5678,50.29006,0.292617,0.32281
2024-05-10,2439164159309.7554,1221471279682.129,355281699542.1392,1217692879627.6265,862411180085.4873,396203881171.9287,300849417602.5678,50.077453,0.290864,0.324366
2024-05-11,2439158564388.893,1221490037797.8516,355502794752.10925,1217668526591.0415,862165731838.9321,395501470726.49036,300849417602.5678,50.078337,0.29104,0.323786
2024-05-12,2452846689707.1143,1234644186069.8242,357590664457.0454,1218202503637.2905,860611839180.2451,395007399144.77167,300849417602.5678,50.335155,0.289631,0.319936
2024-05-13,2485349412259.2476,1263839505746.582,360112944367.5761,1221509906512.6655,861396962145.0895,393777689406.8221,300849417602.5678,50.851582,0.284936,0.311573
2024-05-14,2429780842627.712,1236741720139.6484,351785611040.62823,1193039122488.0635,841253511447.4354,380385567424.26373,300849417602.5678,50.899312,0.284445,0.307571
2024-05-15,2579502757070.578,1331471303340.8203,370820635764.05853,1248031453729.7578,877210817965.6993,403470016239.5694,300849417602.5678,51.617363,0.278504,0.303026
2024-05-16,2542384793553.462,1310657408015.1367,359596648151.2243,1231727385538.325,872130737387.1006,399890962372.9057,300849417602.5678,51.552283,0.274364,0.305107
2024-05-17,2616347301026.758,1347231416953.125,377787832615.2732,1269115884073.633,891328051458.3599,410916215642.7643,300849417602.5678,51.492836,0.280418,0.305008
2024-05-18,2619788758295.4253,1344999750583.0078,381307977181.83014,1274789007712.4172,893481030530.5872,411673403933.7998,300849417602.5678,51.340008,0.2835,0.306077
2024-05-19,2586531858920.7363,1331689807918.9453,375068006802.56226,1254842051001.7908,879774044199.2285,401107501971.59424,300849417602.5678,51.485537,0.281648,0.301202
2024-05-20,2808161522907.489,1435563933291.992,447351951259.59283,1372597589615.4966,925245638355.9039,431373254441.2584,300849417602.5678,51.121131,0.311621,0.30049
2024-05-21,2795469945480.9346,1409209487074.2188,462670120173.2962,1386260458406.716,923590338233.4199,432395555961.0145,300849417602.5678,50.410468,0.328319,0.306836
2024-05-22,2758479935753.7563,1388831894532.2266,456309392520.79266,1369648041221.5298,913338648700.7372,424376593753.4324,300849417602.5678,50.347725,0.328556,0.305564
2024-05-23,2730379182770.301,1364866243335.9375,461157867092.9415,1365512939434.363,904355072341.4215,418379331289.49146,300849417602.5678,49.988157,0.337878,0.306535
2024-05-24,2732181248349.7676,1376852129881.836,455053826895.34595,1355329118467.9316,900275291572.5857,418373182739.9215,300849417602.5678,50.39388,0.330503,0.303862
2024-05-25,2758743437556.5996,1391717347948.2422,457776872107.0965,1367026089608.3577,909249217501.2611,426499159385.7274,300849417602.5678,50.447509,0.328929,0.306455
2024-05-26,2742205340417.2227,1376691233910.1562,467137066150.0012,1365514106507.0667,898377040357.0654,419864075622.7687,300849417602.5678,50.203798,0.339319,0.304981
2024-05-27,2782494127342.758,1394301415739.2578,475208934201.3062,1388192711603.4998,912983777402.1936,429770726777.20337,300849417602.5678,50.10977,0.340822,0.308234
2024-05-28,2746218913168.163,1372233238207.0312,468890267401.0702,1373985674961.1323,905095407560.0623,423466702057.43146,300849417602.5678,49.968094,0.341699,0.308597
2024-05-29,2716667942013.6636,1357804401410.1562,459481365043.06616,1358863540603.5076,899382175560.4413,419155347614.0548,300849417602.5678,49.980507,0.3384,0.308701
2024-05-30,2725149145198.3867,1373615059903.3203,457485427066.261,1351534085295.0664,894048658228.8053,414731969185.77106,300849417602.5678,50.405133,0.333052,0.301927
2024-05-31,2706884400008.3457,1356062800624.0234,459094321736.30457,1350821599384.3225,891727277648.018,413455572879.1437,300849417602.5678,50.096812,0.338549,0.304894
2024-06-01,2721032966883.126,1360393178351.5625,465586597610.67645,1360639788531.5635,895053190920.887,415444726207.80615,300849417602.5678,49.995468,0.342244,0.305386
2024-06-02,2712394031874.3057,1361290585444.336,461642446266.9032,1351103446429.97,889461000163.0668,411358028201.0489,300849417602.5678,50.187789,0.339121,0.302182
2024-06-03,2740016249318.0127,1382451466667.9688,459871180610.11194,1357564782650.044,897693602039.9319,415209371362.579,300849417602.5678,50.454134,0.332649,0.300343
2024-06-04,2800166395137.1514,1417874009849.6094,465503191328.1503,1382292385287.5422,916789193959.3918,421810674296.78656,300849417602.5678,50.635348,0.328311,0.297495
2024-06-05,2824931209049.705,1428222681776.3672,471821202324.8783,1396708527273.338,924887324948.4596,427235772016.2636,300849417602.5678,50.557786,0.330355,0.299138
2024-06-06,2804587192417.0176,1421679474280.2734,465392092252.0335,1382907718136.7437,917515625884.7101,420607978265.5214,300849417602.5678,50.69122,0.327354,0.295853
2024-06-07,2730785360177.884,1393257240125.9766,449155798427.03485,1337528120051.9072,888372321624.8724,401141050191.8328,300849417602.5678,51.020386,0.322378,0.287916
2024-06-08,2716817867492.003,1392517589571.289,449439165161.021,1324300277920.7139,874861112759.6929,390596307496.16614,300849417602.5678,51.255463,0.322753,0.280496
2024-06-09,2732352071495.0205,1399393577028.3203,452485998450.255,1332958494466.7,880472496016.4451,394475181111.7373,300849417602.5678,51.215712,0.323344,0.28189
2024-06-10,2709182016916.98,1396666821980.4688,447701405101.642,1312515194936.5112,864813789834.8693,387244997402.626,300849417602.5678,51.553082,0.32055,0.277264
2024-06-11,2622158312537.8633,1352860421386.7188,427141577603.4527,1269297891151.1443,842156313547.6917,374224433394.4657,300849417602.5678,51.593392,0.315732,0.276617
2024-06-12,2668389797032.5566,1371127529695.3125,434624653341.514,1297262267337.2441,862637613995.7301,388396558139.6409,300849417602.5678,51.384079,0.316983,0.283268
2024-06-13,2602950770989.2773,1341294591055.664,423594694139.3168,1261656179933.613,838061485794.2965,371954432235.3982,300849417602.5678,51.529772,0.31581,0.27731
2024-06-14,2577369955024.0635,1326319649785.1562,424936646972.3263,1251050305238.907,826113658266.5807,362217583633.3843,300849417602.5678,51.460197,0.320388,0.2731
2024-06-15,2597026826534.7817,1329934393625.0,435348928697.67444,1267092432909.7817,831743504212.1072,364945646846.0567,300849417602.5678,51.209883,0.327346,0.274409
2024-06-16,2619641220085.877,1338936719455.0781,442066055747.56256,1280704500630.7986,838638444883.2362,368104946737.4553,300849417602.5678,51.111454,0.330162,0.274923
2024-06-17,2580333228038.7646,1335947978673.8281,428734762798.553,1244385249364.9363,815650486566.3833,349473494266.61084,300849417602.5678,51.774242,0.320922,0.261592
2024-06-18,2529126999121.7163,1308832298295.4102,425352933153.6977,1220294700826.3062,794941767672.6084,335344886582.6149,300849417602.5678,51.750359,0.324987,0.256217
2024-06-19,2539852681908.239,1305206644923.8281,434591654501.358,1234646036984.411,800054382483.053,340055428754.5177,300849417602.5678,51.389069,0.332968,0.260538
2024-06-20,2530415831021.442,1302561672121.0938,428699110935.1144,1227854158900.3481,799155047965.2338,342164922969.9218,300849417602.5678,51.47619,0.32912,0.262686
2024-06-21,2514404186458.036,1287844870777.832,429308233157.10815,1226559315680.2043,797251082523.0961,339600315896.6725,300849417602.5678,51.218689,0.333354,0.263697
2024-06-22,2512849846043.0967,1290986894404.2969,426712145542.66956,1221862951638.8,795150806096.1304,337414521657.1078,300849417602.5678,51.375409,0.330532,0.261362
2024-06-23,2471288390035.005,1269452263611.328,417408022699.70465,1201836126423.677,784428103723.9724,331983823384.4723,300849417602.5678,51.368034,0.32881,0.261517
2024-06-24,2407122772111.9014,1211116407374.0234,409061909545.02563,1196006364737.8777,786944455192.852,333982024879.4006,300849417602.5678,50.313861,0.337756,0.275764
2024-06-25,2454456221788.3438,1241802016177.7344,414528598160.5302,1212654205610.6094,798125607450.079,340849265880.44806,300849417602.5678,50.593773,0.333812,0.27448
2024-06-26,2426192512571.4453,1221842988619.629,411408762017.14813,1204349523951.8164,792940761934.6681,336722315427.23175,300849417602.5678,50.360513,0.336712,0.275586
2024-06-27,2467720716542.144,1237786759097.168,420605631177.2935,1229933957444.976,809328326267.6826,344167692518.50256,300849417602.5678,50.15911,0.339805,0.278051
2024-06-28,2417092009596.0005,1211974807004.3945,411916532787.895,1205117202591.6055,793200669803.7104,335815020132.5133,300849417602.5678,50.141857,0.339872,0.277081
2024-06-29,2426454838175.4214,1223372049751.4648,411834944869.64124,1203082788423.9565,791247843554.3152,333039217418.2057,300849417602.5678,50.418084,0.336639,0.272231
2024-06-30,2482798395606.5024,1259355766687.9883,419151267661.15106,1223442628918.514,804291361257.3628,340432752023.4226,300849417602.5678,50.723239,0.33283,0.270323
2024-07-01,2484172530744.593,1262845561070.8008,420061195028.5955,1221326969673.792,801265774645.1967,337652170907.90607,300849417602.5678,50.835662,0.332631,0.267374
2024-07-02,2471330140025.97,1246310242818.3594,417132436180.0642,1225019897207.6108,807887461027.5466,339170072123.6367,300849417602.5678,50.430747,0.334694,0.272139
2024-07-03,2393210223805.2314,1209037003533.2031,402060819576.1441,1184173220272.0283,782112400695.8842,325166152916.99567,300849417602.5678,50.519465,0.332546,0.268946
2024-07-04,2263131120571.4604,1144817377826.1719,372953129916.79376,1118313742745.2886,745360612828.4949,304099634017.99927,300849417602.5678,50.585552,0.325775,0.265632
2024-07-05,2245095145915.677,1138481686890.625,364049285687.75336,1106613459025.052,742564173337.2986,299962703878.70105,300849417602.5678,50.70973,0.319767,0.263476
2024-07-06,2316125887104.8027,1171456570670.8984,374767022801.6093,1144669316433.9043,769902293632.295,316331174665.7837,300849417602.5678,50.578277,0.319915,0.270032
2024-07-07,2218259205217.6357,1122141248978.5156,357674339022.8249,1096117956239.1202,738443617216.2953,298914921798.9749,300849417602.5678,50.58657,0.318743,0.266379
2024-07-08,2261023817190.56,1139340086520.996,368583213050.0324,1121683730669.5642,753100517619.5316,305476121870.6414,300849417602.5678,50.39045,0.323506,0.268117
2024-07-09,2300475239779.3535,1165543133553.711,374114408883.33057,1134932106225.6426,760817697342.3119,310619344456.0308,300849417602.5678,50.66532,0.320979,0.266502
2024-07-10,2302989058986.883,1160183884951.66,378776843923.9406,1142805174035.2227,764028330111.2819,312048719409.0854,300849417602.5678,50.377308,0.32648,0.268965
2024-07-11,2289421581398.4507,1152195517686.5234,378546328990.8547,1137226063711.9272,758679734721.0725,309275897917.95197,300849417602.5678,50.326927,0.328543,0.268423
2024-07-12,2315816101693.3003,1163337759939.9414,382676668912.41864,1152478341753.3591,769801672840.9404,315215014318.0978,300849417602.5678,50.234462,0.328947,0.270957
2024-07-13,2359796263513.409,1190110614169.9219,387931801278.07043,1169685649343.4873,781753848065.417,322436131107.67334,300849417602.5678,50.43277,0.325963,0.27093
2024-07-14,2408967847766.091,1221371131750.4883,396097806942.0335,1187596716015.6023,791498909073.5688,327514194373.8188,300849417602.5678,50.701014,0.324306,0.268153
2024-07-15,2552410706485.4976,1303395427197.754,426069815815.7672,1249015279287.7437,822945463471.9763,345311897695.4036,300849417602.5678,51.06527,0.326892,0.264933
2024-07-16,2555100725134.1865,1307956317836.914,420448476809.3601,1247144407297.273,826695930487.9125,347638222313.7493,300849417602.5678,51.19001,0.321455,0.265787
2024-07-17,2524284335786.172,1288298832875.4883,413762232142.8519,1235985502910.6833,822223270767.8314,344169684544.98083,300849417602.5678,51.036201,0.321169,0.267151
2024-07-18,2519045310730.1616,1285390932509.2773,418341678230.44104,1233654378220.884,815312699990.4431,338319045707.2781,300849417602.5678,51.026908,0.325459,0.263203
2024-07-19,2603335128712.194,1340365475683.5938,428045632548.5749,1262969653028.6,834924020480.0251,348811454920.3589,300849417602.5678,51.486474,0.31935,0.260236
2024-07-20,2620471076178.6504,1349477210774.414,429701357550.94464,1270993865404.2366,841292507853.2921,351112239284.2947,300849417602.5678,51.497505,0.318421,0.260184
2024-07-21,2655422386231.606,1369386242852.539,431814893020.4466,1286036143379.067,854221250358.6204,356495637247.7986,300849417602.5678,51.569432,0.315335,0.260332
2024-07-22,2615902487130.886,1357948187468.75,420070763797.96326,1257954299662.136,837883535864.1727,344856121324.52295,300849417602.5678,51.911269,0.309342,0.253954
2024-07-23,2574513152773.6934,1324643506189.4531,425147130089.1658,1249869646584.24,824722516495.0743,336617800182.45044,300849417602.5678,51.452194,0.320952,0.25412
2024-07-24,2543910745659.6104,1313481407018.5547,407362663037.1206,1230429338641.055,823066675603.9343,331482538693.0657,300849417602.5678,51.63237,0.31014,0.252369
2024-07-25,2521143123471.1577,1321620702553.711,387593406667.9073,1199522420917.4468,811929014249.5394,325522962690.6655,300849417602.5678,52.421487,0.293271,0.246306
2024-07-26,2597521146257.754,1364514626773.4375,399989374768.1599,1233006519484.3162,833017144716.1562,338152544224.17084,300849417602.5678,52.531416,0.293137,0.247819
2024-07-27,2591062334357.991,1362530975657.2266,396528669846.8343,1228531358700.7644,832002688853.9303,337014759951.3535,300849417602.5678,52.585805,0.291024,0.247345
2024-07-28,2600903702029.918,1371422479481.4453,399441540364.92017,1229481222548.473,830039682183.5526,333780608814.18646,300849417602.5678,52.728691,0.291261,0.243383
2024-07-29,2574156012330.3193,1342570770811.5234,405433497781.13684,1231585241518.7961,826151743737.6592,332465664204.57043,300849417602.5678,52.155765,0.301983,0.247634
2024-07-30,2551600604283.0034,1330135631318.3594,400321032487.7402,1221464972964.644,821143940476.9039,326711961886.7574,300849417602.5678,52.129461,0.300963,0.245623
2024-07-31,2501855870900.574,1298354203218.75,394536964783.5811,1203501667681.8245,808964702898.2433,320937842454.3165,300849417602.5678,51.895643,0.303875,0.247188
2024-08-01,2507788049782.323,1313187399062.5,390906824083.17096,1194600650719.8232,803693826636.6523,320086959773.921,300849417602.5678,52.364369,0.297678,0.243748
2024-08-02,2368811459764.882,1233974544884.2773,364588296552.8846,1134836914880.6045,770248618327.72,302479084068.4128,300849417602.5678,52.092561,0.295459,0.245126
2024-08-03,2328021922841.8506,1219207198660.1562,354499594240.2673,1108814724181.6946,754315129941.4271,294154312584.7772,300849417602.5678,52.37095,0.290762,0.241267
2024-08-04,2228139465462.783,1167708086959.961,328005788317.8245,1060431378502.8225,732425590184.998,281453614805.02795,300849417602.5678,52.407316,0.280897,0.241031
2024-08-05,2085830941808.6616,1084816601468.2617,295137721343.2118,1001014340340.4,705876618997.1882,266634174543.2698,300849417602.5678,52.008846,0.272062,0.245787
2024-08-06,2152502224106.3445,1125862498103.0273,300206963223.57666,1026639726003.3171,726432762779.7404,274965370186.3917,300849417602.5678,52.304824,0.266646,0.244226
2024-08-07,2116818308061.6304,1105632380454.1016,285294498207.36456,1011185927607.5288,725891429400.1643,269319765224.24872,300849417602.5678,52.230859,0.258037,0.243589
2024-08-08,2334188002090.868,1239903208254.3945,327633858300.99884,1094284793836.4738,766650935535.475,292238569735.6153,300849417602.5678,53.119252,0.264241,0.235695
2024-08-09,2296430507155.02,1223226066089.3555,317407586297.9391,1073204441065.6647,755796854767.7256,288384591011.2617,300849417602.5678,53.266409,0.259484,0.235757
2024-08-10,2301322912832.7725,1224546119429.6875,318680381670.0978,1076776793403.0852,758096411732.9873,289898628027.27966,300849417602.5678,53.21053,0.260244,0.23674
2024-08-11,2225176788419.159,1179813899869.1406,311748747254.5706,1045362888550.0186,733614141295.4479,277521989771.98206,300849417602.5678,53.021131,0.264236,0.235225
2024-08-12,2275695555519.5947,1192573185880.8594,332649562767.7051,1083122369638.7351,750472806871.03,288577747887.08716,300849417602.5678,52.404777,0.278934,0.241979
2024-08-13,2300048360386.91,1217790136821.7773,330114792781.2708,1082258223565.1326,752143430783.8618,288681293231.6946,300849417602.5678,52.946284,0.271077,0.237053
2024-08-14,2250814792304.113,1180171245897.9492,325138406715.7983,1070643546406.1637,745505139690.3654,284002592799.9314,300849417602.5678,52.433068,0.275501,0.240645
2024-08-15,2208298608059.0557,1156519067145.996,313804333541.3597,1051779540913.0596,737975207371.7,278258814480.12836,300849417602.5678,52.371498,0.271335,0.2406
2024-08-16,2236969036258.3438,1183322452367.676,316624676146.30725,1053646583890.6681,737021907744.3608,278705548036.048,300849417602.5678,52.898473,0.267573,0.235528
2024-08-17,2258257414032.7036,1195073823224.121,319232747079.39325,1063183590808.5825,743950843729.1892,281016868516.0966,300849417602.5678,52.920177,0.267124,0.235146
2024-08-18,2234919959581.9688,1175081753127.4414,319087486602.35626,1059838206454.5273,740750719852.1711,278902525514.98376,300849417602.5678,52.578248,0.271545,0.237347
2024-08-19,2268827068745.8975,1195364770232.4219,322011654826.3311,1073462298513.4753,751450643687.1443,281881022701.8154,300849417602.5678,52.686465,0.269384,0.235812
2024-08-20,2256295434592.47,1185707166125.4883,314172984540.6451,1070588268466.9818,756415283926.3368,284790335269.56696,300849417602.5678,52.55106,0.264967,0.240186
2024-08-21,2313694735631.6016,1229154886431.1523,321289943065.70215,1084539849200.4491,763249906134.747,292171041244.4681,300849417602.5678,53.125197,0.261391,0.237701
2024-08-22,2302408267543.436,1213216060561.5234,320258930523.26807,1089192206981.9127,768933276458.6447,295796916419.7311,300849417602.5678,52.693351,0.263975,0.243812
2024-08-23,2417705857878.671,1287807825461.4258,337535358521.31305,1129898032417.245,792362673895.9321,311113272766.9174,300849417602.5678,53.265695,0.262101,0.241584
2024-08-24,2427433057908.0234,1289508378153.3203,338138846794.98755,1137924679754.7031,799785832959.7155,315359957626.1832,300849417602.5678,53.122304,0.262223,0.244558
2024-08-25,2420581838583.2417,1292613670406.7383,335668554217.0965,1127968168176.5032,792299613959.4069,309959829750.8433,300849417602.5678,53.400949,0.259682,0.239793
2024-08-26,2367826968656.126,1263421804106.9336,327388170459.4763,1104405164549.1924,777016994089.7162,300369274634.74976,300849417602.5678,53.35786,0.259128,0.237743
2024-08-27,2250390580053.4106,1195579350518.5547,300207291125.3307,1054811229534.856,754603938409.5253,287638127413.5397,300849417602.5678,53.127638,0.251098,0.240585
2024-08-28,2246051696127.033,1186005176859.375,308716222405.5127,1060046519267.6581,751330296862.1454,285618321880.214,300849417602.5678,52.804002,0.260299,0.240824
2024-08-29,2249948444739.0854,1193249576848.6328,308762277697.3293,1056698867890.4525,747936590193.1232,284833917616.0887,300849417602.5678,53.03453,0.258758,0.238704
2024-08-30,2245898055976.0615,1187850692897.461,308399558738.86694,1058047363078.6006,749647804339.7336,287563408889.7839,300849417602.5678,52.889787,0.259628,0.242087
2024-08-31,2235862230820.6597,1184845313118.164,306882089039.69806,1051016917702.4957,744134828662.7977,284252159974.9803,300849417602.5678,52.992769,0.259006,0.239907
2024-09-01,2174912959629.3958,1151805207604.9805,296443694411.0287,1023107752024.4153,726664057613.3866,274808678482.00748,300849417602.5678,52.958681,0.257373,0.23859
2024-09-02,2239038729200.361,1187710124758.3008,309909337651.4411,1051328604442.0598,741419266790.6187,282913407716.8139,300849417602.5678,53.045537,0.26093,0.238201
2024-09-03,2174804876515.5115,1153925659540.039,295552546871.31525,1020879216975.4724,725326670104.1572,273240046999.74673,300849417602.5678,53.058813,0.256128,0.236792
2024-09-04,2194639644165.381,1164785902170.8984,299016888521.18567,1029853741994.4827,730836853473.297,276621484044.7466,300849417602.5678,53.07413,0.256714,0.237487
2024-09-05,2138967141489.7224,1128397590729.9805,289097651796.90326,1010569550759.742,721471898962.8386,271445863273.32544,300849417602.5678,52.754321,0.256202,0.240559
2024-09-06,2064954365160.4849,1083958594267.0898,271532401972.05496,980995770893.3949,709463368921.3398,265669316154.3805,300849417602.5678,52.493102,0.250501,0.245092
2024-09-07,2081208066139.2502,1087794903632.8125,277665506188.7581,993413162506.4377,715747656317.6797,268902864663.75046,300849417602.5678,52.267475,0.255255,0.2472
2024-09-08,2106525083350.9226,1101897317821.7773,280496460886.83624,1004627765529.1453,724131304642.3091,274233402066.26602,300849417602.5678,52.308768,0.254558,0.248874
2024-09-09,2172223160754.1702,1145657882685.0586,287967583115.5004,1026565278069.1115,738597694953.611,282862278999.3651,300849417602.5678,52.741261,0.251356,0.246899
2024-09-10,2191918774834.8364,1158299518422.8516,291764715236.4651,1033619256411.9847,741854541175.5197,285921329630.4916,300849417602.5678,52.844089,0.251891,0.246846
2024-09-11,2176024019371.692,1152160513001.9531,285691587231.4998,1023863506369.7384,738171919138.2386,282748525101.2327,300849417602.5678,52.947969,0.247962,0.245407
2024-09-12,2205210562514.0195,1167909717082.5195,288370455134.20685,1037300845431.4999,748930390297.2931,287901736062.1451,300849417602.5678,52.96137,0.246912,0.24651
2024-09-13,2272686101941.9883,1217021289534.668,298117036680.3651,1055664812407.3203,757547775726.9553,292673201397.82874,300849417602.5678,53.549907,0.244956,0.240483
2024-09-14,2256960845874.8545,1205645394936.0352,295307365787.0489,1051315450938.8191,756008085151.7703,291416034204.38544,300849417602.5678,53.418977,0.244937,0.24171
2024-09-15,2216087947843.585,1189123733219.7266,283378508640.0429,1026964214623.8585,743585705983.8156,283759044467.7918,300849417602.5678,53.658689,0.238309,0.238629
2024-09-16,2186115061116.0125,1169225689159.1797,280251130756.318,1016889371956.8328,736638241200.5148,278611747060.85443,300849417602.5678,53.484179,0.23969,0.238287
2024-09-17,2239912281694.5815,1211741782545.8984,285919449141.3031,1028170499148.683,742251050007.3799,282494424361.5043,300849417602.5678,54.097734,0.235957,0.233131
2024-09-18,2278618938883.9146,1238688482911.1328,289340805852.14465,1039930455972.7816,750589650120.637,287647328724.7459,300849417602.5678,54.36137,0.233586,0.232219
2024-09-19,2328969295687.1084,1264623265343.2617,300943013233.632,1064346030343.8466,763403017110.2145,293958083532.7837,300849417602.5678,54.299697,0.23797,0.232447
2024-09-20,2351835595433.8267,1269696982459.961,312703537543.8171,1082138612973.8657,769435075430.0486,297574414940.27234,300849417602.5678,53.987489,0.246282,0.234366
2024-09-21,2373918891085.3276,1273752895205.5664,319392733326.1116,1100165995879.762,780773262553.6504,303626881588.1012,300849417602.5678,53.656125,0.250749,0.238372
2024-09-22,2366885614704.989,1278853768422.8516,315364132376.0493,1088031846282.1371,772667713906.0878,299131578773.1681,300849417602.5678,54.031076,0.246599,0.233906
2024-09-23,2375531427639.4463,1272446105972.168,323384042903.965,1103085321667.2783,779701278763.3131,304114414042.46814,300849417602.5678,53.564693,0.254144,0.239
2024-09-24,2409260582596.957,1291979269363.2812,324093264588.6903,1117281313233.6758,793188048644.9856,312263354111.96686,300849417602.5678,53.625551,0.25085,0.241694
2024-09-25,2368997932126.2817,1268695738601.0742,314939976552.58105,1100302193525.2075,785362216972.6263,310492717681.43274,300849417602.5678,53.554109,0.248239,0.244734
2024-09-26,2436672901262.1113,1309641487304.1992,321388164545.6606,1127031413957.912,805643249412.2517,324311471774.7093,300849417602.5678,53.747119,0.245402,0.247634
2024-09-27,2465944834916.943,1321890693842.7734,329165934532.84735,1144054141074.1694,814888206541.3221,330704540684.698,300849417602.5678,53.60585,0.249011,0.250175
2024-09-28,2464028183203.766,1323839340274.414,326924010622.01587,1140188842929.352,813264832307.3362,328806265127.8003,300849417602.5678,53.726631,0.246951,0.248373
2024-09-29,2456553080552.494,1318769155020.5078,324702774330.9389,1137783925531.9863,813081151201.0474,326459259786.44775,300849417602.5678,53.683723,0.246217,0.247548
2024-09-30,2380914599729.8965,1272440062562.5,317830549751.39264,1108474537167.3965,790643987416.004,313435677859.43207,300849417602.5678,53.443331,0.24978,0.246326
2024-10-01,2288537789678.8213,1222359974846.6797,299010062202.8517,1066177814832.1416,767167752629.2899,297952660095.45166,300849417602.5678,53.41227,0.244617,0.243752
2024-10-02,2261666296971.8145,1218256656653.8086,288791689651.1391,1043409640318.0061,754617950666.867,292563697065.67834,300849417602.5678,53.865447,0.237053,0.240149
2024-10-03,2257501267258.859,1220800696666.504,286906433420.94556,1036700570592.3549,749794137171.4093,290461349434.8387,300849417602.5678,54.07752,0.235015,0.237927
2024-10-04,2306415508483.859,1247083014397.461,294843176140.33813,1059332494086.3982,764489317946.06,299245387728.9196,300849417602.5678,54.07018,0.236426,0.239956
2024-10-05,2306777903341.289,1247534543434.082,294945481487.59674,1059243359907.2069,764297878419.6102,298854750667.32776,300849417602.5678,54.081259,0.236423,0.239556
2024-10-06,2332763459138.118,1262181963294.9219,297915645384.8875,1070581495843.1964,772665850458.309,303697069822.7305,300849417602.5678,54.106727,0.236032,0.240613
2024-10-07,2312130132120.3027,1250482314606.9336,295698194868.6071,1061647817513.3693,765949622644.7621,299359770485.7415,300849417602.5678,54.083561,0.236467,0.239395
2024-10-08,2311595650697.214,1248378815613.2812,297901366753.96185,1063216835083.9324,765315468329.9705,296472607153.27246,300849417602.5678,54.005069,0.238631,0.237486
2024-10-09,2262884020982.929,1217238302881.836,289164305280.72327,1045645718101.0931,756481412820.3699,291740258675.98755,300849417602.5678,53.791458,0.237558,0.239674
2024-10-10,2257335034404.7266,1211057856937.5,291065926789.36816,1046277177467.2264,755211250677.8583,291454424578.4371,300849417602.5678,53.649894,0.24034,0.240661
2024-10-11,2323943525904.9717,1254670162049.3164,297495096480.7137,1069273363855.6552,771778267374.9415,302192764340.8634,300849417602.5678,53.98884,0.23711,0.240854
2024-10-12,2348133027595.6094,1269697924290.039,302380236430.81354,1078435103305.5703,776054866874.7566,305018804836.36,300849417602.5678,54.072657,0.238151,0.240229
2024-10-13,2338453166510.3843,1262833395765.625,301300128053.02545,1075619770744.7594,774319642691.734,303748605751.41046,300849417602.5678,54.002937,0.238591,0.240529
2024-10-14,2444530580548.52,1327023510796.875,320985232908.4534,1117507069751.6453,796521836843.1919,317026381982.6257,300849417602.5678,54.285413,0.241884,0.2389
2024-10-15,2456935626305.181,1347015109978.5156,318191867675.08777,1109920516326.6655,791728648651.5776,313686001236.40393,300849417602.5678,54.825006,0.23622,0.232875
2024-10-16,2470518675515.571,1358500099894.5312,318812138556.71875,1112018575621.0396,793206437064.3209,314039285323.31793,300849417602.5678,54.988457,0.23468,0.231166
2024-10-17,2457169763047.1235,1354222778594.7266,317978373823.96124,1102946984452.3972,784968610628.4359,309630521150.052,300849417602.5678,55.113114,0.234805,0.228641
2024-10-18,2495339758575.355,1374695966889.6484,322530067499.4589,1120643791685.7063,798113724186.2473,318961614749.6472,300849417602.5678,55.090533,0.234619,0.232023
2024-10-19,2499430541268.6367,1373569695087.8906,323397546494.38116,1125860846180.7458,802463299686.3649,321027625929.3794,300849417602.5678,54.955306,0.235443,0.233718
2024-10-20,2534743678679.712,1386408094826.1719,335327446965.15,1148335583853.5398,813008136888.3899,326079929059.8265,300849417602.5678,54.696185,0.241868,0.235198
2024-10-21,2483205483331.8726,1353580136538.086,325479961106.5003,1129625346793.7866,804145385687.2864,318552497015.19257,300849417602.5678,54.509389,0.240459,0.235341
2024-10-22,2475401092660.809,1353450634902.3438,319922682179.1313,1121950457758.4653,802027775579.334,317094067555.90405,300849417602.5678,54.676013,0.236376,0.234286
2024-10-23,2437710686114.868,1334780580291.992,306357684707.2466,1102930105822.8757,796572421115.6293,311430191316.20483,300849417602.5678,54.755496,0.229519,0.233319
2024-10-24,2485880547801.5347,1369517471176.7578,309458949687.65015,1116363076624.7766,806904126937.1266,315733550986.9619,300849417602.5678,55.091846,0.225962,0.230544
2024-10-25,2413754819918.333,1339004374249.0234,297424359129.5934,1074750445669.3098,777326086539.7164,298225436278.8932,300849417602.5678,55.473918,0.222124,0.222722
2024-10-26,2436617960177.212,1346484388729.4922,302756309933.44025,1090133571447.72,787377261514.2798,302719059371.7396,300849417602.5678,55.260382,0.224849,0.224822
2024-10-27,2467169085531.7686,1364860906298.8281,305972072244.5025,1102308179232.9402,796336106988.4376,307262297989.99677,300849417602.5678,55.320931,0.224178,0.225124
2024-10-28,2522825540311.6934,1404612885377.9297,313225646563.99036,1118212654933.7634,804987008369.7732,313226649539.86865,300849417602.5678,55.67618,0.222998,0.222999
2024-10-29,2600176879599.839,1461127399215.8203,322091156097.0592,1139049480384.0186,816958324286.9595,323020651796.0489,300849417602.5678,56.193385,0.22044,0.221076
2024-10-30,2586382604394.9995,1453473146170.8984,324461706923.22314,1132909458224.101,808447751300.8779,318467511691.2715,300849417602.5678,56.197144,0.223232,0.219108
2024-10-31,2509613717607.3765,1410789877945.3125,307175799583.5615,1098823839662.0641,791648040078.5026,309108041917.628,300849417602.5678,56.215419,0.217733,0.219103
2024-11-01,2491548143474.454,1396067818050.7812,306697927490.93243,1095480325423.6731,788782397932.7407,307786305574.3578,300849417602.5678,56.032143,0.219687,0.220467
2024-11-02,2479614566730.9653,1392186065383.789,304156211949.16266,1087428501347.1763,783272289398.0135,303384491873.3181,300849417602.5678,56.145261,0.218474,0.21792
2024-11-03,2452938709001.3916,1381172304450.1953,299926309131.3739,1071766404551.1965,771840095419.8226,295882189487.82367,300849417602.5678,56.306841,0.217153,0.214225
2024-11-04,2420102571093.315,1362494244284.1797,292673778135.6489,1057608326809.1355,764934548673.4866,292750360757.4648,300849417602.5678,56.299029,0.214807,0.214864
2024-11-05,2472189202120.428,1393598339585.9375,295802467626.3899,1078590862534.4907,782788394908.1008,303347425603.31836,300849417602.5678,56.371023,0.212258,0.217672
2024-11-06,2696331741645.654,1519768722341.7969,332617488014.3104,1176563019303.857,843945531289.5465,346724244664.4687,300849417602.5678,56.364308,0.218861,0.228143
2024-11-07,2717190848700.9297,1525108898884.7656,353547188691.05023,1192081949816.1638,838534761125.1135,334355246468.3354,300849417602.5678,56.128148,0.231818,0.219234
2024-11-08,2749023665548.6953,1537980419647.461,361692536544.5093,1211043245901.2346,849350709356.7255,343050974287.60114,300849417602.5678,55.946423,0.235174,0.223053
2024-11-09,2793819091543.712,1542669791606.4453,382308643907.3909,1251149299937.2668,868840656029.8759,358429230595.10803,300849417602.5678,55.21724,0.247823,0.232343
2024-11-10,2917657151875.6436,1616917553070.3125,389657369354.04944,1300739598805.3306,911082229451.2816,391958790622.45044,300849417602.5678,55.418353,0.240988,0.242411
2024-11-11,3181264553391.814,1782223487119.1406,412060243183.913,1399041066272.6736,986980823088.7604,453997176386.0021,300849417602.5678,56.022486,0.231206,0.254736
2024-11-12,3142650058272.171,1767241168179.6875,396363765073.8055,1375408890092.4836,979045125018.6782,449455377606.5221,300849417602.5678,56.234106,0.224284,0.254326
2024-11-13,3183633616460.4897,1820050993405.2734,389811781270.94904,1363582623055.216,973770841784.2671,445444525918.1897,300849417602.5678,57.168984,0.214176,0.244743
2024-11-14,3061593282440.2314,1753068352192.3828,373493631244.4433,1308524930247.8489,935031299003.4055,404998574611.9958,300849417602.5678,57.260001,0.213051,0.231023
2024-11-15,3182804089166.0684,1829732378721.6797,378877181860.67505,1353071710444.3884,974194528583.7135,430544805753.177,300849417602.5678,57.488062,0.207067,0.235305
2024-11-16,3209071176647.9917,1819534870522.461,382568640189.0896,1389536306125.5308,1006967665936.441,448727359128.03644,300849417602.5678,56.699736,0.210256,0.246617
2024-11-17,3185091888896.3364,1805216541788.086,375534253287.54834,1379875347108.2505,1004341093820.702,438001192463.5823,300849417602.5678,56.677063,0.208027,0.242631
2024-11-18,3241574377179.247,1819216688927.7344,391675068083.6223,1422357688251.5127,1030682620167.8903,458623549213.3617,300849417602.5678,56.121393,0.215299,0.252099
2024-11-19,3262320056558.734,1855406038764.6484,379895912991.95807,1406914017794.0857,1027018104802.1277,457680171862.50354,300849417602.5678,56.87382,0.204751,0.246674
2024-11-20,3294275706706.3667,1895504454340.8203,375110127273.33044,1398771252365.5457,1023661125092.2153,457680776022.66583,300849417602.5678,57.539339,0.197895,0.241456
2024-11-21,3455417576781.045,1979193905366.211,410380283260.9951,1476223671414.8337,1065843388153.8387,475146509584.45685,300849417602.5678,57.277995,0.207347,0.240071
2024-11-22,3511399739467.995,1989098190467.7734,406784095296.7527,1522301549000.222,1115517453703.4692,509333035645.98694,300849417602.5678,56.646874,0.204507,0.256062
2024-11-23,3526362010916.977,1964577801355.4688,414674425013.3243,1561784209561.5083,1147109784548.184,538607488855.10986,300849417602.5678,55.711178,0.211076,0.274159
2024-11-24,3529425528658.8887,1969330432901.3672,410698467199.4096,1560095095757.5215,1149396628558.1118,543572720582.92413,300849417602.5678,55.797478,0.208547,0.276019
2024-11-25,3393774404945.6084,1870646262173.8281,416789242280.59204,1523128142771.7805,1106338900491.1885,516895138696.6959,300849417602.5678,55.119935,0.222805,0.276319
2024-11-26,3351137087010.0957,1848203550213.8672,406163407085.6166,1502933536796.2285,1096770129710.612,513423346344.4268,300849417602.5678,55.151535,0.219761,0.277796
2024-11-27,3511705273842.218,1928115163824.2185,446545342753.91943,1583590110017.9993,1137044767264.0798,537615360208.2565,300849417602.5678,54.905381,0.231597,0.278829
2024-11-28,3614803220933.3115,1921885271800.7812,437090295676.3478,1692917949132.53,1255827653456.1824,653301024261.323,300849417602.5678,53.167079,0.227428,0.339927
2024-11-29,3694541129934.701,1958233476977.539,438760955113.15125,1736307652957.1624,1297546697844.011,675358487585.7614,300849417602.5678,53.003429,0.22406,0.344881
2024-11-30,3702062286992.12,1937890575176.7578,452461763529.7069,1764171711815.3623,1311709948285.6555,683554543957.9598,300849417602.5678,52.346244,0.233482,0.352731
2024-12-01,3962910131762.299,1954582001764.6484,453128387795.658,2008328129997.6504,1555199742201.9924,903279088380.3901,300849417602.5678,49.321886,0.231829,0.462134
2024-12-02,3760907444789.6973,1926161651270.5078,444951859466.3155,1834745793519.1897,1389793934052.8743,719321648469.9386,300849417602.5678,51.215343,0.231004,0.373448
2024-12-03,3793435320715.5254,1928911481155.2734,442084149962.53516,1864523839560.252,1422439689597.7168,727373262395.5571,300849417602.5678,50.848672,0.229188,0.37709
2024-12-04,3863706999071.086,1984494368074.2188,469021487721.1845,1879212630996.8672,1410191143275.6826,737649710064.935,300849417602.5678,51.362445,0.236343,0.371707
2024-12-05,3807983069109.6924,1940794237307.6172,465319119207.13574,1867188831802.075,1401869712594.9392,734728907521.676,300849417602.5678,50.966462,0.239757,0.378571
2024-12-06,4031948067989.6987,2007644394422.8516,489104218167.25433,2024303673566.8474,1535199455399.593,855121335757.5706,300849417602.5678,49.793409,0.243621,0.425933
2024-12-07,3891784155471.035,2007697136907.2266,488723524230.8208,1884087018563.8093,1395363494332.9885,700501305452.2018,300849417602.5678,51.588091,0.243425,0.348908
2024-12-08,3919211644399.0625,2034071989443.3594,489091280952.5952,1885139654955.703,1396048374003.1077,703716626150.3381,300849417602.5678,51.900029,0.240449,0.345964
2024-12-09,3788051495817.745,1957654722394.5312,454047228128.96216,1830396773423.2139,1376349545294.2517,732601301089.93,300849417602.5678,51.679728,0.231934,0.374224
2024-12-10,3763032285361.2334,1942438986567.3828,443442140172.242,1820593298793.8503,1377151158621.6084,727083049207.7616,300849417602.5678,51.618983,0.228291,0.374314
2024-12-11,3831261410700.458,2032806483761.7188,467982545918.15283,1798454926938.7393,1330472381020.5864,664534593209.0952,300849417602.5678,53.058413,0.230215,0.326905
2024-12-12,3801743404934.412,2010101472125.0,474121611984.9293,1791641932809.4124,1317520320824.4832,654896668082.3527,300849417602.5678,52.873149,0.235869,0.325803
2024-12-13,3850239478255.5596,2038557455190.4297,477553044222.39484,1811682023065.1301,1334128978842.7354,665747694461.9279,300849417602.5678,52.946251,0.23426,0.326578
2024-12-14,3758457940649.0356,2036823702988.2812,472327214349.8536,1721634237660.7544,1249307023310.901,587523523235.8817,300849417602.5678,54.193069,0.231894,0.288451
2024-12-15,3848604915090.3086,2095608498229.4922,482526836883.08545,1752996416860.8167,1270469579977.7314,602639747174.0353,300849417602.5678,54.45112,0.230256,0.287573
2024-12-16,3876553114769.8237,2130388870269.5312,486866199268.2209,1746164244500.2927,1259298045232.0718,591943536566.7218,300849417602.5678,54.955751,0.228534,0.277857
2024-12-17,3860347378962.0254,2132616769319.336,474569048832.93396,1727730609642.6892,1253161560809.7551,579325836264.655,300849417602.5678,55.244167,0.222529,0.27165
2024-12-18,3629361817528.101,2010072118420.8987,441849670399.15045,1619289699107.203,1177440028708.0525,535763011526.0304,300849417602.5678,55.383624,0.219818,0.266539
2024-12-19,3501770407317.336,1958824789294.9219,417324526989.4274,1542945618022.414,1125621091032.9866,497950029367.455,300849417602.5678,55.938127,0.213048,0.254209
2024-12-20,3531902803959.491,1964148797754.8828,423994227521.98206,1567754006204.6084,1143759778682.6262,513004766626.83386,300849417602.5678,55.611632,0.215867,0.261184
2024-12-21,3474512207310.5947,1953475665366.211,407470483095.697,1521036541944.384,1113566058848.687,495198735326.71497,300849417602.5678,56.223019,0.208587,0.253496
2024-12-22,3414731187622.517,1910884068601.5627,400182747375.28894,1503847119020.9546,1103664371645.6655,490363305987.3387,300849417602.5678,55.960015,0.209423,0.256616
2024-12-23,3465036507574.5483,1902471485372.0703,417062921008.209,1562565022202.478,1145502101194.269,516090595304.8857,300849417602.5678,54.904803,0.219222,0.271274
2024-12-24,3579435211281.737,1982637079160.1562,426374704828.5181,1596798132121.5806,1170423427293.0625,531554594353.5787,300849417602.5678,55.389662,0.215054,0.268105
2024-12-25,3584110391370.0444,1995156669416.9922,426519458548.299,1588953721953.0525,1162434263404.7534,524131467471.80237,300849417602.5678,55.666719,0.213777,0.262702
2024-12-26,3449078687766.8696,1924759423255.8594,406738308288.1894,1524319264511.0103,1117580956222.8208,495995984891.4996,300849417602.5678,55.805031,0.211319,0.257692
2024-12-27,3412208288012.0425,1891995666384.7656,406456402207.4712,1520212621627.2769,1113756219419.8057,494899759457.70496,300849417602.5678,55.447836,0.214829,0.261576
2024-12-28,3465355040367.633,1912069361754.8828,414879423228.09625,1553285678612.75,1138406255384.6538,506512353485.1372,300849417602.5678,55.176723,0.216979,0.264903
2024-12-29,3396813623398.3525,1879244385928.711,408971199996.1597,1517569237469.6418,1108598037473.482,489047048601.2524,300849417602.5678,55.323741,0.217625,0.260236
2024-12-30,3376898319049.8223,1861422135360.3516,409811135243.74316,1515476183689.4707,1105665048445.7275,486670459568.9532,300849417602.5678,55.122244,0.22016,0.261451
2024-12-31,3386043484193.62,1877214585138.6719,406897757968.401,1508828899054.948,1101931141086.547,482888312989.1555,300849417602.5678,55.439766,0.216756,0.257237
2025-01-01,3452498843846.9604,1897117181377.9297,409458462002.65436,1555381662469.0308,1145923200466.3765,508013246337.64056,300849417602.5678,54.949104,0.215832,0.267782
2025-01-02,3543075997681.5728,1946687425078.125,421410510746.4456,1596388572603.4478,1174978061857.0022,522949880878.827,300849417602.5678,54.943428,0.216476,0.268636
2025-01-03,3632394651832.5728,1971211267567.3828,440166968025.19885,1661183384265.19,1221016416239.9912,558454975122.0137,300849417602.5678,54.267541,0.223298,0.283305
2025-01-04,3640918726739.622,1973799102678.711,446601205289.1067,1667119624060.9111,1220518418771.8042,560712609837.05,300849417602.5678,54.211567,0.226265,0.284078
2025-01-05,3633843455536.0234,1975381063266.6016,443719306582.15186,1658462392269.4219,1214743085687.2703,559402325577.9642,300849417602.5678,54.360654,0.224625,0.283187
2025-01-06,3728865417715.071,2050991181938.4766,450374609246.7794,1677874235776.5942,1227499626529.8147,564530181833.5663,300849417602.5678,55.003089,0.219589,0.275247
2025-01-07,3531047966806.1006,1947407297201.1719,412886168083.82404,1583640669604.9285,1170754501521.1045,532643695329.6184,300849417602.5678,55.150973,0.212018,0.273514
2025-01-08,3475271629705.6616,1909650114227.539,406140453962.8342,1565621515478.1226,1159481061515.2883,518082193195.9703,300849417602.5678,54.949665,0.212678,0.271297
2025-01-09,3363978079387.8027,1858223994358.3984,393088265025.0083,1505754085029.404,1112665820004.3958,487412771881.8342,300849417602.5678,55.238885,0.21154,0.2623
2025-01-10,3435440143366.4263,1902777109232.4219,398956245768.94977,1532663034134.0042,1133706788365.0544,501090952453.61206,300849417602.5678,55.386705,0.209671,0.263347
2025-01-11,3456635921451.848,1900067464097.6562,400754488797.3228,1556568457354.1921,1155813968556.8694,508143970047.8048,300849417602.5678,54.968689,0.210916,0.267435
2025-01-12,3439516640687.9746,1898497119414.0625,398768358063.88824,1541019521273.912,1142251163210.024,499902312457.9789,300849417602.5678,55.196626,0.210044,0.263315
2025-01-13,3409912386406.547,1899061432602.539,382840411124.68304,1510850953804.008,1128010542679.325,489621778124.2559,300849417602.5678,55.692382,0.201595,0.257823
2025-01-14,3492052428397.4023,1939598270080.0781,393607661403.39825,1552454158317.3242,1158846496913.926,507242771837.30853,300849417602.5678,55.543217,0.202933,0.26152
2025-01-15,3681844701140.6406,2019373946215.8203,421306118751.6613,1662470754924.8203,1241164636173.1587,544331397744.50226,300849417602.5678,54.846799,0.208632,0.269555
2025-01-16,3656907761223.109,2004353169214.8438,403944615153.0697,1652554592008.2659,1248609976855.196,543802929297.339,300849417602.5678,54.810055,0.201534,0.271311
2025-01-17,3813124288422.9453,2098890462108.3984,424183933591.316,1714233826314.5469,1290049892723.231,574023928026.9651,300849417602.5678,55.043851,0.202099,0.273489
2025-01-18,3789023797875.1543,2097806101745.1172,403632571920.2307,1691217696130.037,1287585124209.8064,550617750883.6792,300849417602.5678,55.365345,0.192407,0.262473
2025-01-19,3639660366779.8765,2031130340166.0156,391810342461.78656,1608530026613.8606,1216719684152.074,511571241251.7615,300849417602.5678,55.805491,0.192903,0.251865
2025-01-20,3678943224593.617,2049757070592.7734,400243826529.29034,1629186154000.844,1228942327471.5537,518617259289.89764,300849417602.5678,55.71592,0.195264,0.253014
2025-01-21,3793746850791.678,2132730573787.1094,406271942566.20184,1661016277004.5693,1254744334438.3674,533263424935.79443,300849417602.5678,56.216998,0.190494,0.250038
2025-01-22,3726980361199.9907,2082636358620.1172,395627178497.2436,1644344002579.8738,1248716824082.6301,521874879005.29846,300849417602.5678,55.879993,0.189965,0.250584
2025-01-23,3736376721678.9575,2088806758376.9531,407164222857.42926,1647569963302.0044,1240405740444.5752,519702353954.7451,300849417602.5678,55.904608,0.194927,0.248803
2025-01-24,3744892879566.703,2106072387369.1406,404092319988.63684,1638820492197.5627,1234728172208.926,516352333860.0519,300849417602.5678,56.238522,0.19187,0.245173
2025-01-25,3748654989871.8506,2103965984399.414,405034262490.97516,1644689005472.4365,1239654742981.4614,518561896898.46246,300849417602.5678,56.12589,0.19251,0.246469
2025-01-26,3665431392761.2925,2063135295937.5,395127754316.59937,1602296096823.7927,1207168342507.1934,503573417947.7858,300849417602.5678,56.286289,0.191518,0.244082
2025-01-27,3637098304570.116,2051184100132.8125,388142016111.6566,1585914204437.304,1197772188325.6472,494188892803.22327,300849417602.5678,56.396169,0.189228,0.240929
2025-01-28,3582835778867.103,2036010118772.461,375711409662.4778,1546825660094.6423,1171114250432.1646,474735786207.74866,300849417602.5678,56.826778,0.184533,0.23317
2025-01-29,3645678821594.264,2083643802860.3516,380093101183.13403,1562035018733.9124,1181941917550.7783,483807890841.5271,300849417602.5678,57.153795,0.182418,0.232193
2025-01-30,3714830614863.0195,2104381017520.5078,396549685368.34283,1610449597342.5117,1213899911974.169,502801220073.0621,300849417602.5678,56.648102,0.18844,0.238931
2025-01-31,3661679085085.8906,2057560132790.039,402713850823.9281,1604118952295.8513,1201405101471.9233,500583176573.37573,300849417602.5678,56.191711,0.195724,0.24329
2025-02-01,3552584488307.708,2022416214339.8438,380743837118.6398,1530168273967.864,1149424436849.224,472761631273.7072,300849417602.5678,56.928026,0.188262,0.233761
2025-02-02,3383840184621.94,1962803550459.961,350263640144.65405,1421036634161.9788,1070772994017.3248,426315310044.09546,300849417602.5678,58.005208,0.178451,0.217197
2025-02-03,3491827419054.744,2037475763345.7031,352201807794.24854,1454351655709.0413,1102149847914.7927,442031989131.3751,300849417602.5678,58.349841,0.172862,0.216951
2025-02-04,3355923529110.064,1966477315651.3672,333946175730.90674,1389446213458.6968,1055500037727.79,417473510452.04193,300849417602.5678,58.597203,0.169819,0.212295
2025-02-05,3311333567891.134,1941233758010.7422,340384168960.36084,1370099809880.3916,1029715640920.0308,408540660141.76996,300849417602.5678,58.623927,0.175344,0.210454
2025-02-06,3279817921755.8335,1940788743298.8281,328250224170.8317,1339029178457.0054,1010778954286.1737,395601395401.0366,300849417602.5678,59.173673,0.169132,0.203835
2025-02-07,3278127000070.5664,1939498593063.4766,320168548876.15607,1338628407007.0898,1018459858130.9336,397021454410.8275,300849417602.5678,59.16484,0.165078,0.204703
2025-02-08,3294736992040.549,1938561629107.4219,321401399852.82336,1356175362933.127,1034773963080.3037,402159465289.0508,300849417602.5678,58.83813,0.165794,0.207453
2025-02-09,3290278701906.93,1938916071160.1562,320963412537.185,1351362630746.774,1030399218209.5889,398451330848.2441,300849417602.5678,58.928627,0.165538,0.205502
2025-02-10,3324189235244.1953,1957751887864.2578,324924972483.1725,1366437347379.9373,1041512374896.7648,406508407379.19995,300849417602.5678,58.894117,0.165968,0.20764
2025-02-11,3285690284748.9497,1923793262567.3828,317796269113.4709,1361897022181.5671,1044100753068.0961,408267735182.41125,300849417602.5678,58.550657,0.165193,0.21222
2025-02-12,3368320235945.318,1966759393759.7656,334172159657.93695,1401560842185.5525,1067388682527.6155,420976739919.02313,300849417602.5678,58.389917,0.16991,0.214046
2025-02-13,3329943663032.3755,1941402973481.4453,326724199216.8077,1388540689550.9304,1061816490334.1227,415956588378.1754,300849417602.5678,58.301376,0.168293,0.214256
2025-02-14,3375269564645.7915,1959186765988.2812,332852206051.6981,1416082798657.5103,1083230592605.8121,424534938842.47943,300849417602.5678,58.045342,0.169893,0.216689
2025-02-15,3365451533527.428,1960621016225.586,328880123440.3311,1404830517301.842,1075950393861.5111,417985230945.4607,300849417602.5678,58.257295,0.167743,0.21319
2025-02-16,3323647748920.9966,1932384793511.7188,325187383314.1508,1391262955409.2776,1066075572095.1268,411672658289.2039,300849417602.5678,58.140481,0.168283,0.213039
2025-02-17,3312967912979.4507,1924314722487.3047,334941089271.1468,1388653190492.146,1053712101220.9994,411299788035.2188,300849417602.5678,58.084315,0.174057,0.213738
2025-02-18,3272081945390.6875,1919616403142.5781,325922777520.6981,1352465542248.1096,1026542764727.4114,398116680579.1871,300849417602.5678,58.666514,0.169785,0.207394
2025-02-19,3317713239433.3022,1941638901916.0156,331592079610.94525,1376074337517.2866,1044482257906.3413,403461987523.7339,300849417602.5678,58.523409,0.170779,0.207795
2025-02-20,3364497801622.5312,1975762347476.5625,334597597279.17096,1388735454145.9685,1054137856866.7976,411237609361.77795,300849417602.5678,58.723841,0.169351,0.208141
2025-02-21,3283227658007.955,1931390534892.5781,324740453223.4024,1351837123115.377,1027096669891.9746,398253950380.89154,300849417602.5678,58.825971,0.168138,0.206201
2025-02-22,3318252463725.702,1940476526627.9297,337484354893.93555,1377775937097.7725,1040291582203.8368,406202104647.00616,300849417602.5678,58.478869,0.173918,0.209331
2025-02-23,3312985370576.044,1934371741033.2031,344478290642.7292,1378613629542.8408,1034135338900.1116,403087044046.77936,300849417602.5678,58.387573,0.178083,0.208381
2025-02-24,3099551398917.3535,1836808191126.9531,306934285037.0902,1262743207790.4004,955808922753.3103,365410695093.11334,300849417602.5678,59.260453,0.167102,0.198938
2025-02-25,3049095546156.251,1782920441376.9531,304464379979.454,1266175104779.2976,961710724799.8438,367034700963.05835,300849417602.5678,58.473748,0.170767,0.205862
2025-02-26,2921987661876.7456,1694732025040.039,284667311579.64856,1227255636836.7065,942588325257.0579,363438203801.71625,300849417602.5678,57.999288,0.167972,0.214452
2025-02-27,2929201043739.123,1701909084178.711,281496620855.1408,1227291959560.412,945795338705.2711,365208970032.72156,300849417602.5678,58.101477,0.165401,0.214588
2025-02-28,2913703381019.5127,1695254112846.6797,273245301116.62808,1218449268172.8333,945203967056.2052,363707809517.422,300849417602.5678,58.18211,0.161183,0.214545
2025-03-01,2953341251752.935,1728585479311.5234,270649243311.43982,1224755772441.4114,954106529129.9717,369599552083.9558,300849417602.5678,58.529825,0.156573,0.213816
2025-03-02,3279264440880.083,1893673222725.586,307651406173.16266,1385591218154.497,1077939811981.3345,422794517374.85156,300849417602.5678,57.74689,0.162463,0.223267
2025-03-03,2950598296108.893,1729263753939.4531,261971770529.68433,1221334542169.4397,959362771639.7554,368121259453.27124,300849417602.5678,58.607224,0.151493,0.212877
2025-03-04,2988243558844.6475,1752501056541.9922,264956004393.14816,1235742502302.6555,970786497909.5073,371270004845.4508,300849417602.5678,58.646527,0.151187,0.211852
2025-03-05,3084401093403.052,1820842601585.9375,273742489603.4948,1263558491817.1145,989816002213.6195,384592875265.9435,300849417602.5678,59.033911,0.150338,0.211217
2025-03-06,3064781182873.9907,1807544745741.211,268919531749.65988,1257236437132.7795,988316905383.1196,378959484481.7102,300849417602.5678,58.977938,0.148776,0.209654
2025-03-07,2965161408926.305,1742866291814.4534,261167576573.29065,1222295117111.8518,961127540538.5612,368141157538.9231,300849417602.5678,58.778125,0.149849,0.211227
2025-03-08,2951533456636.7886,1731050405597.6562,268801516927.45798,1220483051039.1326,951681534111.6747,363810170978.89856,300849417602.5678,58.649188,0.155282,0.210167
2025-03-09,2770038658972.5386,1619466302233.3984,246091026538.43488,1150572356739.14,904481330200.7052,341009897135.32837,300849417602.5678,58.463672,0.151958,0.210569
2025-03-10,2678336084425.9707,1577894393500.0,227244142898.69415,1100441690925.971,873197548027.2769,325083354461.6417,300849417602.5678,58.913234,0.144017,0.206024
2025-03-11,2800386430098.546,1664898615485.3516,234410554970.1097,1135487814613.194,901077259643.0845,337372541169.87036,300849417602.5678,59.45246,0.140796,0.202638
2025-03-12,2830398941092.674,1682181040447.2656,233084281802.79306,1148217900645.408,915133618842.6149,343675550608.2136,300849417602.5678,59.432648,0.138561,0.204304
2025-03-13,2764524099855.3975,1628822599201.1719,227466147290.80038,1135701500654.2256,908235353363.4252,336615172740.24695,300849417602.5678,58.918734,0.139651,0.206662
2025-03-14,2851654309309.8027,1687138677006.836,233143482974.0214,1164515632302.9666,931372149328.9452,346376589977.6652,300849417602.5678,59.163506,0.138189,0.205304
2025-03-15,2875965645385.541,1694653382228.5156,236553348218.84662,1181312263157.0254,944758914938.1787,351681194963.06396,300849417602.5678,58.924674,0.139588,0.207524
2025-03-16,2808693385157.7925,1659222048632.8125,230453347174.67572,1149471336524.98,919017989350.3042,340984728638.2768,300849417602.5678,59.074517,0.138892,0.205509
2025-03-17,2860198615268.2393,1689280241632.8125,235284532381.61188,1170918373635.4268,935633841253.815,348920482178.873,300849417602.5678,59.061641,0.139281,0.20655
2025-03-18,2825910880304.0615,1662011121437.5,235961023509.43448,1163899758866.5613,927938735357.1268,345187531329.7526,300849417602.5678,58.813289,0.141973,0.207693
2025-03-19,2957582013619.7183,1745107690428.711,251248459086.0097,1212474323191.007,961225864104.9974,357836047439.2902,300849417602.5678,59.004541,0.143973,0.205051
2025-03-20,2875130709076.6465,1691118850916.9922,242011794576.6247,1184011858159.6545,942000063583.0298,348650954624.03485,300849417602.5678,58.818851,0.143108,0.206166
2025-03-21,2864509289102.7026,1688628338247.0703,239905308994.83444,1175880950855.6326,935975641860.7981,345075714719.7189,300849417602.5678,58.950004,0.142071,0.204353
2025-03-22,2862393879849.72,1684393713244.1406,241760025648.02728,1178000166605.5793,936240140957.5521,346614626846.3567,300849417602.5678,58.84563,0.143529,0.20578
2025-03-23,2919867151736.266,1729036772890.625,244844403688.09818,1190830378845.6414,945985975157.5432,350912436540.4547,300849417602.5678,59.216282,0.141607,0.202953
2025-03-24,2976692337011.628,1758060993436.5234,253657463845.14673,1218631343575.1047,964973879729.958,362625553492.1192,300849417602.5678,59.06089,0.144283,0.206264
2025-03-25,2982409346648.8506,1757514261076.1719,252471294154.55374,1224895085572.6787,972423791418.1252,369035875608.74176,300849417602.5678,58.929344,0.143652,0.209976
2025-03-26,2948922945319.9634,1746045125299.8047,245319384283.44165,1202877820020.1582,957558435736.7167,365650989831.58936,300849417602.5678,59.209588,0.1405,0.209417
2025-03-27,2957309227805.3516,1751595016006.836,244485217125.80423,1205714211798.5154,961228994672.7112,366487781677.10425,300849417602.5678,59.229349,0.139579,0.209231
2025-03-28,2854318558966.862,1694855090836.914,231438423662.29474,1159463468129.9475,928025044467.653,349608468322.44116,300849417602.5678,59.378624,0.136554,0.206276
2025-03-29,2789999119501.8506,1659581670750.9766,223113415456.87546,1130417448750.8738,907304033293.9984,337992577911.7891,300849417602.5678,59.483233,0.13444,0.203661
2025-03-30,2777763746062.337,1654296120352.539,220536927424.55295,1123467625709.798,902930698285.245,334046008773.10785,300849417602.5678,59.554961,0.133312,0.201926
2025-03-31,2781143140713.632,1658603737186.5234,222644515948.60678,1122539403527.1086,899894887578.5017,332735561211.8937,300849417602.5678,59.637482,0.134236,0.200612
2025-04-01,2857664284953.1826,1711250939751.9531,232658009522.5488,1146413345201.2295,913755335678.6807,341528639158.1797,300849417602.5678,59.882854,0.135958,0.199578
2025-04-02,2759737317965.7007,1657333836297.8516,219205392924.54663,1102403481667.8494,883198088743.3026,326602338349.94684,300849417602.5678,60.054043,0.132264,0.197065
2025-04-03,2778427126804.081,1669733186248.0469,221686923589.8259,1108693940556.0342,887007016966.2081,327893587763.7377,300849417602.5678,60.096346,0.132768,0.196375
2025-04-04,2804386637339.141,1684621165208.008,221650049547.12225,1119765472131.133,898115422584.0107,330587373179.9172,300849417602.5678,60.070931,0.131573,0.196238
2025-04-05,2792173067037.703,1677809693111.328,220506969127.9344,1114363373926.375,893856404798.4407,327655870925.226,300849417602.5678,60.089746,0.131425,0.195288
2025-04-06,2601715773596.25,1571514750494.1406,192516425839.95288,1030201023102.1091,837684597262.1562,300176823424.1503,300849417602.5678,60.403014,0.122504,0.191011
2025-04-07,2623467553179.91,1592026082907.2266,189892883905.9265,1031441470272.6835,841548586366.757,304769525159.9107,300849417602.5678,60.684039,0.119277,0.191435
2025-04-08,2537221777716.0303,1532484684169.9219,179796803803.84344,1004737093546.1082,824940289742.2646,295417731490.95874,300849417602.5678,60.400108,0.117324,0.19277
2025-04-09,2742584769978.7397,1659106831419.9219,203665502806.61554,1083477938558.8181,879812435752.2026,321480593907.7545,300849417602.5678,60.494277,0.122756,0.193767
2025-04-10,2648329054533.44,1599878277240.2344,185897550079.2735,1048450777293.2057,862553227213.9323,314147980490.67914,300849417602.5678,60.410857,0.116195,0.196357
2025-04-11,2748909149916.5786,1675801240469.7266,191346934424.9401,1073107909446.8522,881760975021.9121,322790107766.9247,300849417602.5678,60.962409,0.114182,0.192618
2025-04-12,2824307901353.6655,1713620584228.5156,200672683879.04608,1110687317125.15,910014633246.1039,334505564201.5122,300849417602.5678,60.674,0.117105,0.195204
2025-04-13,2771693293262.4175,1681429930959.961,194953242629.68207,1090263362302.4567,895310119672.7745,325400160122.7496,300849417602.5678,60.664358,0.115945,0.193526
2025-04-14,2792179392763.3447,1698657415833.9844,198138077843.48883,1093521976929.3605,895383899085.8717,324825617342.6299,300849417602.5678,60.836256,0.116644,0.191225
2025-04-15,2757563695274.1284,1681108766903.3203,193969939792.4599,1076454928370.8082,882484988578.3483,316911108075.4947,300849417602.5678,60.963552,0.115382,0.188513
2025-04-16,2766544567479.8926,1688439972231.4453,192684594725.89682,1078104595248.4475,885420000522.5505,316972624347.6864,300849417602.5678,61.030644,0.11412,0.187731
2025-04-17,2789203032258.794,1705757244906.25,193227078368.69577,1083445787352.5437,890218708983.8479,319928327196.8459,300849417602.5678,61.155722,0.113279,0.187558
2025-04-18,2782189076295.575,1696817236833.0078,194005621465.14886,1085371839462.5671,891366217997.4182,322159223012.3386,300849417602.5678,60.988567,0.114335,0.189861
2025-04-19,2807008788771.5347,1709126014124.0234,196935766443.8223,1097882774647.5114,900947008203.6891,326499796613.7056,300849417602.5678,60.887804,0.115226,0.191033
2025-04-20,2803690892173.791,1711354070145.5078,193833413425.78027,1092336822028.2831,898503408602.5028,325724792029.4847,300849417602.5678,61.039328,0.113263,0.190332
2025-04-21,2858110355604.1743,1758462683964.8438,192883511853.594,1099647671639.3303,906764159785.7365,333248774068.7981,300849417602.5678,61.52536,0.109689,0.189511
2025-04-22,3043837465519.2046,1877469507146.4844,214567893321.86832,1166367958372.7192,951800065050.8512,359944170320.1194,300849417602.5678,61.681004,0.114286,0.191718
2025-04-23,3056107556980.7354,1882637642728.5156,219301974895.73483,1173469914252.2197,954167939356.4849,362680334383.4048,300849417602.5678,61.602467,0.116487,0.192645
2025-04-24,3052442808263.8687,1887553995736.3281,216094126940.64496,1164888812527.5405,948794685586.8955,358049332691.92816,300849417602.5678,61.837489,0.114484,0.18969
2025-04-25,3069997913334.797,1903159806187.5,218145733692.51007,1166838107147.2969,948692373454.7867,360666014211.8045,300849417602.5678,61.992218,0.114623,0.189509
2025-04-26,3075560908433.6406,1901681603879.8828,222449295167.95505,1173879304553.758,951430009385.803,361782703519.7038,300849417602.5678,61.832025,0.116975,0.190244
2025-04-27,3049652820115.922,1883757478691.4062,218906465761.86905,1165895341424.5156,946988875662.6467,355144821443.4444,300849417602.5678,61.769571,0.116207,0.18853
2025-04-28,3087149836431.1084,1908348662031.25,219637448199.36203,1178801174399.8584,959163726200.4965,364435167118.7159,300849417602.5678,61.815874,0.115093,0.190969
2025-04-29,3062010223392.1562,1894405338639.6484,219676990169.9735,1167604884752.5078,947927894582.5343,358594927238.476,300849417602.5678,61.868028,0.115961,0.189292
2025-04-30,3050374789431.8296,1892848650492.1875,219017624456.48657,1157526138939.6418,938508514483.1554,351444773021.6258,300849417602.5678,62.052986,0.115708,0.18567
2025-05-01,3110870804577.4146,1938760198282.2268,224566541889.12772,1172110606295.188,947544064406.0604,357305302474.6275,300849417602.5678,62.322106,0.11583,0.184296
2025-05-02,3118801105869.338,1947153473995.1174,224992217984.36465,1171647631874.2207,946655413889.856,357868603998.44025,300849417602.5678,62.432756,0.115549,0.183791
2025-05-03,3087451397070.187,1926693942236.3281,223909426774.0435,1160757454833.8586,936848028059.8152,350646606459.7639,300849417602.5678,62.404025,0.116214,0.181994
2025-05-04,3040995774054.172,1895031969584.961,220826986335.24643,1145963804469.2112,925136818133.9647,344155116037.29755,300849417602.5678,62.316166,0.116529,0.181609
2025-05-05,3050810675837.552,1903713445301.7578,222182681232.67502,1147097230535.7937,924914549303.1187,342048823383.52997,300849417602.5678,62.400249,0.11671,0.179675
2025-05-06,3096783182311.464,1944991660022.461,221619808062.6252,1151791522289.0027,930171714226.3776,345583425470.4822,300849417602.5678,62.80684,0.113944,0.177679
2025-05-07,3099433453118.602,1949609766838.8672,221194802675.52155,1149823686279.7346,928628883604.2131,345208811508.135,300849417602.5678,62.902133,0.113456,0.177066
2025-05-08,3331044603170.8516,2074366148704.1016,269412546941.47525,1256678454466.7498,987265907525.2745,377369193033.91565,300849417602.5678,62.273743,0.129877,0.18192
2025-05-09,3365553758170.6494,2068928963663.086,286383370504.7605,1296624794507.5635,1010241424002.803,388390828643.89795,300849417602.5678,61.473657,0.138421,0.187726
2025-05-10,3470029331694.244,2103597885810.5469,315310416106.8884,1366431445883.6973,1051121029776.8088,418228290393.48376,300849417602.5678,60.621905,0.149891,0.198816
2025-05-11,3423811475176.0176,2091744012447.2656,306496744860.20734,1332067462728.752,1025570717868.5447,403885157540.7363,300849417602.5678,61.094018,0.146527,0.193085
2025-05-12,3411845667598.777,2065756409044.9219,304806888266.1677,1346089258553.8552,1041282370287.6874,405690063396.8795,300849417602.5678,60.546596,0.147552,0.196388
2025-05-13,3479885321826.541,2093018936429.6875,327240316577.6572,1386866385396.8535,1059626068819.1963,415057864850.9463,300849417602.5678,60.146204,0.156348,0.198306
2025-05-14,3439375024104.793,2080352734624.0234,318685300196.40826,1359022289480.7695,1040336989284.3613,403581723829.50635,300849417602.5678,60.486359,0.153188,0.193997
2025-05-15,3405331166479.9834,2084476223677.7344,310967893941.21405,1320854942802.2488,1009887048861.0348,388874737384.4793,300849417602.5678,61.212144,0.149183,0.186558
2025-05-16,3395872725531.274,2079345604327.1484,309678614053.6026,1316527121204.1257,1006848507150.523,387596399726.6349,300849417602.5678,61.231553,0.148931,0.186403
2025-05-17,3370100852545.748,2073353995313.4766,302286367101.40875,1296746857232.2717,994460490130.8629,378816604624.65344,300849417602.5678,61.522016,0.145796,0.182707
2025-05-18,3464000768629.9277,2138753106221.6797,305031053828.9256,1325247662408.2478,1020216608579.3223,393318173409.9348,300849417602.5678,61.742282,0.142621,0.183901
2025-05-19,3434682396872.5923,2121878964598.6328,308807945468.8911,1312803432273.9595,1003995486805.0684,385004261906.3407,300849417602.5678,61.778025,0.145535,0.181445
2025-05-20,3459451987919.409,2145686545313.4766,308198227061.88995,1313765442605.9329,1005567215544.0427,386864614753.4347,300849417602.5678,62.023886,0.143636,0.180299
2025-05-21,3539045168230.596,2203693074966.797,311638244363.4612,1335352093263.799,1023713848900.3379,396292775103.6809,300849417602.5678,62.268012,0.141416,0.179831
2025-05-22,3615743823407.821,2243781444355.4688,325290076181.66425,1371962379052.3523,1046672302870.688,411267394372.76184,300849417602.5678,62.055874,0.144974,0.183292
2025-05-23,3471942081027.9717,2155666647736.3281,308475244425.54803,1316275433291.6436,1007800188866.0955,389079354232.9385,300849417602.5678,62.088209,0.1431,0.180491
2025-05-24,3489179150137.4243,2165780333058.5938,308988589526.1135,1323398817078.8306,1014410227552.717,390127215643.00385,300849417602.5678,62.071342,0.142668,0.180132
2025-05-25,3519378012044.463,2190779956708.9844,311567030064.335,1328598055335.4788,1017031025271.1437,391855314701.2018,300849417602.5678,62.249066,0.142217,0.178866
2025-05-26,3526009373796.777,2198916897668.9453,313077941728.4232,1327092476127.8315,1014014534399.4083,390535389381.9312,300849417602.5678,62.362764,0.142378,0.177604
2025-05-27,3535533310454.285,2189961192427.7344,325157335589.7812,1345572118026.5508,1020414782436.7695,393305490285.3457,300849417602.5678,61.941467,0.148476,0.179595
2025-05-28,3504085110560.125,2166004802560.5469,327494678911.03656,1338080307999.5781,1010585629088.5414,389332438219.7114,300849417602.5678,61.813704,0.151198,0.179747
2025-05-29,3437729336947.361,2122593813627.9297,321443699179.09375,1315135523319.4314,993691824140.3375,379176164570.57825,300849417602.5678,61.744064,0.151439,0.178638
2025-05-30,3354335959674.2,2089578274182.6172,308902798503.55804,1264757685491.583,955854886988.0249,357500036604.40375,300849417602.5678,62.294842,0.14783,0.171087
2025-05-31,3371486899535.3457,2102427818910.1562,308798257462.522,1269059080625.1897,960260823162.6676,359067997462.28284,300849417602.5678,62.359068,0.146877,0.170787
2025-06-01,3396754476719.1616,2122801644131.836,309674798469.55566,1273952832587.326,964278034117.7704,361268096341.9084,300849417602.5678,62.494998,0.14588,0.170185
2025-06-02,3414277918497.365,2127411431449.2188,318323177422.9532,1286866487048.1465,968543309625.1931,364273086252.8792,300849417602.5678,62.309264,0.149629,0.171228
2025-06-03,3404973800189.624,2118388699300.7812,316636122898.44806,1286585100888.8428,969948977990.3947,364052459797.6122,300849417602.5678,62.214537,0.14947,0.171853
2025-06-04,3382091574612.2812,2104314304556.6406,318511899787.025,1277777270055.6406,959265370268.6156,356765921179.1098,300849417602.5678,62.219318,0.151361,0.16954
2025-06-05,3264038703763.897,2040902141169.9219,295025310660.07886,1223136562593.975,928111251933.8962,340598338809.9096,300849417602.5678,62.526898,0.144556,0.166886
2025-06-06,3343007558729.1177,2097449933003.9062,302462241678.5725,1245557625725.2114,943095384046.6389,348744496217.9818,300849417602.5678,62.741406,0.144205,0.166271
2025-06-07,3385973583367.9224,2122068743359.375,308482994830.6434,1263904840008.5474,955421845177.9042,356794270039.21344,300849417602.5678,62.672336,0.145369,0.168135
2025-06-08,3393103955330.2793,2125645657024.414,306563815673.5325,1267458298305.8652,960894482632.3328,355811468425.62976,300849417602.5678,62.646052,0.144222,0.16739
2025-06-09,3528446095196.207,2216070448881.836,327409722547.4914,1312375646314.371,984965923766.8798,368940891031.56494,300849417602.5678,62.805847,0.147743,0.166484
2025-06-10,3553864457142.95,2215329699525.3906,343526809180.2735,1338534757617.5593,995007948437.286,376138288993.9739,300849417602.5678,62.335796,0.155068,0.169789
2025-06-11,3503833990500.9,2183772426984.375,338644292444.2058,1320061563516.5247,981417271072.319,369078778929.4666,300849417602.5678,62.325225,0.155073,0.16901
2025-06-12,3406722029965.5435,2128366290176.7578,323780714598.59515,1278355739788.786,954575025190.1907,354142909938.43274,300849417602.5678,62.47549,0.152126,0.166392
2025-06-13,3390543659392.191,2131619528238.2812,314951870443.4774,1258924131153.9097,943972260710.4321,349261506226.02673,300849417602.5678,62.86955,0.147752,0.163848
2025-06-14,3364035474778.355,2119191138527.3438,309330203535.3163,1244844336251.0112,935514132715.695,344692358078.4472,300849417602.5678,62.995505,0.145966,0.162653
2025-06-15,3375953050189.047,2120790836915.039,310965479391.9344,1255162213274.0076,944196733882.0732,346456467943.90405,300849417602.5678,62.820507,0.146627,0.163362
2025-06-16,3406051175522.022,2145800506752.9297,310204538657.8229,1260250668769.092,950046130111.2692,348319804365.10864,300849417602.5678,62.999656,0.144564,0.162326
2025-06-17,3342300174323.5815,2101684871950.1953,306560685702.244,1240615302373.3862,934054616671.1422,339924413119.9995,300849417602.5678,62.881392,0.145864,0.161739
2025-06-18,3348870213718.9297,2107355159935.5469,308213906727.5829,1241515053783.3826,933301147055.7997,339764789741.89667,300849417602.5678,62.927346,0.146256,0.161228
2025-06-19,3345142990139.3174,2103355992452.1484,307890595598.10535,1241786997687.1692,933896402089.0638,340046980359.1496,300849417602.5678,62.87791,0.146381,0.161669
2025-06-20,3286389057468.353,2075735255694.336,293928687957.5876,1210653801774.0173,916725113816.4297,330442535944.27655,300849417602.5678,63.16158,0.141602,0.159193
2025-06-21,3234589455159.696,2054594152902.3438,280887498633.147,1179995302257.352,899107803624.2051,321626467861.07947,300849417602.5678,63.519472,0.136712,0.15654
2025-06-22,3186705790728.8623,2029071499615.2344,272061903686.3192,1157634291113.628,885572387427.3087,315344299515.0658,300849417602.5678,63.67301,0.134082,0.155413
2025-06-23,3344654802386.036,2121308215571.289,295701652741.64966,1223346586814.7468,927644934073.0972,335689742864.1643,300849417602.5678,63.423831,0.139396,0.158247
2025-06-24,3362017793956.106,2130708621581.0547,298898665034.23126,1231309172375.0513,932410507340.82,337835768979.6439,300849417602.5678,63.375888,0.140281,0.158556
2025-06-25,3379103967430.616,2157142652440.4297,295394617462.8723,1221961314990.1865,926566697527.3142,333543930173.2758,300849417602.5678,63.837712,0.136938,0.154623
2025-06-26,3356476366218.0737,2149080430000.0,295008349196.6202,1207395936218.074,912387587021.4537,327740979852.4292,300849417602.5678,64.027873,0.137272,0.152503
2025-06-27,3367712690421.906,2151660887442.3828,295950977311.717,1216051802979.5227,920100825667.8058,330579595467.9221,300849417602.5678,63.890869,0.137545,0.153639
2025-06-28,3387116875394.2256,2156468459076.1719,297567860860.8588,1230648416318.0537,933080555457.1948,335257257068.4623,300849417602.5678,63.666786,0.137989,0.155466
2025-06-29,3426967092167.0435,2177723523307.6172,305363933727.7708,1249243568859.4263,943879635131.6555,342183522033.2793,300849417602.5678,63.546672,0.140222,0.157129
2025-06-30,3396608162577.849,2152603345407.2266,303594039296.4965,1244004817170.6223,940410777874.1257,335396634296.9011,300849417602.5678,63.375086,0.141036,0.15581
2025-07-01,3338250427290.5195,2123729503730.4688,293744138888.56714,1214520923560.0505,920776784671.4834,326076860683.06805,300849417602.5678,63.61804,0.138315,0.15354
2025-07-02,3446427948774.5806,2187242285963.8672,313956688619.9841,1259185662810.7134,945228974190.7292,341132949559.41394,300849417602.5678,63.464036,0.14354,0.155965
2025-07-03,3469320406376.9624,2203088263084.961,316358598777.5338,1266232143292.0017,949873544514.4677,343472206051.1666,300849417602.5678,63.502012,0.143598,0.155905
2025-07-04,3409421100160.7764,2170666390532.2266,306286798309.87445,1238754709628.5498,932467911318.6753,332810961479.1499,300849417602.5678,63.666714,0.141103,0.153322
2025-07-05,3416080587274.4497,2174621448973.6328,307356592687.0357,1241459138300.817,934102545613.7814,334294063026.1655,300849417602.5678,63.658377,0.141338,0.153725
2025-07-06,3456377393513.958,2194731718745.1172,313944615873.5856,1261645674768.8408,947701058895.2551,340691013141.65466,300849417602.5678,63.498035,0.143045,0.155231
2025-07-07,3429522081270.8296,2176001230038.086,310498577103.4403,1253520851232.7434,943022274129.3031,338031308323.153,300849417602.5678,63.44911,0.142692,0.155345
2025-07-08,3460894729602.289,2189069750258.789,319349837814.83386,1271824979343.5,952475141528.666,343278202790.70447,300849417602.5678,63.251555,0.145884,0.156815
2025-07-09,3549873535640.1855,2236814884239.258,338308312383.3224,1313058651400.9275,974750339017.6052,355079906831.8303,300849417602.5678,63.011115,0.151246,0.158744
2025-07-10,3699102623122.6216,2330458380388.672,360782728414.06616,1368644242733.95,1007861514319.8837,372720057507.54596,300849417602.5678,63.000641,0.154812,0.159934
2025-07-11,3749571123287.9697,2361195475903.32,361154032436.6342,1388375647384.6494,1027221614948.0151,379661962461.5717,300849417602.5678,62.972415,0.152954,0.160792
2025-07-12,3743060735495.1655,2359552610303.711,359325652256.1404,1383508125191.4543,1024182472935.3142,378148431356.80365,300849417602.5678,63.038053,0.152286,0.160263
2025-07-13,3800621026928.708,2393325695075.1953,363043223487.87616,1407295331853.5127,1044252108365.6365,390801643399.9746,300849417602.5678,62.971964,0.15169,0.163288
2025-07-14,3838775780544.7935,2408065178826.172,367926187362.69934,1430710601718.6216,1062784414355.9224,401588432011.7452,300849417602.5678,62.730029,0.152789,0.166768
2025-07-15,3817948520949.944,2366423417695.3125,383376411255.5273,1451525103254.631,1068148691999.1038,408354590746.50653,300849417602.5678,61.981543,0.162007,0.172562
2025-07-16,3880131658358.848,2385738625909.1797,411656566315.4467,1494393032449.6685,1082736466134.2217,406176144367.8114,300849417602.5678,61.486023,0.172549,0.170252
2025-07-17,3950737506890.36,2396816274316.4062,424510821830.8375,1553921232573.9539,1129410410743.1162,420663809981.277,300849417602.5678,60.667566,0.177114,0.175509
2025-07-18,3932017627611.824,2370965079303.711,433330246262.8394,1561052548308.1135,1127722302045.274,420717956439.1924,300849417602.5678,60.298943,0.182765,0.177446
2025-07-19,3945634073780.3853,2369694236584.961,438978204929.824,1575939837195.4246,1136961632265.6006,429761413970.0362,300849417602.5678,60.058642,0.185247,0.181357
2025-07-20,3975027894642.2686,2356851441639.6484,459026535500.9706,1618176453002.62,1159149917501.6497,444546737319.41504,300849417602.5678,59.291444,0.194763,0.188619
2025-07-21,3998230398316.3564,2359639258670.899,459502708466.3288,1638591139645.458,1179088431179.1294,448706276353.13434,300849417602.5678,59.017091,0.194734,0.190159
2025-07-22,4058570276403.2324,2410992857624.0234,457765753256.7097,1647577418779.2087,1189811665522.499,451281484175.278,300849417602.5678,59.40498,0.189866,0.187177
2025-07-23,3953871702531.8286,2386069208266.6016,443182054462.79224,1567802494265.2268,1124620439802.4346,420616380382.20435,300849417602.5678,60.347664,0.185737,0.17628
2025-07-24,3943609392603.663,2378294244000.0,452742626286.6622,1565315148603.6624,1112572522317.0002,415564003463.50714,300849417602.5678,60.307551,0.190364,0.174732
2025-07-25,3945541315716.277,2363584270924.8047,455094397285.0951,1581957044791.472,1126862647506.377,425327648860.8718,300849417602.5678,59.905196,0.192544,0.17995
2025-07-26,3959243998854.8804,2369842731793.9453,456819548031.5689,1589401267060.935,1132581719029.3662,429190915982.2084,300849417602.5678,59.85594,0.192764,0.181105
2025-07-27,4028732453409.5415,2400003898215.8203,473162529163.6301,1628728555193.7214,1155566026030.0913,438616201634.35803,300849417602.5678,59.572184,0.197151,0.182756
2025-07-28,3953631606629.1978,2369382804772.461,462439724477.21173,1584248801856.737,1121809077379.5254,419104254256.63885,300849417602.5678,59.929276,0.195173,0.176883
2025-07-29,3950282602073.5107,2369336027211.914,463175863915.0181,1580946574861.5964,1117770710946.5784,415698895156.4665,300849417602.5678,59.978899,0.195488,0.17545
2025-07-30,3939111265059.663,2367508405945.3125,464976432064.9198,1571602859114.3506,1106626427049.4307,411204307342.0331,300849417602.5678,60.102603,0.196399,0.173687
2025-07-31,3861954931194.664,2325857226513.672,451363173416.6913,1536097704680.9922,1084734531264.301,398573275393.5201,300849417602.5678,60.224867,0.194063,0.171366
2025-08-01,3763657726866.9214,2276869661688.4766,425924913049.73456,1486788065178.4448,1060863152128.7101,387815498390.9721,300849417602.5678,60.496194,0.187066,0.170328
2025-08-02,3708651093378.604,2260932954936.5234,414249255675.34357,1447718138442.0806,1033468882766.7369,378401468434.9159,300849417602.5678,60.963755,0.18322,0.167365
2025-08-03,3784704989918.7095,2294904294939.453,427025410954.7735,1489800694979.2566,1062775284024.483,391567115594.06116,300849417602.5678,60.636279,0.186075,0.170625
2025-08-04,3856875484731.9775,2312067421424.8047,454083327131.1563,1544808063307.173,1090724736176.0168,404498985807.4289,300849417602.5678,59.946644,0.196397,0.174951
2025-08-05,3800745644293.06,2293372722260.742,441008185070.54803,1507372922032.3179,1066364736961.7698,392008535088.0845,300849417602.5678,60.340074,0.192297,0.170931
2025-08-06,3839345099797.5483,2311185711500.0005,449801884119.4834,1528159388297.5483,1078357504178.065,397481376203.22064,300849417602.5678,60.197394,0.19462,0.171982
2025-08-07,3962827964992.3325,2360791744743.164,477934066060.5824,1602036220249.1685,1124102154188.5862,415733854956.6075,300849417602.5678,59.57341,0.202447,0.176099
2025-08-08,3964460506739.495,2344553652366.211,489597292977.57043,1619906854373.2842,1130309561395.7136,422490762129.24304,300849417602.5678,59.139286,0.208823,0.180201
2025-08-09,4000834821459.6426,2340768908197.2656,520579865247.9867,1660065913262.377,1139486048014.3904,432875007177.95557,300849417602.5678,58.507012,0.222397,0.184929
2025-08-10,4055735731243.699,2397156118002.9297,519434414993.39465,1658579613240.7695,1139145198247.3748,432279839761.4686,300849417602.5678,59.105333,0.216688,0.18033
2025-08-11,4020833711062.146,2385596723510.742,516107106467.46014,1635236987551.4038,1119129881083.9436,419590716986.23486,300849417602.5678,59.330897,0.216343,0.175885
2025-08-12,4136699138284.983,2414559097214.8438,560545902255.173,1722140041070.1394,1161594138814.9663,439565203813.28577,300849417602.5678,58.369222,0.232152,0.182048
2025-08-13,4243679246971.089,2478275157773.4375,580735051725.052,1765404089197.6516,1184669037472.5996,452941410962.82776,300849417602.5678,58.39921,0.23433,0.182765
2025-08-14,4077067821787.6323,2378125028529.297,555325169764.4443,1698942793258.3357,1143617623493.8914,431138912736.52795,300849417602.5678,58.329298,0.233514,0.181294
2025-08-15,4037652610157.7153,2358811703975.586,542116810163.94714,1678840906182.1294,1136724096018.1821,430936190336.4584,300849417602.5678,58.420373,0.229826,0.182692
2025-08-16,4046236804480.0635,2360680294850.586,540430798963.20483,1685556509629.4775,1145125710666.2725,433909421712.1468,300849417602.5678,58.342613,0.22893,0.183807
2025-08-17,4061098606165.9985,2359910976648.437,546180586029.44214,1701187629517.561,1155007043488.119,441387400850.2455,300849417602.5678,58.110162,0.231441,0.187036
2025-08-18,3997790582671.576,2335785057367.1875,526551194662.9496,1662005525304.389,1135454330641.4392,429860266794.2184,300849417602.5678,58.426899,0.225428,0.184032
2025-08-19,3858332650300.3706,2267046373973.633,497364629727.1289,1591286276326.738,1093921646599.609,409030945071.56116,300849417602.5678,58.757152,0.219389,0.180425
2025-08-20,3956572584635.7515,2296050973059.5703,529236829265.48987,1660521611576.1814,1131284782310.6914,426691139438.6686,300849417602.5678,58.031312,0.230499,0.185837
2025-08-21,3882831338227.0605,2258765333011.7188,515648401722.8169,1624066005215.3416,1108417603492.5247,418469056520.8196,300849417602.5678,58.173151,0.228288,0.185265
2025-08-22,4112361427463.7397,2348277962438.4766,589901336594.3212,1764083465025.2632,1174182128430.942,448839133279.2817,300849417602.5678,57.102908,0.251206,0.191135
2025-08-23,4071565483680.322,2318144266060.547,583154370484.8159,1753421217619.7747,1170266847134.9587,447727799434.2443,300849417602.5678,56.934962,0.251561,0.193141
2025-08-24,4027268763178.741,2279649316192.383,583588691262.6592,1747619446986.3586,1164030755723.6995,442284152328.7305,300849417602.5678,56.605343,0.255999,0.194014
2025-08-25,3853869099596.4536,2212659768225.586,533936078730.30286,1641209331370.8674,1107273252640.5647,413506733160.69604,300849417602.5678,57.413983,0.24131,0.186882
2025-08-26,3950035986365.0103,2246380895371.0938,561706078279.4462,1703655090993.9167,1141949012714.4705,429471933729.5421,300849417602.5678,56.869884,0.250049,0.191184
2025-08-27,3924399155005.763,2234715388023.4375,549858391721.1887,1689683766982.3257,1139825375261.1372,427832914682.9205,300849417602.5678,56.944141,0.246053,0.191449
2025-08-28,3975265251889.534,2261292420083.008,550320494720.3738,1713972831806.5264,1163652337086.1526,442388890221.50665,300849417602.5678,56.884064,0.243365,0.195635
2025-08-29,3839612898562.523,2178231169719.7266,532368946820.023,1661381728842.7964,1129012782022.7734,424404361542.7036,300849417602.5678,56.730489,0.244404,0.194839
2025-08-30,3850763946363.0557,2186212551745.1172,534078388091.55365,1664551394617.9382,1130473006526.3845,427580623659.2522,300849417602.5678,56.773476,0.244294,0.195581
2025-08-31,3832244013896.707,2174732584922.8516,536015572035.886,1657511428973.8557,1121495856937.9697,422844441620.31506,300849417602.5678,56.748281,0.246474,0.194435
2025-09-01,3830120938285.702,2195103898597.6562,526791159128.4018,1635017039688.0461,1108225880559.6443,415180277980.9054,300849417602.5678,57.311608,0.239985,0.189139
2025-09-02,3896806948050.4897,2234283872875.9766,528121486353.76825,1662523075174.5132,1134401588820.7449,426356695612.804,300849417602.5678,57.336273,0.236372,0.190825
2025-09-03,3928124811385.8955,2244784650360.3516,543386684229.5699,1683340161025.544,1139953476795.974,431506792818.3284,300849417602.5678,57.14647,0.242066,0.192226
2025-09-04,3867331733433.055,2224700123944.336,524871026075.2791,1642631609488.7192,1117760583413.4402,419342050932.11426,300849417602.5678,57.525454,0.235929,0.188494
2025-09-05,3875932421724.516,2223241072181.6406,525877684460.16364,1652691349542.8752,1126813665082.7117,426052242591.06665,300849417602.5678,57.360161,0.236537,0.191636
2025-09-06,3859804729212.6343,2214675912479.492,521879369708.474,1645128816733.1423,1123249447024.6682,424614596363.84827,300849417602.5678,57.377926,0.235646,0.191728
2025-09-07,3901210417787.507,2233621452387.6953,525677306679.1985,1667588965399.8118,1141911658720.6133,431304151247.4054,300849417602.5678,57.254575,0.235348,0.193096
2025-09-08,3940884460312.2812,2251781192067.383,526009977913.2912,1689103268244.8987,1163093290331.6072,442385034048.01135,300849417602.5678,57.13898,0.233597,0.19646
2025-09-09,3933693592642.05,2240913571767.578,526128320637.24713,1692780020874.4722,1166651700237.225,445098162571.6127,300849417602.5678,56.967161,0.234783,0.198624
2025-09-10,4003326156742.7593,2289633813822.2656,531025026576.4894,1713692342920.4934,1182667316344.0042,452822280996.0983,300849417602.5678,57.193287,0.231926,0.197771
2025-09-11,4062725172900.348,2320820790170.8984,544710751512.3594,1741904382729.4497,1197193631217.0903,458786976221.6239,300849417602.5678,57.12473,0.234706,0.197683
2025-09-12,4131788411663.6562,2332756445779.297,575725368726.9198,1799031965884.3591,1223306597157.4392,469171555663.2775,300849417602.5678,56.458759,0.2468,0.201123
2025-09-13,4129394920016.4937,2329721084409.1797,569978622204.22,1799673835607.3137,1229695213403.0938,473550251750.70874,300849417602.5678,56.417977,0.244655,0.203265
2025-09-14,4091680213624.347,2318813907246.0938,562825832960.222,1772866306378.2532,1210040473418.0312,461748133227.57886,300849417602.5678,56.671435,0.242721,0.199131
2025-09-15,4065843850937.392,2319561720328.125,552718827767.8795,1746282130609.2673,1193563302841.3877,452483687404.1002,300849417602.5678,57.049946,0.238286,0.195073
2025-09-16,4103128075504.2744,2347657139445.3125,549879317814.9462,1755470936058.9617,1205591618244.0156,455794052919.9778,300849417602.5678,57.216277,0.234225,0.194148
2025-09-17,4129250762239.901,2340128934659.1797,560766729181.8896,1789121827580.7212,1228355098398.8315,466301814975.56836,300849417602.5678,56.671999,0.239631,0.199263
2025-09-18,4148076780477.389,2353564611638.672,560423088143.662,1794512168838.7173,1234089080695.0552,471421195004.32996,300849417602.5678,56.738694,0.238117,0.200301
2025-09-19,4079062732714.3735,2324463945884.7656,545893105618.9054,1754598786829.6077,1208705681210.7024,457050641929.03,300849417602.5678,56.985246,0.234847,0.196626
2025-09-20,4090649317302.944,2325129034891.6016,547278758812.9526,1765520282411.3425,1218241523598.3901,458693857992.6886,300849417602.5678,56.840097,0.235376,0.197277
2025-09-21,4070321178872.053,2316773275410.1562,543501449843.4818,1753547903461.897,1210046453618.415,452177858847.2089,300849417602.5678,56.918685,0.234594,0.195176
2025-09-22,3945444166350.9673,2265385299659.1797,513165827733.7747,1680058866691.7876,1166893038958.013,433794662177.08246,300849417602.5678,57.417751,0.226525,0.191488
2025-09-23,3918836488054.571,2250637339437.5,508602568069.13477,1668199148617.0706,1159596580547.9358,429138235007.77795,300849417602.5678,57.431264,0.225982,0.190674
2025-09-24,3951321040248.8574,2277041388706.0547,507133150881.5571,1674279651542.8025,1167146500661.2454,431022003129.82056,300849417602.5678,57.627345,0.222716,0.18929
2025-09-25,3779069638729.904,2191059209327.1484,472318510048.74646,1588010429402.7554,1115691919354.009,413097117519.03174,300849417602.5678,57.9788,0.215566,0.188538
2025-09-26,3836733666783.7134,2204391284998.047,492776628384.6846,1632342381785.6667,1139565753400.9822,423914511367.6266,300849417602.5678,57.454895,0.223543,0.192305
2025-09-27,3834761283765.8403,2203770775948.242,490672900158.5532,1630990507817.5984,1140317607659.0452,423443110694.18713,300849417602.5678,57.468265,0.222652,0.192145
2025-09-28,3917348139375.72,2252810141427.7344,505668860885.04254,1664537997947.9858,1158869137062.943,430820273897.1532,300849417602.5678,57.508551,0.224461,0.191237
2025-09-29,3977567562046.7495,2298575391612.3047,514931906581.00214,1678992170434.4448,1164060263853.4426,428338672362.5405,300849417602.5678,57.788469,0.224022,0.18635
2025-09-30,3949726478611.591,2291657649688.4766,506215979866.27356,1658068828923.1145,1151852849056.8408,424168591568.5582,300849417602.5678,58.020667,0.220895,0.185092
2025-10-01,4101841983169.562,2383938788629.883,531265110278.943,1717903194539.6792,1186638084260.736,441113017625.8524,300849417602.5678,58.118738,0.222852,0.185035
2025-10-02,4193782280310.414,2424773087440.4297,547969617999.4519,1769009192869.9844,1221039574870.5325,453064119714.1578,300849417602.5678,57.818287,0.225988,0.186848
2025-10-03,4240485909995.298,2456624995824.2188,551259784199.4296,1783860914171.0789,1232601129971.6492,452554792453.08954,300849417602.5678,57.93263,0.224397,0.184218
2025-10-04,4218849539712.976,2459817642817.383,548125103049.3648,1759031896895.5935,1210906793846.2288,443209007373.4811,300849417602.5678,58.305413,0.222832,0.18018
2025-10-05,4246523891208.761,2481679088647.461,551327212723.759,1764844802561.3,1213517589837.541,443161048946.93823,300849417602.5678,58.440248,0.222159,0.178573
2025-10-06,4317397764753.791,2506574640074.2183,572370754927.6494,1810823124679.5723,1238452369751.9229,456499703862.7075,300849417602.5678,58.057533,0.228348,0.182121
2025-10-07,4196166543244.005,2440246727737.3047,543479808327.7156,1755919815506.7,1212440007178.9844,435773690133.4641,300849417602.5678,58.154192,0.222715,0.178578
2025-10-08,4258286717447.773,2478492249606.446,552819881126.6228,1779794467841.3284,1226974586714.7056,442957866393.59875,300849417602.5678,58.203978,0.223047,0.178721
2025-10-09,4180818837829.3496,2445354272250.9766,533466702274.0284,1735464565578.3728,1201997863304.3445,434172512029.1461,300849417602.5678,58.489841,0.218155,0.17755
2025-10-10,3804234129117.318,2274745520918.9453,469226336889.7047,1529488608198.372,1060262271308.6675,360687468087.51807,300849417602.5678,59.795098,0.206276,0.158562
2025-10-11,3742620153886.6265,2226393534424.8047,457944757805.1619,1516226619461.8215,1058281861656.6598,358702540231.7551,300849417602.5678,59.487563,0.205689,0.161114
2025-10-12,3949536612169.018,2314034119599.6094,508471168893.51825,1635502492569.4087,1127031323675.8904,384223085978.7607,300849417602.5678,58.590016,0.219734,0.16604
2025-10-13,3980696266256.17,2316069728341.797,518366051460.25104,1664626537914.3728,1146260486454.1218,394067150692.9246,300849417602.5678,58.182528,0.223813,0.170145
2025-10-14,3890275130375.5435,2272822617842.7734,503707412210.9116,1617452512532.77,1113745100321.8584,382959056422.457,300849417602.5678,58.423185,0.221622,0.168495
2025-10-15,3797230689128.7827,2225896876030.2734,486863576054.1886,1571333813098.5093,1084470237044.3207,371018312935.1879,300849417602.5678,58.618953,0.218727,0.166683
2025-10-16,3708508946687.7236,2173714466608.3984,475544407504.9334,1534794480079.3254,1059250072574.392,359626332831.27594,300849417602.5678,58.614244,0.21877,0.165443
2025-10-17,3643008863654.4478,2139190743264.6484,467950411546.2575,1503818120389.7993,1035867708843.5417,350214757478.1836,300849417602.5678,58.720438,0.218751,0.163714
2025-10-18,3680182782809.925,2153867752287.1094,475006171680.3117,1526315030522.8157,1051308858842.5039,354896169241.26337,300849417602.5678,58.526108,0.220536,0.164772
2025-10-19,3733455133419.613,2183372306172.8516,486520501391.7179,1550082827246.7615,1063562325855.0435,362025393005.6651,300849417602.5678,58.481279,0.22283,0.16581
2025-10-20,3783040709249.3203,2221994246129.883,486045610224.1255,1561046463119.4375,1075000852895.312,366218598003.5654,300849417602.5678,58.735668,0.218743,0.164815
2025-10-21,3706794814599.311,2179558365271.4844,473347823463.9098,1527236449327.827,1053888625863.9172,357854576908.8546,300849417602.5678,58.799002,0.217176,0.164187
2025-10-22,3669418057148.864,2163719451875.9766,464966744058.5506,1505698605272.887,1040731861214.3364,350165560424.5281,300849417602.5678,58.966283,0.214892,0.161835
2025-10-23,3744432386387.5513,2211562222241.211,470815766119.2588,1532870164146.3403,1062054398027.0815,356245710844.60645,300849417602.5678,59.062683,0.212888,0.161083
2025-10-24,3784859061967.4126,2230935196033.203,480405521199.23773,1553923865934.2095,1073518344734.9717,362267900264.661,300849417602.5678,58.94368,0.215338,0.162384
2025-10-25,3808372582825.221,2243147435741.211,482713621645.88336,1565225147084.01,1082511525438.1268,364920122717.947,300849417602.5678,58.90042,0.215195,0.162682
2025-10-26,3912543653194.964,2300023298385.742,507685039342.8468,1612520354809.2214,1104835315466.3748,376697899379.3338,300849417602.5678,58.785882,0.22073,0.16378
2025-10-27,3893757627717.58,2292928335435.547,503061505373.9653,1600829292282.0332,1097767786908.0679,370706703101.3993,300849417602.5678,58.88729,0.219397,0.161674
2025-10-28,3836407291297.834,2269557606905.2734,486229026541.632,1566849684392.5608,1080620657850.9286,363462949679.902,300849417602.5678,59.158411,0.21424,0.160147
2025-10-29,3765847354264.0522,2211272452520.508,476594289302.8497,1554574901743.5444,1077980612440.6947,363063690626.5897,300849417602.5678,58.719121,0.215529,0.164188
2025-10-30,3686775804190.079,2176115662392.5781,464509231683.92206,1510660141797.501,1046150910113.5789,348308662637.354,300849417602.5678,59.024898,0.213458,0.16006
2025-10-31,3730017256645.615,2201243531905.2734,469723465758.0707,1528773724740.3418,1059050258982.2711,352600564220.31635,300849417602.5678,59.014299,0.21339,0.160182
2025-11-01,3749157682677.6978,2211447475943.3594,473033276254.04,1537710206734.3384,1064676930480.2982,357957286064.67706,300849417602.5678,58.985182,0.213902,0.161866
2025-11-02,3767032211690.7373,2223012835359.375,477535695238.6814,1544019376331.3623,1066483681092.6809,358576357328.3999,300849417602.5678,59.012313,0.214815,0.161302
2025-11-03,3580859707716.113,2140792796227.539,439837098860.6406,1440066911488.5737,1000229812627.933,332561552318.7899,300849417602.5678,59.784325,0.205455,0.155345
2025-11-04,3416709598585.5664,2041194893352.539,402019027007.12994,1375514705233.027,973495678225.8973,325038218011.285,300849417602.5678,59.741539,0.196953,0.159239
2025-11-05,3504837423301.8896,2087433727094.7266,418208907829.3077,1417403696207.1633,999194788377.8557,334183786634.8541,300849417602.5678,59.558646,0.200346,0.160093
2025-11-06,3418454292648.2896,2035383487827.1484,404422338199.4469,1383070804821.141,978648466621.6942,327518805393.02875,300849417602.5678,59.541047,0.198696,0.160913
2025-11-07,3520917452096.5166,2076997151027.3438,419445753245.524,1443920301069.1729,1024474547823.6489,354769100063.81287,300849417602.5678,58.990226,0.201948,0.170809
2025-11-08,3485780419835.805,2055090654325.1953,415181450552.812,1430689765510.6096,1015508314957.7977,350535293565.0095,300849417602.5678,58.9564,0.202026,0.170569
2025-11-09,3571705695662.986,2104066289302.7344,437433370338.8185,1467639406360.2517,1030206036021.4331,355309946405.0211,300849417602.5678,58.909285,0.207899,0.168868
2025-11-10,3609603838631.8584,2129723310347.6562,435704284771.29626,1479880528284.2021,1044176243512.9058,359260278372.8158,300849417602.5678,59.00158,0.204583,0.168689
2025-11-11,3493109433279.504,2069463766175.7815,417001484143.2031,1423645667103.723,1006644182960.5198,343484380275.7384,300849417602.5678,59.244172,0.201502,0.165977
2025-11-12,3461926205085.437,2042654886945.3125,416734333641.4165,1419271318140.1243,1002536984498.7078,340273238991.0447,300849417602.5678,59.003421,0.204016,0.166584
2025-11-13,3382671681841.903,2003159399590.8203,394715402956.27637,1379512282251.0823,984796879294.8059,334053713987.96796,300849417602.5678,59.218263,0.197046,0.166763
2025-11-14,3239045508629.205,1896675777014.6484,378968159692.7943,1342369731614.5566,963401571921.7623,322317041908.6454,300849417602.5678,58.556626,0.199807,0.169938
2025-11-15,3279210877133.284,1919809321336.914,386641537685.19684,1359401555796.3704,972760018111.1735,328122857773.5753,300849417602.5678,58.544857,0.201396,0.170914
2025-11-16,3232088169400.7446,1892241170091.7969,377632615848.61365,1339846999308.948,962214383460.3342,320506170699.1803,300849417602.5678,58.545469,0.199569,0.169379
2025-11-17,3164011485509.2026,1850384671703.125,369292226070.0051,1313626813806.0776,944334587736.0724,314127827630.3086,300849417602.5678,58.482236,0.199576,0.169764
2025-11-18,3215847603517.521,1867563652328.125,381311643719.62524,1348283951189.3962,966972307469.771,323987752029.6095,300849417602.5678,58.073761,0.204176,0.173482
2025-11-19,3152050330774.937,1837769014778.3203,369112983047.55,1314281315996.6167,945168332949.0668,315789253071.95416,300849417602.5678,58.303924,0.200848,0.171833
2025-11-20,3006435205344.6235,1740640590368.164,345756332442.9524,1265794614976.4595,920038282533.507,304255966039.8871,300849417602.5678,57.89716,0.198637,0.174795
2025-11-21,2945740703129.2153,1709674002257.8125,337688250166.44403,1236066700871.4026,898378450704.9586,295620714098.2068,300849417602.5678,58.038849,0.197516,0.172911
2025-11-22,2937059920329.154,1700786579697.2656,337921239267.31036,1236273340631.8882,898352101364.578,296489631993.34326,300849417602.5678,57.907793,0.198685,0.174325
2025-11-23,2999380592425.9595,1744118768846.6797,342080971109.7359,1255261823579.28,913180852469.5442,301039972877.4489,300849417602.5678,58.149298,0.196134,0.172603
2025-11-24,3072928358848.6846,1773565243210.9375,360522434039.8639,1299363115637.7468,938840681597.8832,308955730695.7147,300849417602.5678,57.715802,0.203276,0.1742
2025-11-25,3054223050011.441,1754906019646.4844,361160143332.95935,1299317030364.9568,938156887031.9974,310167000520.94556,300849417602.5678,57.458345,0.2058,0.176743
2025-11-26,3140417044507.46,1818728977918.9453,369691878689.67194,1321688066588.515,951996187898.843,315558946461.3634,300849417602.5678,57.913613,0.203269,0.173505
2025-11-27,3150470552770.5156,1834139986515.625,368071656504.48895,1316330566254.8909,948258909750.4016,314342147140.2055,300849417602.5678,58.21797,0.200678,0.171384
2025-11-28,3138063106981.889,1826783979662.1094,370240398705.6701,1311279127319.7798,941038728614.1096,312035807114.83875,300849417602.5678,58.213743,0.202673,0.170812
2025-11-29,3127591968531.994,1825427587377.9297,365280854866.65485,1302164381154.0645,936883526287.4097,308952393137.83057,300849417602.5678,58.365273,0.200107,0.169249
2025-11-30,3111966734547.586,1816236424617.1875,365333021054.79663,1295730309930.3987,930397288875.602,306583149112.35614,300849417602.5678,58.362977,0.201148,0.168801
2025-12-01,2972751414631.476,1734405361307.6172,341899402965.75214,1238346053323.859,896446650358.1068,293444845938.4483,300849417602.5678,58.343437,0.197128,0.16919
2025-12-02,3133522260740.628,1835442537513.6719,366044508242.54974,1298079723226.9563,932035214984.4065,307619041462.87415,300849417602.5678,58.574422,0.199431,0.167599
2025-12-03,3223184595560.396,1879195724708.008,389686731465.66064,1343988870852.3882,954302139386.7275,316960081300.02875,300849417602.5678,58.302454,0.207369,0.168668
2025-12-04,3170401677740.5225,1851344082609.375,382695925688.1555,1319057595131.1472,936361669442.9917,310990760001.6189,300849417602.5678,58.394622,0.206712,0.167981
2025-12-05,3081537184774.7217,1796012350377.9297,369279288855.346,1285524834396.792,916245545541.4459,300238402056.35144,300849417602.5678,58.283001,0.205611,0.167169
2025-12-06,3082568869619.2437,1793694035640.625,371205383758.54193,1288874833978.6184,917669450220.0765,301850942265.3865,300849417602.5678,58.188287,0.20695,0.168285
2025-12-07,3107309990838.835,1816464033552.7344,373780932799.4779,1290845957286.101,917065024486.6233,300287021777.87646,300849417602.5678,58.457767,0.205774,0.165314
2025-12-08,3127991404238.7725,1821176951263.6719,381582579996.2085,1306814452975.1006,925231872978.8918,304865705081.35583,300849417602.5678,58.22193,0.209525,0.1674
2025-12-09,3207460781678.7725,1862396615547.8516,405503787993.5016,1345064166130.9207,939560378137.4192,313542800387.4192,300849417602.5678,58.064517,0.217732,0.168354
2025-12-10,3184490094657.8403,1848919341073.2422,406025777776.6734,1335570753584.5984,929544975807.9248,309707790785.9219,300849417602.5678,58.060138,0.219602,0.167507
2025-12-11,3177545900950.408,1858772453407.2266,395240403473.7352,1318773447543.182,923533044069.4465,304559740922.5089,300849417602.5678,58.497108,0.212635,0.16385
2025-12-12,3102098980915.8105,1813747010749.0234,376573433564.58295,1288351970166.787,911778536602.2041,297969500446.0,300849417602.5678,58.46838,0.207622,0.164284
2025-12-13,3111238037292.4688,1814315562172.8516,380544413233.68634,1296922475119.6172,916378061885.9309,299482382993.227,300849417602.5678,58.314907,0.209745,0.165066
2025-12-14,3046355187185.2417,1771648775973.6328,373694605210.41583,1274706411211.6086,901011806001.1929,291849765934.7419,300849417602.5678,58.156343,0.21093,0.164733
2025-12-15,2985314307988.785,1736378652292.9688,361922872622.09283,1248935655695.8164,887012783073.7235,286273976805.0844,300849417602.5678,58.164015,0.208435,0.164868
2025-12-16,3020327174800.4976,1764994275556.6406,361922604338.8396,1255332899243.857,893410294905.0173,287606896303.88464,300849417602.5678,58.437188,0.205056,0.162951
2025-12-17,2947153611337.062,1730832685877.9297,345710664671.39056,1216320925459.1323,870610260787.7417,277506084086.79,300849417602.5678,58.728961,0.199737,0.160331
2025-12-18,2919902271383.4263,1717144755409.1797,345181431240.37964,1202757515974.2468,857576084733.8671,271604344009.60162,300849417602.5678,58.808295,0.201021,0.158172
2025-12-19,3020285396493.7246,1770206206237.3047,363606320227.30365,1250079190256.42,886472870029.1162,285753354068.3882,300849417602.5678,58.610561,0.205403,0.161424
2025-12-20,3026876102954.3237,1775040777000.0,363558923519.2206,1251835325954.324,888276402435.1034,286331281107.64185,300849417602.5678,58.642664,0.204817,0.16131
2025-12-21,3032823893472.4736,1780621434156.25,366493107651.3187,1252202459316.224,885709351664.905,283191349732.4259,300849417602.5678,58.711666,0.205823,0.159041
2025-12-22,3030116019356.0854,1777974577693.3594,367037663037.0181,1252141441662.7263,885103778625.7081,284448804122.6334,300849417602.5678,58.676782,0.206436,0.159985
2025-12-23,2994089278663.637,1756354868249.9998,361824084766.37756,1237734410413.637,875910325647.2595,280519314173.89136,300849417602.5678,58.660738,0.206009,0.159717
2025-12-24,2993278501851.437,1760332373641.6016,359652749160.4145,1232946128209.8354,873293379049.4208,278885728202.36804,300849417602.5678,58.809508,0.20431,0.158428
2025-12-25,2972773213164.4165,1752753153059.5703,354523262785.0585,1220020060104.8462,865496797319.788,276981327005.32764,300849417602.5678,58.960204,0.202267,0.158026
2025-12-26,2982096704413.4526,1754093063317.3828,357229704244.35474,1228003641096.0698,870773936851.7151,279357045905.6069,300849417602.5678,58.820797,0.203655,0.15926
2025-12-27,3007350126663.887,1764153849183.5938,359946727987.5312,1243196277480.2937,883249549492.7625,285484738659.3156,300849417602.5678,58.661405,0.204034,0.161825
2025-12-28,3008873247884.0864,1764830554094.7266,360016302777.88715,1244042693789.36,884026391011.4728,284298006412.49866,300849417602.5678,58.654201,0.203995,0.161091
2025-12-29,2986049357921.1523,1750812198240.2344,358303284396.31256,1235237159680.918,876933875284.6056,280343954504.8208,300849417602.5678,58.633063,0.20465,0.160122
2025-12-30,3023281027159.102,1776771389768.5547,362806090901.20886,1246509637390.5474,883703546489.3386,283113372786.32117,300849417602.5678,58.76964,0.204194,0.159341
2025-12-31,2996960867853.2124,1758260190498.0469,362271402377.38074,1238700677355.1658,876429274977.7849,278429831404.61096,300849417602.5678,58.668106,0.20604,0.158355
2026-01-01,3038339653062.824,1782836304556.6406,366344210445.7369,1255503348506.1836,889159138060.4469,287028382770.0645,300849417602.5678,58.677979,0.205484,0.160995
2026-01-02,3103019633237.164,1807202547479.4922,381487905817.04376,1295817085757.6716,914329179940.6279,299013475758.75757,300849417602.5678,58.240126,0.211093,0.165457
2026-01-03,3121032439525.583,1820433219445.3125,381670427857.03925,1300599220080.2703,918928792223.231,301477163839.32733,300849417602.5678,58.327917,0.209659,0.165607
2026-01-04,3150647789344.678,1836714165090.8203,383476629955.26025,1313933624253.858,930456994298.5978,306267492048.79254,300849417602.5678,58.296398,0.208784,0.166747
2026-01-05,3239153560749.7563,1886323494739.2578,393906290473.57214,1352830066010.4985,958923775536.9265,313960031568.0991,300849417602.5678,58.235075,0.208822,0.16644
2026-01-06,3244235509485.048,1883238844261.7188,402430782182.4456,1360996665223.329,958565883040.8835,313365043337.38464,300849417602.5678,58.048771,0.213691,0.166397
2026-01-07,3157489636293.0835,1834595675301.7578,386667501542.26624,1322893960991.3257,936226459449.0593,305245200527.3617,300849417602.5678,58.102983,0.210764,0.166383
2026-01-08,3137448800147.106,1828951130671.875,379041043309.941,1308497669475.2312,929456626165.2902,302297144705.1686,300849417602.5678,58.294214,0.207245,0.165284
2026-01-09,3120886779862.9673,1818623179006.836,376436012920.39233,1302263600856.131,925827587935.7389,301341982017.23755,300849417602.5678,58.272642,0.20699,0.165698
2026-01-10,3118503213093.303,1816082435399.414,376356511649.66425,1302420777693.889,926064266044.2246,300750994699.2849,300849417602.5678,58.235708,0.207235,0.165604
2026-01-11,3133497303016.1675,1824939405454.1016,380811802209.4759,1308557897562.066,927746095352.5901,301894741890.8096,300849417602.5678,58.239699,0.208671,0.165427
2026-01-12,3135823071297.779,1832283796403.3203,377568853862.0792,1303539274894.4587,925970421032.3792,300681240725.7952,300849417602.5678,58.430714,0.206065,0.164102
2026-01-13,3278278511464.437,1915240974542.9688,405623501942.97437,1363037536921.4685,957414034978.4941,315833179777.4299,300849417602.5678,58.422156,0.211787,0.164905
2026-01-14,3314865956842.894,1947540409185.5466,409607239971.2347,1367325547657.3474,957718307686.1128,315437869055.99817,300849417602.5678,58.751709,0.21032,0.161967
2026-01-15,3264682545914.737,1919850290945.3125,405013723917.4725,1344832254969.4246,939818531051.9521,306326400176.3146,300849417602.5678,58.806645,0.210961,0.159557
2026-01-16,3262646085497.8438,1919326476450.1953,402374055178.9977,1343319609047.6482,940945553868.6505,306003945780.7614,300849417602.5678,58.827296,0.209643,0.159433
2026-01-17,3254857932528.022,1910783292783.2031,404007989619.34937,1344074639744.8188,940066650125.4694,304235478192.225,300849417602.5678,58.705582,0.211436,0.15922
2026-01-18,3204204382595.035,1881338074192.3828,400625057032.23047,1322866308402.6523,922241251370.4219,296541402696.93256,300849417602.5678,58.714671,0.212947,0.157623
2026-01-19,3163027117144.161,1859621513222.6562,389082259486.72406,1303405603921.505,914323344434.7808,293815356497.0957,300849417602.5678,58.792462,0.209227,0.157997
2026-01-20,3017473097392.9365,1774375844964.8438,358433610438.9159,1243097252428.0928,884663641989.1769,281548083178.431,300849417602.5678,58.803369,0.202005,0.158674
2026-01-21,3054842043495.6514,1795795415516.6016,363719923280.4513,1259046627979.05,895326704698.5986,286483798725.9127,300849417602.5678,58.785213,0.20254,0.15953
2026-01-22,3051023581917.845,1797513156607.4219,360146360537.2372,1253510425310.4233,893364064773.1862,285351699919.39545,300849417602.5678,58.915086,0.200358,0.158748
2026-01-23,3051437163363.2373,1798345420453.125,360588729812.6795,1253091742910.1123,892503013097.4329,285333584457.97205,300849417602.5678,58.934375,0.200511,0.158665
2026-01-24,3040958089228.2085,1790446291587.8906,360037377917.8964,1250511797640.3179,890474419722.4214,284875515582.271,300849417602.5678,58.877704,0.201088,0.159109
2026-01-25,2951233805538.9766,1739441483707.0312,343817985937.8558,1211792321831.945,867974335894.0895,275622169879.5183,300849417602.5678,58.939467,0.19766,0.158454
2026-01-26,3014236036868.4844,1773496489615.2344,357316568399.9234,1240739547253.2498,883422978853.3265,280868703786.5271,300849417602.5678,58.837346,0.201476,0.15837
2026-01-27,3051633546309.019,1790282256182.6172,369007994867.75836,1261351290126.4016,892343295258.6433,284558591855.5608,300849417602.5678,58.666358,0.206117,0.158946
2026-01-28,3050252585524.388,1791929830932.6172,367102826058.3198,1258322754591.771,891219928533.451,284831548425.2596,300849417602.5678,58.746933,0.204865,0.158952
2026-01-29,2905944476470.619,1699043095250.9766,344102515232.60614,1206901381219.6428,862798865987.0366,272275140605.97186,300849417602.5678,58.467844,0.202527,0.160252
2026-01-30,2872012530013.3496,1690344509621.0938,329956475852.57306,1181668020392.2559,851711544539.6827,267511041759.72787,300849417602.5678,58.85575,0.195201,0.158258
2026-01-31,2692059189938.725,1579684969450.1953,298542504110.8495,1112374220488.5298,813831716377.6804,253676529703.78882,300849417602.5678,58.679429,0.188989,0.160587
2026-02-01,2623235460856.1807,1546599420635.7422,276915535258.7815,1076636040220.4382,799720504961.6567,248748880075.33588,300849417602.5678,58.957705,0.179048,0.160836
2026-02-02,2677812430892.486,1581044187224.6094,286242879507.7821,1096768243667.8763,810525364160.0942,253744040936.90927,300849417602.5678,59.04238,0.181047,0.160491
2026-02-03,2588844806251.5015,1519657586392.5781,271982014895.3364,1069187219858.9233,797205204963.5869,250396787300.28003,300849417602.5678,58.70022,0.178976,0.164772
2026-02-04,2509650708047.8193,1467139257576.1719,261719047705.0752,1042511450471.6475,780792402766.5723,249265275125.39844,300849417602.5678,58.459899,0.178387,0.169899
2026-02-05,2194886639869.2544,1259834059395.996,222425119865.90765,935052580473.2583,712627460607.3506,222230643860.41452,300849417602.5678,57.398593,0.176551,0.176397
2026-02-06,2430105028380.5063,1417625366708.9844,251936844104.72864,1012479661671.522,760542817566.7933,240565977649.4374,300849417602.5678,58.335971,0.177718,0.169696
2026-02-07,2403259300716.9497,1392039296863.2812,255253331872.78006,1011220003853.6687,755966671980.8887,239817511717.37393,300849417602.5678,57.922976,0.183366,0.172278
2026-02-08,2421580423906.127,1411785235366.211,255035217587.84668,1009795188539.916,754759970952.0693,239444651068.72186,300849417602.5678,58.300159,0.180647,0.169604
2026-02-09,2420196047968.876,1408893032167.9688,256842850530.08527,1011303015800.907,754460165270.8218,239576977288.22968,300849417602.5678,58.214004,0.182301,0.170046
2026-02-10,2373286950172.523,1382234060891.6016,246577990452.42578,991052889280.9213,744474898828.4955,236502161961.15924,300849417602.5678,58.241337,0.178391,0.171101
2026-02-11,2318554626530.9976,1346027758113.2812,236947322176.31848,972526868417.7166,735579546241.3981,233252054002.12442,300849417602.5678,58.054606,0.176034,0.173289
2026-02-12,2305640771362.877,1330554117816.4062,237718904812.81097,975086653546.4708,737367748733.6598,235053659192.40952,300849417602.5678,57.708648,0.178662,0.176658
2026-02-13,2386400512460.9155,1383517618316.4062,250122504081.15753,1002882894144.5095,752760390063.352,242542545570.1283,300849417602.5678,57.975081,0.180787,0.175309
2026-02-14,2430626570137.0405,1401797284359.375,254699058671.46106,1028829285777.6654,774130227106.2043,252310833832.71655,300849417602.5678,57.67226,0.181695,0.179991
2026-02-15,2382779066178.8726,1382118058820.3125,240051269989.25516,1000661007358.56,760609737369.3049,245395683101.20032,300849417602.5678,58.004457,0.173684,0.17755
2026-02-16,2391658203816.931,1383222511558.5938,243943135907.88522,1008435692258.3374,764492556350.4521,246385510081.9096,300849417602.5678,57.835292,0.176359,0.178124
2026-02-17,2359482028091.7437,1356119153457.0312,243244317651.53793,1003362874634.7123,760118556983.1743,244888560782.65527,300849417602.5678,57.475291,0.179368,0.18058
2026-02-18,2320918138281.354,1334642445213.8672,238577679506.62613,986275693067.4867,747698013560.8605,240531763547.29477,300849417602.5678,57.504934,0.178758,0.180222
2026-02-19,2331298392365.9253,1345335669977.539,237872795067.82922,985962722388.3864,748089927320.5571,240521650819.9878,300849417602.5678,57.707571,0.176813,0.178782
2026-02-20,2363415682440.1313,1366390438345.7031,240415047176.10556,997025244094.4288,756610196918.3232,243774586556.9798,300849417602.5678,57.814224,0.175949,0.178408
2026-02-21,2363430619300.76,1366357160349.6094,240990723419.18787,997073458951.1504,756082735531.9625,242387709204.60248,300849417602.5678,57.812451,0.176375,0.177397
2026-02-22,2345715580966.2686,1359437848708.9844,239045535691.132,986277732257.2842,747232196566.1522,239037174411.24405,300849417602.5678,57.954078,0.175841,0.175835
2026-02-23,2256255727806.279,1298303736823.7305,226554461177.5843,957951990982.5483,731397529804.9641,232211698212.26505,300849417602.5678,57.542402,0.1745,0.178858
2026-02-24,2244255136094.71,1287520253344.2383,226245145491.1539,956734882750.4717,730489737259.3177,232036699581.33292,300849417602.5678,57.369603,0.175722,0.18022
2026-02-25,2376871854556.885,1365480316546.875,250867377629.3214,1011391538010.0099,760524160380.6885,245294958704.72,300849417602.5678,57.44863,0.183721,0.17964
2026-02-26,2356516850067.8833,1355306511071.289,247468720662.6341,1001210338996.5941,753741618333.9601,242178964301.2545,300849417602.5678,57.513126,0.182592,0.178689
2026-02-27,2301941333290.7964,1323721768486.3281,235743490504.88324,978219564804.4683,742476074299.5851,238335997246.0146,300849417602.5678,57.504583,0.178091,0.18005
2026-02-28,2332993237877.0283,1346105930009.7656,239930095386.51437,986887307867.2625,746957212480.748,239684081067.56982,300849417602.5678,57.698664,0.17824,0.178057
2026-03-01,2299048616271.5146,1320834588381.836,236757496869.98315,978214027889.6785,741456531019.6953,236378738190.35736,300849417602.5678,57.451355,0.179248,0.178962
2026-03-02,2380976714733.3037,1381870200538.086,247526878510.09958,999106514195.2178,751579635685.1182,239250400257.2863,300849417602.5678,58.037955,0.179125,0.173135
2026-03-03,2360051177693.16,1372181594524.414,242093486827.25473,987869583168.7463,745776096341.4916,235903163463.25305,300849417602.5678,58.142027,0.17643,0.171918
2026-03-04,2484878641686.0933,1460928202154.2969,259643519029.79077,1023950439531.7965,764306920502.0057,243599479853.87164,300849417602.5678,58.792739,0.177725,0.166743
2026-03-05,2434043130501.917,1423366448921.875,252940312899.8239,1010676681580.0422,757736368680.2183,241827170174.13593,300849417602.5678,58.477454,0.177706,0.169898
2026-03-06,2355452288058.6084,1369023952215.8203,241602930898.5946,986428335842.7886,744825404944.1941,236815191530.06738,300849417602.5678,58.121489,0.176478,0.172981
2026-03-07,2332841569349.9727,1351666180847.6562,240467928786.25613,981175388502.3163,740707459716.0602,235020015059.20636,300849417602.5678,57.940762,0.177905,0.173874
2026-03-08,2297520306474.641,1325489583542.9688,236456900389.28503,972030722931.6724,735573822542.3875,232574121260.1643,300849417602.5678,57.692181,0.178392,0.175463
2026-03-09,2362356133178.2866,1374366326362.3047,243335146437.40536,987989806815.982,744654660378.5767,235491973373.09332,300849417602.5678,58.177779,0.177053,0.171346
2026-03-10,2405412622507.461,1404997936908.2031,248729741380.89792,1000414685599.258,751684944218.3601,239275769060.16885,300849417602.5678,58.409851,0.177032,0.170303
2026-03-11,2414757632228.973,1410582832299.8047,250494404288.73285,1004174799929.1682,753680395640.4353,239335241946.06104,300849417602.5678,58.41509,0.177582,0.169671
2026-03-12,2424187300097.0176,1416381052204.1016,253127216899.62332,1007806247892.9161,754679030993.2928,240345674109.9534,300849417602.5678,58.427047,0.178714,0.16969
2026-03-13,2441236644998.4966,1425921006037.1091,255499258188.3056,1015315638961.3872,759816380773.0815,242919297617.16812,300849417602.5678,58.409782,0.179182,0.17036
2026-03-14,2448200410152.1064,1430870950984.375,256051534169.85004,1017329459167.7317,761277924997.8816,243108548537.57562,300849417602.5678,58.445826,0.178948,0.169902
2026-03-15,2499666642427.5835,1462522249561.5234,265867004893.60583,1037144392866.06,771277387972.4542,245652219680.07703,300849417602.5678,58.508692,0.181787,0.167965
2026-03-16,2580027987715.894,1504137011563.4766,287075511489.02563,1075890976152.4177,788815464663.3921,253507763703.74625,300849417602.5678,58.299252,0.190857,0.16854
2026-03-17,2551534031470.7847,1485278120022.461,283031290491.77124,1066255911448.324,783224620956.5527,250858965109.255,300849417602.5678,58.211182,0.190558,0.168897
2026-03-18,2468119570595.974,1431492872779.2969,269065418220.95465,1036626697816.677,767561279595.7224,244218834449.17554,300849417602.5678,57.999332,0.187961,0.170604
2026-03-19,2425812008198.7163,1404713975139.6484,260976648324.69174,1021098033059.0677,760121384734.376,240519790558.68225,300849417602.5678,57.906959,0.185786,0.171223
2026-03-20,2441674168770.4463,1416966242625.9766,262084479305.32095,1024707926144.47,762623446839.1489,241597578065.0631,300849417602.5678,58.032569,0.184962,0.170503
2026-03-21,2387324081721.2246,1380577695727.539,253561120347.9615,1006746385993.6855,753185265645.7241,237701437421.8717,300849417602.5678,57.829505,0.183663,0.172175
2026-03-22,2362252266595.233,1363171420110.3516,250674511779.44867,999080846484.8812,748406334705.4325,235709120768.58624,300849417602.5678,57.706429,0.183891,0.172912
2026-03-23,2448625749488.5415,1424847947634.7656,262774205740.30637,1023777801853.776,761003596113.4696,240704972370.10257,300849417602.5678,58.189699,0.184423,0.168934
2026-03-24,2441024159198.4717,1416871274759.7656,263208675564.4015,1024152884438.7062,760944208874.3047,242001817763.61118,300849417602.5678,58.044132,0.185768,0.1708
2026-03-25,2461865598253.139,1432784906674.8047,264712582054.65344,1029080691578.3344,764368109523.6809,243147985907.3924,300849417602.5678,58.199152,0.184754,0.169703
2026-03-26,2382389230377.573,1382187126359.375,251471819799.00763,1000202104018.1984,748730284219.1908,236941787939.28595,300849417602.5678,58.016847,0.181938,0.171425
2026-03-27,2314575258434.0376,1332895507390.625,243131698303.65244,981679751043.4128,738548052739.7604,233223456984.94888,300849417602.5678,57.587046,0.182409,0.174975
2026-03-28,2314977770336.8228,1332520188104.4922,243305396805.53937,982457582232.3304,739152185426.7911,233769774780.48074,300849417602.5678,57.56082,0.18259,0.175434
2026-03-29,2303135718921.169,1325191023408.2031,242067940299.69043,977944695512.966,735876755213.2755,231367924727.93732,300849417602.5678,57.538555,0.182666,0.174592
2026-03-30,2324743030680.138,1339989528510.7422,247068516571.83554,984753502169.3959,737684985597.5603,232494221705.9439,300849417602.5678,57.640329,0.184381,0.173505
2026-03-31,2370879508357.9707,1370969302242.1875,256982119347.79865,999910206115.7837,742928086767.9851,235305503104.97504,300849417602.5678,57.825347,0.187446,0.171634
2026-04-01,2371553518808.289,1367859850239.2578,261136992282.4144,1003693668569.0314,742556676286.617,236163399394.5045,300849417602.5678,57.677798,0.190909,0.172652
2026-04-02,2327055336002.095,1343950237932.6172,251138999518.66302,983105098069.478,731966098550.815,232591630642.3832,300849417602.5678,57.753257,0.186866,0.173066
2026-04-03,2329828811504.7705,1344804791756.836,250715648544.95474,985024019747.9347,734308371202.98,233616879175.10898,300849417602.5678,57.721185,0.186433,0.173718
2026-04-04,2340670647334.677,1352026273880.8594,252176719142.42972,988644373453.8173,736467654311.3876,234465385463.21027,300849417602.5678,57.762346,0.186518,0.173418
2026-04-05,2382595919988.995,1386010171618.164,257505599593.4888,996585748370.8309,739080148777.3422,234718681712.04202,300849417602.5678,58.172272,0.185789,0.169348
2026-04-06,2377098414607.3105,1383557489123.0469,257354913832.88498,993540925484.2634,736186011651.3784,233347354020.1711,300849417602.5678,58.203627,0.18601,0.168658
2026-04-07,2473396373832.2744,1445459584951.1719,273721652937.4885,1027936788881.1024,754215135943.6139,240562838293.4443,300849417602.5678,58.440273,0.189367,0.166427
2026-04-08,2439390025895.3433,1429037207822.2656,267437087919.67197,1010352818073.0776,742915730153.4056,235874153805.15494,300849417602.5678,58.581743,0.187145,0.165058
2026-04-09,2455573716771.384,1441986115623.0469,267291618777.8823,1013587601148.3369,746295982370.4545,237498981345.33997,300849417602.5678,58.722982,0.185364,0.164703
2026-04-10,2490259075746.163,1466322376955.0781,274129711765.75864,1023936698791.0848,749806987025.3262,238900533698.7699,300849417602.5678,58.882322,0.186951,0.162925
2026-04-11,2496123727285.753,1467833857258.789,279043140694.4566,1028289870026.9637,749246729332.5073,238244792049.6988,300849417602.5678,58.804531,0.190105,0.16231
2026-04-12,2427393020552.1553,1421603970902.3438,267664890210.97452,1005789049649.8115,738124159438.8372,232980321117.02686,300849417602.5678,58.565051,0.188284,0.163886
2026-04-13,2540123622496.57,1496573331177.7344,289461175605.12555,1043550291318.8353,754089115713.7098,239629959877.29767,300849417602.5678,58.917342,0.193416,0.160119
2026-04-14,2522613500113.15,1490484713666.0156,283672934605.9151,1032128786447.1343,748455851841.2192,236692743295.49875,300849417602.5678,59.084942,0.190323,0.158803
2026-04-15,2545891628428.757,1503011681591.7969,288084167093.68475,1042879946836.9601,754795779743.2753,239143125594.7349,300849417602.5678,59.03675,0.191671,0.159109
2026-04-16,2564860796415.355,1509984834518.5547,286766478990.47375,1054875961896.8005,768109482906.3268,244607858123.93475,300849417602.5678,58.871999,0.189913,0.161994
2026-04-17,2616600511285.0366,1549662095078.125,295609691204.26825,1066938416206.9117,771328725002.6434,245409566525.56238,300849417602.5678,59.224253,0.190758,0.158363
2026-04-18,2569019183275.2065,1521519427485.3516,287066300430.66235,1047499755789.855,760433455359.1926,240420004168.76755,300849417602.5678,59.225694,0.188671,0.158013
2026-04-19,2511054169250.039,1483949511725.586,276543396577.20325,1027104657524.453,750561260947.2498,236874250496.59888,300849417602.5678,59.096675,0.186356,0.159624
2026-04-20,2565986711498.053,1524459193102.539,282684400245.25354,1041527518395.5143,758843118150.2607,240348083549.1341,300849417602.5678,59.410253,0.185433,0.157661
2026-04-21,2580559442892.973,1534108556196.289,284242142241.66785,1046450886696.6837,762208744455.016,242107228810.81958,300849417602.5678,59.448681,0.185282,0.157816
2026-04-22,2624461806276.3384,1571286042756.836,290117247396.4469,1053175763519.5026,763058516123.0557,242021032045.0023,300849417602.5678,59.870791,0.184637,0.154027
2026-04-23,2621637690759.2275,1572609157044.9219,284674793701.4906,1049028533714.3055,764353740012.815,242750642955.63928,300849417602.5678,59.985755,0.181021,0.154362
2026-04-24,2602222340410.801,1556261184492.1875,282742736948.22125,1045961155918.6133,763218418970.3921,242409768299.25854,300849417602.5678,59.805081,0.181681,0.155764
2026-04-25,2603707614602.3975,1559409722443.3594,283125994480.18634,1044297892159.0382,761171897678.8519,242015465753.70224,300849417602.5678,59.891891,0.18156,0.155197
2026-04-26,2634869160694.1777,1580416771420.8987,289340805852.14465,1054452389273.279,765111583421.1343,244128235768.14304,300849417602.5678,59.980844,0.183079,0.154471
2026-04-27,2594179561070.582,1554479241984.375,281201091947.005,1039700319086.2068,758499227139.2019,241762269859.4532,300849417602.5678,59.921806,0.180897,0.155526
2026-04-28,2568339695094.334,1534066330814.4534,279535142371.7595,1034273364279.8806,754738221908.1211,240642277393.85767,300849417602.5678,59.729884,0.182218,0.156866
2026-04-29,2549729272057.9644,1522522476518.5547,275139112601.6769,1027206795539.4097,752067682937.7328,240352377147.1687,300849417602.5678,59.713103,0.180713,0.157865
2026-04-30,2561745522295.585,1533135017838.8672,275485317235.4361,1028610504456.7179,753125187221.2819,241102444446.12363,300849417602.5678,59.84728,0.179688,0.157261
2026-05-01,2607462559024.4487,1570801785125.0,280227939159.5327,1036660773899.4485,756432834739.9158,242282960557.38156,300849417602.5678,60.242544,0.178398,0.154242
2026-05-02,2622140691937.0273,1580410963468.75,282808883674.78503,1041729728468.2772,758920844793.4922,243207255703.5899,300849417602.5678,60.271784,0.178946,0.153889
2026-05-03,2620659310945.5645,1578019499928.711,283468681622.4023,1042639811016.8535,759171129394.4512,242843734846.6853,300849417602.5678,60.214599,0.179636,0.153891
2026-05-04,2652666860623.4766,1603932227839.8438,286491995413.09686,1048734632783.6326,762242637370.5356,244413042412.85052,300849417602.5678,60.464895,0.178619,0.152384
2026-05-05,2687073609122.6284,1626016730426.7578,288297303233.8069,1061056878695.8704,772759575462.0635,249341185482.33398,300849417602.5678,60.512549,0.177303,0.153345
2026-05-06,2704207343370.957,1636072493199.2188,287029843717.4638,1068134850171.738,781105006454.2742,252210386208.96432,300849417602.5678,60.501,0.175438,0.154156
2026-05-07,2661889419655.3477,1607590766778.3203,279741243528.7951,1054298652877.0272,774557409348.232,249319742863.4278,300849417602.5678,60.392846,0.174013,0.155089
2026-05-08,2679336800554.9653,1611142564974.6094,281678278426.8757,1068194235580.3557,786515957153.48,254775454551.29416,300849417602.5678,60.13214,0.174831,0.158133
2026-05-09,2691274444540.9824,1620738714668.9453,284090353538.8005,1070535729872.037,786445376333.2365,254146468153.8338,300849417602.5678,60.221978,0.175284,0.156809
2026-05-10,2738345661431.106,1650366177379.8828,289257161095.6156,1087979484051.2234,798722322955.6078,259297784388.86682,300849417602.5678,60.268731,0.175268,0.157115
2026-05-11,2726078850201.744,1642115588923.8281,285632892817.5277,1083963261277.9166,798330368460.3889,257840184849.69925,300849417602.5678,60.237274,0.173942,0.157017
2026-05-12,2683484660727.566,1616983952090.8203,277730997111.81384,1066500708636.7458,788769711524.932,253344081334.6835,300849417602.5678,60.256873,0.171759,0.156677
2026-05-13,2653158508039.9346,1592865567450.1953,275647121846.42676,1060292940589.7394,784645818743.3126,251533369668.93808,300849417602.5678,60.036578,0.173051,0.157912
2026-05-14,2700254510408.6704,1628512109218.75,278499151684.5141,1071742401189.9204,793243249505.4062,253998801947.57092,300849417602.5678,60.309578,0.171014,0.15597
2026-05-15,2641577627709.1978,1588617285911.1328,271465539823.4824,1052960341798.0652,781494801974.5828,248857601707.61783,300849417602.5678,60.138959,0.170882,0.15665
2026-05-16,2608886156856.0127,1569846141539.0625,266144856916.27414,1039040015316.9502,772895158400.676,244956196246.53076,300849417602.5678,60.173041,0.169536,0.156038
2026-05-17,2584134307659.2866,1555739567600.586,259782698419.75305,1028394740058.7006,768612041638.9475,242850150229.20557,300849417602.5678,60.20351,0.166983,0.156099
2026-05-18,2572913340835.831,1546192079126.9531,259889028015.8112,1026721261708.8784,766832233693.0673,242064987733.46332,300849417602.5678,60.094992,0.168083,0.156556
2026-05-19,2561715027922.1567,1542107989964.8438,257623823080.44327,1019607037957.313,761983214876.8699,239871823324.4934,300849417602.5678,60.198265,0.16706,0.155548
2026-05-20,2584914380215.087,1556310630571.289,259701885542.00885,1028603749643.7976,768901864101.7888,242233626920.64133,300849417602.5678,60.207434,0.16687,0.155646
2026-05-21,2591369499566.9565,1557946118501.9531,260242446488.15915,1033423381065.0034,773180934576.8442,243834505109.83545,300849417602.5678,60.12057,0.167042,0.15651
2026-05-22,2531053081035.5737,1516738070122.0703,252089467466.6063,1014315010913.5034,762225543446.8971,239673714762.96185,300849417602.5678,59.925178,0.166205,0.158019
2026-05-23,2568566705599.7773,1540550046043.9453,258354894945.68735,1028016659555.8319,769661764610.1445,243129266983.9478,300849417602.5678,59.977031,0.167703,0.15782
2026-05-24,2571200567510.1353,1546733631421.875,256162305344.2128,1024466936088.2605,768304630744.0477,241659199025.75674,300849417602.5678,60.156086,0.165615,0.156238
2026-05-25,2581685487239.246,1552737327254.8828,257795554171.80597,1028948159984.364,771152605812.5579,243405793908.75476,300849417602.5678,60.144326,0.166027,0.156759
2026-05-26,2541328200118.118,1523519089712.8906,252849066784.45135,1017809110405.228,764960043620.7766,241381033620.57318,300849417602.5678,59.949718,0.165964,0.158437
2026-05-27,2499359676470.4395,1493761654451.1719,246907755284.60776,1005598022019.2675,758690266734.6597,239356413404.24667,300849417602.5678,59.765774,0.165293,0.160237
2026-05-28,2477777258754.0264,1477524032989.2578,245119557973.60828,1000253225764.7687,755133667791.1604,238354002451.1443,300849417602.5678,59.631027,0.165899,0.16132
2026-05-29,2479760073535.1553,1474228255602.539,245659940064.25638,1005531817932.6163,759871877868.36,242633795077.51028,300849417602.5678,59.450439,0.166636,0.164584
2026-05-30,2498978382341.1704,1481909821719.7266,246573206067.7419,1017068560621.4436,770495354553.7017,241883688277.92526,300849417602.5678,59.300626,0.166389,0.163224
2026-05-31,2494926115341.7188,1478390673632.8125,244727476903.53467,1016535441708.9061,771807964805.3715,244053598664.32788,300849417602.5678,59.25589,0.165536,0.165081
2026-06-01,2441230313226.1245,1432983632821.289,244590682253.6017,1008246680404.8357,763655998151.234,242218643106.2089,300849417602.5678,58.69924,0.170686,0.169031
2026-06-02,2305423657473.639,1340234875246.0938,226824726746.03424,965188782227.5455,738364055481.5111,231871286401.14478,300849417602.5678,58.133995,0.169243,0.173008
2026-06-03,2239590345595.9126,1286200670918.9453,221210139534.83524,953389674676.967,732179535142.1318,231551934739.93848,300849417602.5678,57.430176,0.171987,0.180028
2026-06-04,2214468608865.735,1281925154793.457,216063468126.64276,932543454072.2778,716479985945.6351,224741923923.47644,300849417602.5678,57.888613,0.168546,0.175316
2026-06-05,2107920762972.3481,1224081090828.6133,193021036830.16092,883839672143.7349,690818635313.574,213060946767.1128,300849417602.5678,58.070546,0.157686,0.174058
2026-06-06,2103826294025.932,1222970908624.0234,191544480327.12042,880855385401.9086,689310905074.7882,212273843541.60748,300849417602.5678,58.130793,0.156622,0.173572
2026-06-07,2182489825028.0952,1270632141241.6992,205906770913.93896,911857683786.396,705950912872.457,217182071302.61548,300849417602.5678,58.219384,0.162051,0.170924
2026-06-08,2181301198453.3696,1267639790111.8164,206364924187.45044,913661408341.5532,707296484154.1028,217362083894.6344,300849417602.5678,58.113927,0.162795,0.17147
2026-06-09,2139237229808.508,1238569969292.9688,199961837590.17584,900667260515.5393,700705422925.3635,215806071340.7231,300849417602.5678,57.897738,0.161446,0.174238
2026-06-10,2124796363181.164,1234662159327.1484,197816689410.6599,890134203854.0156,692317514443.3558,212424981524.48767,300849417602.5678,58.107317,0.160219,0.172051
2026-06-11,2187393757661.2112,1277092546176.7578,204183274580.86047,910301211484.4534,706117936903.5928,218851650611.17422,300849417602.5678,58.384209,0.159881,0.171367
2026-06-12,2189914958708.5842,1276733787402.832,203309923163.616,913181171305.7522,709871248142.1362,223851498115.12424,300849417602.5678,58.30061,0.159242,0.175331
2026-06-13,2215471865030.616,1294377404199.707,205152000694.65335,921094460830.9093,715942460136.256,226415445736.89215,300849417602.5678,58.424457,0.158495,0.174922
2026-06-14,2255484087690.0435,1320277966805.664,210573021538.596,935206120884.3794,724633099345.7834,229450158999.21524,300849417602.5678,58.536346,0.159491,0.173789
2026-06-15,2284367392180.3237,1331913492562.5,219162407985.5178,952453899617.8239,733291491632.306,232342098950.03665,300849417602.5678,58.305573,0.164547,0.174442
2026-06-16,2264835435683.09,1318072671677.7344,218605273096.16357,946762764005.3555,728157490909.1919,231113690911.03,300849417602.5678,58.197282,0.165852,0.175342
2026-06-17,2231093360140.8145,1294319560135.7422,213414528711.30392,936773800005.0723,723359271293.7683,229583929312.1606,300849417602.5678,58.012792,0.164886,0.177378
2026-06-18,2185728286328.758,1263739514786.621,208731793571.1941,921988771542.137,713256977970.9429,226851065999.51852,300849417602.5678,57.817777,0.16517,0.179508
2026-06-19,2197604008083.0647,1276686303469.7266,208908711472.12067,920917704613.338,712008993141.2174,225038538580.865,300849417602.5678,58.094466,0.163634,0.176268
2026-06-20,2219456890085.303,1290727655675.293,212366420563.7845,928729234410.0104,716362813846.226,225547239420.49765,300849417602.5678,58.155113,0.164532,0.174744
2026-06-21,2189325207982.7004,1270592348920.8987,208127053309.0042,918732859061.8021,710605805752.798,222838763105.6226,300849417602.5678,58.035798,0.163803,0.175382
2026-06-22,2208534232474.1523,1284949685117.6758,210804713937.0714,923584547356.4764,712779833419.405,223481334224.15714,300849417602.5678,58.181108,0.164057,0.173922
2026-06-23,2165900414057.142,1259149348929.1992,203347646769.95508,906751065127.9429,703403418357.9878,219186309894.3735,300849417602.5678,58.135145,0.161496,0.174075
2026-06-24,2117452918084.5579,1225537081643.5544,197790710648.96533,891915836441.0032,694125125792.0378,215253559099.07684,300849417602.5678,57.877891,0.161391,0.17564
2026-06-25,2079329805976.8022,1199950305425.293,191062062323.81042,879379500551.5093,688317438227.6989,212503411253.42725,300849417602.5678,57.708513,0.159225,0.177094
2026-06-26,2091684035055.5964,1205872611442.3828,192502758298.65973,885811423613.2136,693308665314.5538,213957634384.20255,300849417602.5678,57.650802,0.159638,0.17743
2026-06-27,2085851308391.1543,1204338919645.996,191888866596.60727,881512388745.1582,689623522148.5509,212880073038.8136,300849417602.5678,57.738484,0.159331,0.176761
2026-06-28,2076179233138.2954,1196146096768.0664,191739045304.2641,880033136370.229,688294091065.9648,211932641333.42422,300849417602.5678,57.612853,0.160297,0.17718
2026-06-29,2099251637621.8386,1208322860876.4648,196604019296.49094,890928776745.3738,694324757448.8828,213708853301.2941,300849417602.5678,57.559696,0.162708,0.176864
2026-06-30,2056225336979.6084,1176586562134.7656,191644132651.0964,879638774844.8427,687994642193.7462,211831922498.86044,300849417602.5678,57.220701,0.162881,0.180039
2026-07-01,2097068752939.9072,1205618003377.9297,196451992119.6206,891450749561.9775,694998757442.3569,214744172901.32837,300849417602.5678,57.490628,0.162947,0.17812
2026-07-02,2147086265206.3,1235385720284.668,207344262394.37387,911700544921.632,704356282527.258,218527328890.36145,300849417602.5678,57.537778,0.167838,0.17689
2026-07-03,2187563265930.8276,1256661504777.832,214468628518.1471,930901761152.9955,716433132634.8484,223606950687.77692,300849417602.5678,57.445722,0.170665,0.177937
2026-07-04,2204414681186.489,1267593875895.5078,217217592873.09152,936820805290.9808,719603212417.8893,225252893222.7713,300849417602.5678,57.502515,0.171362,0.177701
2026-07-05,2216422534653.6562,1276827891924.8047,217702693708.9345,939594642728.8518,721891949019.9172,225511620833.93277,300849417602.5678,57.607603,0.170503,0.176619
2026-07-06,2225033415470.61,1285811852068.3594,219481396773.6922,939221563402.2505,719740166628.5583,224422409434.5976,300849417602.5678,57.788429,0.170695,0.174538
2026-07-07,2200177817476.9863,1271794987444.8242,215932933419.28687,928382830032.1624,712449896612.8755,220339922751.93692,300849417602.5678,57.804191,0.169786,0.173251
2026-07-08,2168324572044.057,1250902527793.457,212778652687.106,917422044250.5999,704643391563.4939,217331550205.35123,300849417602.5678,57.689819,0.1701,0.17374
2026-07-09,2189736819144.6582,1269700435836.914,212999285853.69537,920036383307.744,707037097454.0488,218714135188.24182,300849417602.5678,57.984157,0.167756,0.172256
2026-07-10,2218312379951.39,1288466557115.2344,219251791022.74243,929845822836.1556,710594031813.4132,220577101188.22855,300849417602.5678,58.083188,0.170165,0.171194
2026-07-11,2208978475107.043,1281934259150.879,218324619003.9608,927044215956.1638,708719596952.203,219730106434.09198,300849417602.5678,58.0329,0.170309,0.171405
2026-07-12,2209171084791.9106,1281054040457.0312,220484358811.53122,928117044334.8792,707632685523.3479,218927808895.32758,300849417602.5678,57.987996,0.172112,0.170897
2026-07-13,2167718833800.4065,1250531760686.0352,216542115259.78137,917187073114.3713,700644957854.59,216711934238.55246,300849417602.5678,57.688836,0.17316,0.173296
2026-07-14,2248609213582.0205,1305122586589.3555,230703014551.12228,943486626992.665,712783612441.5427,220935287535.92352,300849417602.5678,58.041325,0.176767,0.169283
2026-07-15,2246894751403.5586,1300225305640.625,234056316743.37662,946669445762.9333,712613129019.5568,221184603664.49606,300849417602.5678,57.867655,0.180012,0.170113
2026-07-16,2214752531745.8867,1281678159855.4688,227493467468.7615,933074371890.4181,705580904421.6566,218938362053.64853,300849417602.5678,57.870039,0.177497,0.170822
2026-07-17,2214087813048.404,1283891931454.1016,224782241624.78137,930195881594.3024,705413639969.521,219041856572.48126,300849417602.5678,57.987399,0.175079,0.170608
2026-07-18,2236111852849.3936,1301917617319.336,227273534819.55576,934194235530.0576,706920700710.5018,219237184285.51776,300849417602.5678,58.222383,0.174568,0.168396
2026-07-19,2234969121959.2363,1299791906833.0078,228508740727.002,935177215126.2286,706668474399.2267,218262217306.45593,300849417602.5678,58.157041,0.175804,0.167921
2026-07-20,2252783863252.6704,1310626170650.879,232446468177.3213,942157692601.7914,709711224424.4701,219506340417.24686,300849417602.5678,58.17807,0.177355,0.167482
2026-07-21,2287006057689.516,1336245910921.875,235453133501.68613,950760146767.6412,715307013265.9552,222535952016.2574,300849417602.5678,58.427738,0.176205,0.166538
2026-07-22,2277868901447.334,1328121998611.328,236076608877.73148,949746902836.006,713670293958.2745,221811414639.6263,300849417602.5678,58.305463,0.177752,0.167011
2026-07-23,2242595462817.413,1306904764554.6875,229191476892.77643,935690698262.7257,706499221369.9493,218739523318.44788,300849417602.5678,58.276438,0.17537,0.167372
2026-07-24,2217486641190.404,1287891020451.66,227125144371.23016,929595620738.7438,702470476367.5135,217310615172.66953,300849417602.5678,58.078863,0.176354,0.168734
2026-07-25,2226468231649.357,1292177053679.6875,228718001664.57645,934291177969.6694,705573176305.093,219123658678.46472,300849417602.5678,58.037076,0.177002,0.169577
2026-07-26,2262872226279.82,1312841825909.6682,238508954279.90564,950030400370.1521,711521446090.2465,221625260124.32605,300849417602.5678,58.016613,0.181674,0.168813
2026-07-27,2210651963982.1553,1280384556243.164,230841433805.2002,930267407738.9915,699425973933.7913,216282094440.26965,300849417602.5678,57.918866,0.180291,0.16892
2026-07-28,2218051050119.465,1283327382808.1055,234423194092.26517,934723667311.3595,700300473219.0944,216841550110.93292,300849417602.5678,57.858334,0.182668,0.168968
2026-07-29,2216738177334.801,1284066876391.1133,233027674036.34665,932671300943.6874,699643626907.3407,215704704464.38553,300849417602.5678,57.92596,0.181476,0.167986
2026-07-30,2240605476892.637,1300485172256.3477,234108721405.52133,940120304636.2894,706011583230.7682,217778878848.7813,300849417602.5678,58.041685,0.180016,0.16746
2026-07-31,2189229823310.961,1262077341670.4102,227145802181.7343,927152481640.5509,700006679458.8165,215453567019.94046,300849417602.5678,57.649376,0.179978,0.170713
2026-08-01,2184091027116.4011,1261064167963.8672,225078888379.8059,923026859152.5338,697947970772.7279,215267825901.91882,300849417602.5678,57.738627,0.178483,0.170703
2026-08-02,2210890060670.1724,1275504149750.0002,229853465820.29562,935385910920.1724,705532445099.8767,218319146651.12515,300849417602.5678,57.691885,0.180206,0.171163
2026-08-03,2206934254352.356,1275080169243.164,226890679712.47064,931854085109.1921,704963405396.7214,218099432187.46716,300849417602.5678,57.776083,0.177942,0.171048
2026-08-04,2220443144199.1377,1287036231169.9219,228127465510.18634,933406913029.2157,705279447519.0294,217586531451.4778,300849417602.5678,57.963035,0.17725,0.16906
2026-08-05,2235899308015.228,1297917194062.5,232784326220.97784,937982113952.728,705197787731.7502,217966244270.63196,300849417602.5678,58.049,0.179352,0.167935
2026-08-06,2225051151987.0107,1291178478339.3555,232238727511.51553,933872673647.655,701633946136.1395,217335111996.68378,300849417602.5678,58.029159,0.179866,0.168323
2026-08-07,2239297911229.304,1303597135806.1523,233608909704.62234,935700775423.1517,702091865718.5294,217663850085.67023,300849417602.5678,58.214547,0.179203,0.166972
2026-08-08,2244535686424.3193,1304089320507.8125,233884063990.13248,940446365916.5068,706562301926.3744,218507376464.7343,300849417602.5678,58.100628,0.179347,0.167556
2026-08-09,2241250565046.2324,1302887780785.6445,233047661138.71753,938362784260.5879,705315123121.8704,217434302506.5939,300849417602.5678,58.132179,0.17887,0.166886
2026-08-10,2216154454535.528,1284115459125.9766,228480675317.78174,932038995409.551,703558320091.7693,217489375369.30685,300849417602.5678,57.94341,0.177928,0.169369
2026-08-11,2212438086916.742,1276908104453.125,229713243106.57053,935529982463.6172,705816739357.0466,216426760918.87274,300849417602.5678,57.714976,0.179898,0.169493
2026-08-12,2205654918232.9116,1273905471678.2227,229317823400.45584,931749446554.689,702431623154.2333,215201049179.30313,300849417602.5678,57.756336,0.180012,0.16893
2026-08-13,2207983052290.136,1273900213126.9531,230032872793.6278,934082839163.1831,704049966369.5553,216285085853.1928,300849417602.5678,57.695199,0.180574,0.169782
2026-08-14,2197781533765.931,1265329245472.6562,229624903393.1087,932452288293.2747,702827384900.166,216659575113.64664,300849417602.5678,57.573022,0.181474,0.171228
2026-08-15,2197727445555.918,1266308277838.8672,229656441579.9967,931419167717.0509,701762726137.0542,215716728988.21414,300849417602.5678,57.618986,0.181359,0.170351
2026-08-16,2190952233907.3435,1262175919885.254,228805983667.03387,928776314022.0895,699970330355.0555,215600837164.40704,300849417602.5678,57.608555,0.181279,0.170817
2026-08-17,2233070649359.326,1296083843329.5898,233477376387.37915,936986806029.7363,703509429642.3572,216779605713.73746,300849417602.5678,58.040432,0.180141,0.167257
2026-08-18,2236549453511.454,1299589099422.8516,233997204999.89938,936960354088.6028,702963149088.7034,215838082615.8261,300849417602.5678,58.10688,0.180055,0.166082
2026-08-19,2394271316384.38,1391722214070.3125,274900072222.9861,1002549102314.0675,727649030091.0814,224961762043.0198,300849417602.5678,58.127172,0.197525,0.161643
2026-08-20,2500770051245.932,1467401557252.9297,284048531160.53595,1033368493993.0026,749319962832.4667,230804240757.32278,300849417602.5678,58.677988,0.193572,0.157288
2026-08-21,2670379400440.5845,1573939962945.3125,307112603972.784,1096439437495.2721,789326833522.4882,247952075808.29156,300849417602.5678,58.940687,0.195123,0.157536
2026-08-22,2634441884502.9473,1548788861624.0234,295997897071.7942,1085653022878.9238,789655125807.1296,245037465266.33264,300849417602.5678,58.790018,0.191116,0.158212
2026-08-23,2662132759718.947,1562287955162.1094,300828694758.4756,1099844804556.8376,799016109798.362,248209538903.09982,300849417602.5678,58.685576,0.192556,0.158876
2026-08-24,2685164287085.5806,1586584031744.1406,303028349152.28705,1098580255341.4398,795551906189.1527,245717386135.66748,300849417602.5678,59.087038,0.190994,0.154872
2026-08-25,2660281013432.62,1578556970959.961,298306563894.19684,1081724042472.6593,783417478578.4625,240756018939.7669,300849417602.5678,59.337978,0.188974,0.152517
2026-08-26,2684709529075.08,1587848595595.7031,306011181980.98364,1096860933479.377,790849751498.3933,242934171976.36377,300849417602.5678,59.144149,0.192721,0.152996
2026-08-27,2718819074342.7007,1612564571420.8987,306517790190.96625,1106254502921.8022,799736712730.836,245130112820.98004,300849417602.5678,59.311213,0.190081,0.152013
2026-08-28,2646189337251.215,1563795354202.1484,298230431068.7602,1082393983049.0667,784163551980.3064,239568924643.70746,300849417602.5678,59.096125,0.190709,0.153197
2026-08-29,2659659310286.358,1572144206929.6875,300080273909.51807,1087515103356.6702,787434829447.1521,240236753540.83368,300849417602.5678,59.110737,0.190873,0.152808
2026-08-30,2633662925034.7803,1560525948057.6172,295227149094.312,1073136976977.1631,777909827882.8511,236883371485.7765,300849417602.5678,59.253063,0.189184,0.151797
2026-08-31,2663086329126.6816,1578228586206.0547,301195527393.4886,1084857742920.6268,783662215527.1383,240046118981.07446,300849417602.5678,59.26314,0.190844,0.152098
2026-09-01,2626950628894.4517,1555222659859.375,295215344631.1668,1071727969035.0765,776512624403.9098,238780291197.07648,300849417602.5678,59.202584,0.189822,0.153534
2026-09-02,2622363397178.7485,1553150162772.461,291999135181.34906,1069213234406.2874,777214099224.9382,238664174598.23117,300849417602.5678,59.227114,0.188004,0.153665
2026-09-03,2741303407292.64,1632942320934.5703,306226047057.6271,1108361086358.07,802135039300.4429,247254656691.5621,300849417602.5678,59.568099,0.18753,0.151417
2026-09-04,2696538351673.676,1600799073113.2812,299883920377.3525,1095739278560.3947,795855358183.0422,244674336075.47058,300849417602.5678,59.364966,0.187334,0.152845
2026-09-05,2716578436995.534,1603851073481.4453,302894565236.6412,1112727363514.0889,809832798277.4478,250754938083.83395,300849417602.5678,59.03938,0.188855,0.156346
2026-09-06,2739896586428.5625,1614423273080.0781,307023116603.1831,1125473313348.4844,818450196745.3013,255150564880.06244,300849417602.5678,58.922781,0.190175,0.158044
2026-09-07,2704765170266.4644,1589625358038.086,304142708358.7466,1115139812228.3784,810997103869.6317,254024548994.2826,300849417602.5678,58.771289,0.19133,0.159802
2026-09-08,2693699245037.11,1576017326154.2969,303408089192.70886,1117681918882.8127,814273829690.1039,253752977129.00607,300849417602.5678,58.507546,0.192516,0.161009
2026-09-09,2678624785530.185,1572419692227.539,301206944336.379,1106205093302.6458,804998148966.2667,249680557427.79443,300849417602.5678,58.702499,0.191556,0.158787
2026-09-10,2625658727057.602,1538435480546.875,297566549253.8427,1087223246510.7269,789656697256.8842,244318427478.8719,300849417602.5678,58.592363,0.193422,0.15881
2026-09-11,2655974125002.2095,1550604866986.3281,307045712014.96106,1105369258015.8813,798323546000.9203,245800059187.9018,300849417602.5678,58.381776,0.198017,0.158519
2026-09-12,2660404831090.4688,1552547234550.7812,308414522982.551,1107857596539.6873,799443073557.1364,247088661381.03836,300849417602.5678,58.357556,0.198651,0.15915
2026-09-13,2636560174198.1562,1543861049683.5938,302440987683.061,1092699124514.5625,790258136831.5015,243724757850.58002,300849417602.5678,58.555881,0.195899,0.157867
2026-09-14,2680137697644.7134,1570487998737.3047,307005797428.72,1109649698907.4087,802643901478.6887,246896952847.21875,300849417602.5678,58.597288,0.195484,0.15721
2026-09-15,2593269155121.779,1519234861659.1797,292925368208.74414,1074034293462.5994,781108925253.8552,239732410326.84634,300849417602.5678,58.583771,0.192811,0.157798
2026-09-16,2616326333146.261,1530040792088.8672,295005070179.07983,1086285541057.3936,791280470878.3137,242114884903.83264,300849417602.5678,58.480503,0.192809,0.158241
2026-09-17,2635549016663.0156,1535133267321.289,298788519854.12616,1100415749341.7266,801627229487.6003,247079847060.83636,300849417602.5678,58.247191,0.194634,0.16095
2026-09-18,2776264631448.004,1625502491204.1016,318842067044.0869,1150762140243.902,831920073199.8153,259669896385.87866,300849417602.5678,58.549984,0.19615,0.159747
2026-09-19,2788242903451.106,1632177554911.1328,321359189954.3041,1156065348539.9731,834706158585.6692,263724960201.68408,300849417602.5678,58.537854,0.19689,0.161579
2026-09-20,2792016577026.9595,1630347736041.0156,322706538261.63,1161668840985.9438,838962302724.314,265626457727.06836,300849417602.5678,58.393197,0.197937,0.162926
2026-09-21,2944717713427.503,1740058225436.5234,339003136200.1206,1204659487990.9795,865656351790.859,276969220323.48395,300849417602.5678,59.090833,0.194823,0.159172
2026-09-22,2940224370829.5977,1731405789480.4688,336092829277.56616,1208818581349.1292,872725752071.563,280767976733.20325,300849417602.5678,58.886859,0.194116,0.162162
2026-09-23,2874169857100.0386,1695455036596.6797,327797362039.2604,1178714820503.359,850917458464.0986,270515288923.31104,300849417602.5678,58.989382,0.193339,0.159553
2026-09-24,2887188189417.6836,1695375765898.4373,328115993116.43036,1191812423519.246,863696430402.8157,278181824415.89636,300849417602.5678,58.720653,0.193536,0.164083
2026-09-25,2891759974597.8613,1688461163408.2031,328503543180.44824,1203298811189.6584,874795268009.2102,284134893267.4455,300849417602.5678,58.388704,0.194558,0.16828
2026-09-26,2900014483281.989,1695926108607.4219,329081991683.81464,1204088374674.5667,875006382990.7521,286421178452.0725,300849417602.5678,58.479919,0.194043,0.168888
2026-09-27,2903149506886.4,1696963534438.4766,328070235917.11743,1206185972447.923,878115736530.8057,290127389566.63257,300849417602.5678,58.452502,0.193328,0.170969
2026-09-28,2873785367316.151,1677765741041.0156,328282924918.4841,1196019626275.1353,867736701356.6511,286663557069.2656,300849417602.5678,58.381734,0.195667,0.17086
2026-09-29,2870359738112.5303,1680173215692.3828,326824268870.28876,1190186522420.1475,863362253549.8586,284552723039.4652,300849417602.5678,58.535284,0.194518,0.169359
2026-09-30,2873112126256.861,1678795318288.086,327673743077.9895,1194316807968.775,866643064890.7854,286590107361.8965,300849417602.5678,58.43125,0.195184,0.170712
2026-10-01,2898456668753.7827,1704900336506.836,330342535454.07263,1193556332246.9468,863213796792.8741,284152833781.2168,300849417602.5678,58.82097,0.193761,0.166668
2026-10-02,2941839851463.148,1733585812167.9688,335000946245.8832,1208254039295.1792,873253093049.296,287958024218.50824,300849417602.5678,58.928626,0.193242,0.166105
