Date,WALCL,WTREGEN,RRPONTSYD,M2SL,NET_LIQ
2015-01-01,,,,11806.2,
2015-01-02,,,42.19,11806.2,
2015-01-05,,,164.18,11806.2,
2015-01-06,,,149.88,11806.2,
2015-01-07,4499.52,176.82,143.75,11806.2,4178.96
2015-01-08,4499.52,176.82,124.29,11806.2,4198.41
2015-01-09,4499.52,176.82,116.2,11806.2,4206.51
2015-01-12,4499.52,176.82,118.12,11806.2,4204.58
2015-01-13,4499.52,176.82,107.32,11806.2,4215.39
2015-01-14,4516.08,158.27,95.4,11806.2,4262.41
2015-01-15,4516.08,158.27,96.52,11806.2,4261.29
2015-01-16,4516.08,158.27,135.84,11806.2,4221.97
2015-01-19,4516.08,158.27,135.84,11806.2,4221.97
2015-01-20,4516.08,158.27,147.5,11806.2,4210.31
2015-01-21,4512.94,170.15,167.77,11806.2,4175.01
2015-01-22,4512.94,170.15,168.18,11806.2,4174.6
2015-01-23,4512.94,170.15,129.84,11806.2,4212.95
2015-01-26,4512.94,170.15,132.7,11806.2,4210.09
2015-01-27,4512.94,170.15,136.68,11806.2,4206.11
2015-01-28,4500.06,201.19,163.55,11806.2,4135.32
2015-01-29,4500.06,201.19,148.78,11806.2,4150.09
2015-01-30,4500.06,201.19,190.84,11806.2,4108.03
2015-02-02,4500.06,201.19,132.91,11920.7,4165.96
2015-02-03,4500.06,201.19,142.01,11920.7,4156.87
2015-02-04,4500.35,167.27,145.65,11920.7,4187.43
2015-02-05,4500.35,167.27,124.67,11920.7,4208.41
2015-02-06,4500.35,167.27,121.98,11920.7,4211.09
2015-02-09,4500.35,167.27,118.99,11920.7,4214.09
2015-02-10,4500.35,167.27,122.28,11920.7,4210.8
2015-02-11,4501.69,158.91,126.75,11920.7,4216.03
2015-02-12,4501.69,158.91,113.48,11920.7,4229.3
2015-02-13,4501.69,158.91,92.53,11920.7,4250.25
2015-02-16,4501.69,158.91,92.53,11920.7,4250.25
2015-02-17,4501.69,158.91,111.32,11920.7,4231.45
2015-02-18,4496.85,118.84,157.27,11920.7,4220.74
2015-02-19,4496.85,118.84,133.1,11920.7,4244.91
2015-02-20,4496.85,118.84,157.52,11920.7,4220.5
2015-02-23,4496.85,118.84,152.31,11920.7,4225.7
2015-02-24,4496.85,118.84,124.8,11920.7,4253.21
2015-02-25,4486.73,68.11,149.75,11920.7,4268.86
2015-02-26,4486.73,68.11,130.58,11920.7,4288.03
2015-02-27,4486.73,68.11,155.0,11920.7,4263.61
2015-03-02,4486.73,68.11,118.21,11919.1,4300.4
2015-03-03,4486.73,68.11,110.87,11919.1,4307.74
2015-03-04,4487.58,49.8,95.1,11919.1,4342.68
2015-03-05,4487.58,49.8,73.92,11919.1,4363.86
2015-03-06,4487.58,49.8,80.86,11919.1,4356.92
2015-03-09,4487.58,49.8,85.65,11919.1,4352.13
2015-03-10,4487.58,49.8,84.54,11919.1,4353.24
2015-03-11,4489.28,39.43,84.39,11919.1,4365.46
2015-03-12,4489.28,39.43,132.71,11919.1,4317.14
2015-03-13,4489.28,39.43,98.04,11919.1,4351.81
2015-03-16,4489.28,39.43,112.06,11919.1,4337.79
2015-03-17,4489.28,39.43,106.3,11919.1,4343.55
2015-03-18,4495.89,60.69,151.42,11919.1,4283.78
2015-03-19,4495.89,60.69,83.11,11919.1,4352.09
2015-03-20,4495.89,60.69,91.21,11919.1,4344.0
2015-03-23,4495.89,60.69,99.57,11919.1,4335.63
2015-03-24,4495.89,60.69,60.12,11919.1,4375.09
2015-03-25,4480.6,85.91,65.39,11919.1,4329.31
2015-03-26,4480.6,85.91,80.87,11919.1,4313.83
2015-03-27,4480.6,85.91,69.64,11919.1,4325.06
2015-03-30,4480.6,85.91,29.52,11919.1,4365.17
2015-03-31,4480.6,85.91,202.24,11919.1,4192.46
2015-04-01,4481.8,75.47,31.62,11953.4,4374.71
2015-04-02,4481.8,75.47,31.62,11953.4,4374.71
2015-04-03,4481.8,75.47,31.62,11953.4,4374.71
2015-04-06,4481.8,75.47,119.37,11953.4,4286.96
2015-04-07,4481.8,75.47,125.88,11953.4,4280.45
2015-04-08,4483.42,55.21,96.44,11953.4,4331.77
2015-04-09,4483.42,55.21,87.07,11953.4,4341.14
2015-04-10,4483.42,55.21,90.93,11953.4,4337.28
2015-04-13,4483.42,55.21,89.88,11953.4,4338.34
2015-04-14,4483.42,55.21,75.87,11953.4,4352.34
2015-04-15,4485.37,50.45,69.83,11953.4,4365.09
2015-04-16,4485.37,50.45,78.29,11953.4,4356.63
2015-04-17,4485.37,50.45,103.38,11953.4,4331.54
2015-04-20,4485.37,50.45,111.42,11953.4,4323.5
2015-04-21,4485.37,50.45,114.8,11953.4,4320.12
2015-04-22,4489.7,150.03,114.15,11953.4,4225.52
2015-04-23,4489.7,150.03,113.99,11953.4,4225.67
2015-04-24,4489.7,150.03,73.51,11953.4,4266.16
2015-04-27,4489.7,150.03,82.79,11953.4,4256.88
2015-04-28,4489.7,150.03,87.17,11953.4,4252.5
2015-04-29,4471.5,219.7,92.22,11953.4,4159.57
2015-04-30,4471.5,219.7,130.46,11953.4,4121.33
2015-05-01,4471.5,219.7,86.21,11981.9,4165.58
2015-05-04,4471.5,219.7,92.31,11981.9,4159.49
2015-05-05,4471.5,219.7,93.16,11981.9,4158.63
2015-05-06,4472.7,227.51,84.72,11981.9,4160.48
2015-05-07,4472.7,227.51,94.5,11981.9,4150.69
2015-05-08,4472.7,227.51,91.48,11981.9,4153.71
2015-05-11,4472.7,227.51,87.33,11981.9,4157.87
2015-05-12,4472.7,227.51,81.38,11981.9,4163.82
2015-05-13,4501.19,216.21,92.13,11981.9,4192.85
2015-05-14,4501.19,216.21,61.51,11981.9,4223.46
2015-05-15,4501.19,216.21,76.25,11981.9,4208.73
2015-05-18,4501.19,216.21,135.4,11981.9,4149.58
2015-05-19,4501.19,216.21,131.9,11981.9,4153.08
2015-05-20,4480.38,181.64,154.34,11981.9,4144.4
2015-05-21,4480.38,181.64,141.96,11981.9,4156.78
2015-05-22,4480.38,181.64,105.84,11981.9,4192.9
2015-05-25,4480.38,181.64,105.84,11981.9,4192.9
2015-05-26,4480.38,181.64,111.05,11981.9,4187.7
2015-05-27,4463.98,175.58,128.83,11981.9,4159.58
2015-05-28,4463.98,175.58,135.3,11981.9,4153.1
2015-05-29,4463.98,175.58,160.2,11981.9,4128.2
2015-06-01,4463.98,175.58,115.21,12020.9,4173.2
2015-06-02,4463.98,175.58,105.03,12020.9,4183.37
2015-06-03,4465.36,185.79,95.39,12020.9,4184.18
2015-06-04,4465.36,185.79,96.43,12020.9,4183.14
2015-06-05,4465.36,185.79,83.64,12020.9,4195.93
2015-06-08,4465.36,185.79,83.32,12020.9,4196.24
2015-06-09,4465.36,185.79,76.04,12020.9,4203.52
2015-06-10,4468.0,178.47,80.45,12020.9,4209.08
2015-06-11,4468.0,178.47,90.83,12020.9,4198.7
2015-06-12,4468.0,178.47,81.74,12020.9,4207.79
2015-06-15,4468.0,178.47,104.64,12020.9,4184.9
2015-06-16,4468.0,178.47,113.98,12020.9,4175.56
2015-06-17,4487.82,207.65,110.71,12020.9,4169.46
2015-06-18,4487.82,207.65,151.14,12020.9,4129.03
2015-06-19,4487.82,207.65,158.54,12020.9,4121.63
2015-06-22,4487.82,207.65,171.91,12020.9,4108.26
2015-06-23,4487.82,207.65,181.55,12020.9,4098.62
2015-06-24,4495.06,239.5,136.64,12020.9,4118.92
2015-06-25,4495.06,239.5,64.92,12020.9,4190.64
2015-06-26,4495.06,239.5,86.54,12020.9,4169.02
2015-06-29,4495.06,239.5,45.06,12020.9,4210.49
2015-06-30,4495.06,239.5,192.6,12020.9,4062.96
2015-07-01,4479.13,227.46,93.41,12063.5,4158.26
2015-07-02,4479.13,227.46,176.06,12063.5,4075.61
2015-07-03,4479.13,227.46,176.06,12063.5,4075.61
2015-07-06,4479.13,227.46,169.85,12063.5,4081.82
2015-07-07,4479.13,227.46,159.65,12063.5,4092.02
2015-07-08,4481.29,182.6,145.47,12063.5,4153.22
2015-07-09,4481.29,182.6,129.67,12063.5,4169.02
2015-07-10,4481.29,182.6,119.63,12063.5,4179.06
2015-07-13,4481.29,182.6,115.32,12063.5,4183.37
2015-07-14,4481.29,182.6,106.22,12063.5,4192.47
2015-07-15,4493.6,176.41,103.22,12063.5,4213.98
2015-07-16,4493.6,176.41,104.58,12063.5,4212.61
2015-07-17,4493.6,176.41,116.52,12063.5,4200.67
2015-07-20,4493.6,176.41,126.57,12063.5,4190.62
2015-07-21,4493.6,176.41,110.14,12063.5,4207.05
2015-07-22,4500.5,194.77,112.7,12063.5,4193.04
2015-07-23,4500.5,194.77,112.05,12063.5,4193.68
2015-07-24,4500.5,194.77,79.42,12063.5,4226.31
2015-07-27,4500.5,194.77,85.12,12063.5,4220.61
2015-07-28,4500.5,194.77,81.88,12063.5,4223.85
2015-07-29,4485.48,196.82,86.43,12063.5,4202.23
2015-07-30,4485.48,196.82,87.4,12063.5,4201.25
2015-07-31,4485.48,196.82,131.98,12063.5,4156.68
2015-08-03,4485.48,196.82,95.0,12110.1,4193.65
2015-08-04,4485.48,196.82,88.84,12110.1,4199.81
2015-08-05,4486.33,203.5,86.87,12110.1,4195.96
2015-08-06,4486.33,203.5,93.51,12110.1,4189.32
2015-08-07,4486.33,203.5,84.99,12110.1,4197.83
2015-08-10,4486.33,203.5,81.81,12110.1,4201.02
2015-08-11,4486.33,203.5,78.37,12110.1,4204.46
2015-08-12,4489.25,196.32,64.41,12110.1,4228.52
2015-08-13,4489.25,196.32,77.06,12110.1,4215.87
2015-08-14,4489.25,196.32,64.56,12110.1,4228.37
2015-08-17,4489.25,196.32,66.54,12110.1,4226.39
2015-08-18,4489.25,196.32,88.14,12110.1,4204.78
2015-08-19,4487.21,177.88,84.36,12110.1,4224.96
2015-08-20,4487.21,177.88,93.26,12110.1,4216.06
2015-08-21,4487.21,177.88,92.35,12110.1,4216.97
2015-08-24,4487.21,177.88,73.81,12110.1,4235.51
2015-08-25,4487.21,177.88,73.17,12110.1,4236.16
2015-08-26,4475.1,128.58,68.72,12110.1,4277.8
2015-08-27,4475.1,128.58,71.31,12110.1,4275.21
2015-08-28,4475.1,128.58,73.55,12110.1,4272.98
2015-08-31,4475.1,128.58,149.69,12110.1,4196.83
2015-09-01,4475.1,128.58,84.78,12172.7,4261.75
2015-09-02,4475.89,120.35,70.33,12172.7,4285.2
2015-09-03,4475.89,120.35,67.18,12172.7,4288.35
2015-09-04,4475.89,120.35,64.43,12172.7,4291.1
2015-09-07,4475.89,120.35,64.43,12172.7,4291.1
2015-09-08,4475.89,120.35,66.69,12172.7,4288.84
2015-09-09,4478.21,85.79,68.13,12172.7,4324.29
2015-09-10,4478.21,85.79,66.08,12172.7,4326.34
2015-09-11,4478.21,85.79,70.78,12172.7,4321.64
2015-09-14,4478.21,85.79,72.81,12172.7,4319.61
2015-09-15,4478.21,85.79,73.12,12172.7,4319.3
2015-09-16,4487.81,117.41,82.18,12172.7,4288.22
2015-09-17,4487.81,117.41,106.25,12172.7,4264.14
2015-09-18,4487.81,117.41,131.76,12172.7,4238.64
2015-09-21,4487.81,117.41,134.57,12172.7,4235.82
2015-09-22,4487.81,117.41,139.48,12172.7,4230.92
2015-09-23,4497.48,153.51,144.3,12172.7,4199.68
2015-09-24,4497.48,153.51,45.67,12172.7,4298.3
2015-09-25,4497.48,153.51,63.97,12172.7,4280.01
2015-09-28,4497.48,153.51,101.86,12172.7,4242.12
2015-09-29,4497.48,153.51,122.86,12172.7,4221.11
2015-09-30,4484.11,145.16,199.61,12172.7,4139.33
2015-10-01,4484.11,145.16,75.14,12228.4,4263.8
2015-10-02,4484.11,145.16,173.16,12228.4,4165.78
2015-10-05,4484.11,145.16,156.56,12228.4,4182.39
2015-10-06,4484.11,145.16,130.25,12228.4,4208.7
2015-10-07,4486.19,83.38,115.43,12228.4,4287.37
2015-10-08,4486.19,83.38,121.14,12228.4,4281.66
2015-10-09,4486.19,83.38,109.37,12228.4,4293.44
2015-10-12,4486.19,83.38,109.37,12228.4,4293.44
2015-10-13,4486.19,83.38,105.73,12228.4,4297.08
2015-10-14,4504.7,66.44,90.18,12228.4,4348.08
2015-10-15,4504.7,66.44,100.25,12228.4,4338.02
2015-10-16,4504.7,66.44,123.64,12228.4,4314.63
2015-10-19,4504.7,66.44,136.36,12228.4,4301.9
2015-10-20,4504.7,66.44,146.26,12228.4,4292.01
2015-10-21,4501.37,60.4,151.08,12228.4,4289.89
2015-10-22,4501.37,60.4,152.87,12228.4,4288.1
2015-10-23,4501.37,60.4,125.64,12228.4,4315.33
2015-10-26,4501.37,60.4,134.6,12228.4,4306.37
2015-10-27,4501.37,60.4,150.97,12228.4,4290.0
2015-10-28,4489.34,47.1,155.32,12228.4,4286.92
2015-10-29,4489.34,47.1,172.84,12228.4,4269.4
2015-10-30,4489.34,47.1,225.33,12228.4,4216.91
2015-11-02,4489.34,47.1,132.23,12322.7,4310.0
2015-11-03,4489.34,47.1,117.62,12322.7,4324.62
2015-11-04,4489.7,29.8,107.41,12322.7,4352.5
2015-11-05,4489.7,29.8,87.66,12322.7,4372.24
2015-11-06,4489.7,29.8,70.44,12322.7,4389.47
2015-11-09,4489.7,29.8,80.89,12322.7,4379.01
2015-11-10,4489.7,29.8,83.13,12322.7,4376.78
2015-11-11,4492.01,107.12,83.13,12322.7,4301.76
2015-11-12,4492.01,107.12,73.23,12322.7,4311.66
2015-11-13,4492.01,107.12,60.12,12322.7,4324.77
2015-11-16,4492.01,107.12,67.87,12322.7,4317.01
2015-11-17,4492.01,107.12,86.16,12322.7,4298.73
2015-11-18,4486.72,133.02,121.96,12322.7,4231.74
2015-11-19,4486.72,133.02,120.82,12322.7,4232.88
2015-11-20,4486.72,133.02,122.99,12322.7,4230.71
2015-11-23,4486.72,133.02,147.6,12322.7,4206.1
2015-11-24,4486.72,133.02,95.92,12322.7,4257.78
2015-11-25,4477.09,163.49,100.15,12322.7,4213.44
2015-11-26,4477.09,163.49,100.15,12322.7,4213.44
2015-11-27,4477.09,163.49,81.78,12322.7,4231.81
2015-11-30,4477.09,163.49,139.59,12322.7,4174.0
2015-12-01,4477.09,163.49,88.98,12393.6,4224.61
2015-12-02,4478.07,212.76,84.18,12393.6,4181.13
2015-12-03,4478.07,212.76,74.77,12393.6,4190.55
2015-12-04,4478.07,212.76,69.29,12393.6,4196.02
2015-12-07,4478.07,212.76,77.81,12393.6,4187.51
2015-12-08,4478.07,212.76,75.82,12393.6,4189.5
2015-12-09,4480.44,186.62,87.96,12393.6,4205.85
2015-12-10,4480.44,186.62,86.71,12393.6,4207.1
2015-12-11,4480.44,186.62,89.32,12393.6,4204.5
2015-12-14,4480.44,186.62,86.38,12393.6,4207.43
2015-12-15,4480.44,186.62,95.4,12393.6,4198.41
2015-12-16,4489.59,196.34,102.0,12393.6,4191.25
2015-12-17,4489.59,196.34,105.18,12393.6,4188.06
2015-12-18,4489.59,196.34,143.22,12393.6,4150.03
2015-12-21,4489.59,196.34,160.61,12393.6,4132.64
2015-12-22,4489.59,196.34,185.35,12393.6,4107.9
2015-12-23,4496.52,267.61,178.33,12393.6,4050.58
2015-12-24,4496.52,267.61,161.88,12393.6,4067.04
2015-12-25,4496.52,267.61,161.88,12393.6,4067.04
2015-12-28,4496.52,267.61,177.2,12393.6,4051.72
2015-12-29,4496.52,267.61,222.51,12393.6,4006.4
2015-12-30,4486.59,290.47,277.45,12393.6,3918.67
2015-12-31,4486.59,290.47,474.59,12393.6,3721.53
2016-01-01,4486.59,290.47,474.59,12522.2,3721.53
2016-01-04,4486.59,290.47,199.67,12522.2,3996.45
2016-01-05,4486.59,290.47,169.62,12522.2,4026.51
2016-01-06,4486.61,333.22,126.58,12522.2,4026.8
2016-01-07,4486.61,333.22,116.84,12522.2,4036.54
2016-01-08,4486.61,333.22,99.97,12522.2,4053.41
2016-01-11,4486.61,333.22,97.39,12522.2,4056.0
2016-01-12,4486.61,333.22,86.19,12522.2,4067.2
2016-01-13,4501.7,302.98,84.42,12522.2,4114.3
2016-01-14,4501.7,302.98,78.42,12522.2,4120.29
2016-01-15,4501.7,302.98,90.53,12522.2,4108.18
2016-01-18,4501.7,302.98,90.53,12522.2,4108.18
2016-01-19,4501.7,302.98,90.22,12522.2,4108.49
2016-01-20,4488.84,285.32,106.63,12522.2,4096.89
2016-01-21,4488.84,285.32,90.44,12522.2,4113.08
2016-01-22,4488.84,285.32,60.32,12522.2,4143.21
2016-01-25,4488.84,285.32,80.17,12522.2,4123.35
2016-01-26,4488.84,285.32,83.82,12522.2,4119.7
2016-01-27,4482.35,342.0,89.3,12522.2,4051.05
2016-01-28,4482.35,342.0,63.25,12522.2,4077.1
2016-01-29,4482.35,342.0,114.57,12522.2,4025.78
2016-02-01,4482.35,342.0,76.79,12604.4,4063.56
2016-02-02,4482.35,342.0,80.13,12604.4,4060.23
2016-02-03,4483.5,350.86,62.46,12604.4,4070.18
2016-02-04,4483.5,350.86,55.89,12604.4,4076.74
2016-02-05,4483.5,350.86,50.89,12604.4,4081.75
2016-02-08,4483.5,350.86,39.13,12604.4,4093.5
2016-02-09,4483.5,350.86,44.12,12604.4,4088.51
2016-02-10,4486.28,317.3,47.97,12604.4,4121.0
2016-02-11,4486.28,317.3,44.48,12604.4,4124.49
2016-02-12,4486.28,317.3,35.23,12604.4,4133.74
2016-02-15,4486.28,317.3,35.23,12604.4,4133.74
2016-02-16,4486.28,317.3,34.73,12604.4,4134.25
2016-02-17,4483.63,266.76,52.1,12604.4,4164.77
2016-02-18,4483.63,266.76,71.58,12604.4,4145.29
2016-02-19,4483.63,266.76,59.09,12604.4,4157.78
2016-02-22,4483.63,266.76,54.4,12604.4,4162.46
2016-02-23,4483.63,266.76,64.81,12604.4,4152.06
2016-02-24,4489.8,237.95,41.06,12604.4,4210.78
2016-02-25,4489.8,237.95,43.82,12604.4,4208.03
2016-02-26,4489.8,237.95,56.92,12604.4,4194.93
2016-02-29,4489.8,237.95,94.12,12604.4,4157.72
2016-03-01,4489.8,237.95,38.76,12662.2,4213.08
2016-03-02,4478.48,237.21,44.55,12662.2,4196.73
2016-03-03,4478.48,237.21,50.38,12662.2,4190.89
2016-03-04,4478.48,237.21,51.37,12662.2,4189.91
2016-03-07,4478.48,237.21,53.72,12662.2,4187.55
2016-03-08,4478.48,237.21,49.33,12662.2,4191.95
2016-03-09,4481.08,211.44,47.35,12662.2,4222.29
2016-03-10,4481.08,211.44,35.43,12662.2,4234.21
2016-03-11,4481.08,211.44,39.73,12662.2,4229.91
2016-03-14,4481.08,211.44,40.52,12662.2,4229.12
2016-03-15,4481.08,211.44,38.3,12662.2,4231.34
2016-03-16,4486.33,235.63,48.39,12662.2,4202.31
2016-03-17,4486.33,235.63,34.87,12662.2,4215.83
2016-03-18,4486.33,235.63,67.62,12662.2,4183.08
2016-03-21,4486.33,235.63,55.75,12662.2,4194.95
2016-03-22,4486.33,235.63,68.28,12662.2,4182.42
2016-03-23,4492.86,296.96,70.08,12662.2,4125.83
2016-03-24,4492.86,296.96,70.08,12662.2,4125.83
2016-03-25,4492.86,296.96,70.08,12662.2,4125.83
2016-03-28,4492.86,296.96,65.48,12662.2,4130.42
2016-03-29,4492.86,296.96,104.77,12662.2,4091.13
2016-03-30,4482.84,284.66,127.12,12662.2,4071.06
2016-03-31,4482.84,284.66,303.85,12662.2,3894.33
2016-04-01,4482.84,284.66,89.12,12741.9,4109.06
2016-04-04,4482.84,284.66,65.69,12741.9,4132.49
2016-04-05,4482.84,284.66,44.37,12741.9,4153.81
2016-04-06,4484.07,264.32,27.46,12741.9,4192.29
2016-04-07,4484.07,264.32,34.06,12741.9,4185.68
2016-04-08,4484.07,264.32,21.62,12741.9,4198.13
2016-04-11,4484.07,264.32,22.15,12741.9,4197.6
2016-04-12,4484.07,264.32,18.71,12741.9,4201.04
2016-04-13,4499.73,239.64,16.61,12741.9,4243.48
2016-04-14,4499.73,239.64,18.24,12741.9,4241.85
2016-04-15,4499.73,239.64,23.48,12741.9,4236.62
2016-04-18,4499.73,239.64,38.61,12741.9,4221.49
2016-04-19,4499.73,239.64,40.05,12741.9,4220.04
2016-04-20,4490.13,268.79,31.97,12741.9,4189.38
2016-04-21,4490.13,268.79,36.56,12741.9,4184.79
2016-04-22,4490.13,268.79,19.08,12741.9,4202.26
2016-04-25,4490.13,268.79,24.15,12741.9,4197.2
2016-04-26,4490.13,268.79,29.56,12741.9,4191.78
2016-04-27,4474.66,346.17,31.43,12741.9,4097.07
2016-04-28,4474.66,346.17,25.53,12741.9,4102.97
2016-04-29,4474.66,346.17,65.56,12741.9,4062.94
2016-05-02,4474.66,346.17,38.95,12800.7,4089.55
2016-05-03,4474.66,346.17,38.54,12800.7,4089.96
2016-05-04,4477.27,336.36,35.59,12800.7,4105.32
2016-05-05,4477.27,336.36,30.22,12800.7,4110.69
2016-05-06,4477.27,336.36,28.29,12800.7,4112.62
2016-05-09,4477.27,336.36,23.24,12800.7,4117.68
2016-05-10,4477.27,336.36,31.04,12800.7,4109.88
2016-05-11,4478.41,315.37,31.53,12800.7,4131.51
2016-05-12,4478.41,315.37,34.84,12800.7,4128.2
2016-05-13,4478.41,315.37,17.09,12800.7,4145.95
2016-05-16,4478.41,315.37,20.12,12800.7,4142.92
2016-05-17,4478.41,315.37,21.12,12800.7,4141.93
2016-05-18,4473.74,295.34,63.92,12800.7,4114.48
2016-05-19,4473.74,295.34,63.29,12800.7,4115.11
2016-05-20,4473.74,295.34,60.34,12800.7,4118.06
2016-05-23,4473.74,295.34,78.11,12800.7,4100.29
2016-05-24,4473.74,295.34,57.68,12800.7,4120.73
2016-05-25,4461.11,268.62,65.8,12800.7,4126.7
2016-05-26,4461.11,268.62,58.67,12800.7,4133.82
2016-05-27,4461.11,268.62,40.47,12800.7,4152.02
2016-05-30,4461.11,268.62,40.47,12800.7,4152.02
2016-05-31,4461.11,268.62,102.63,12800.7,4089.86
2016-06-01,4461.39,267.95,61.19,12849.3,4132.26
2016-06-02,4461.39,267.95,62.97,12849.3,4130.47
2016-06-03,4461.39,267.95,58.18,12849.3,4135.26
2016-06-06,4461.39,267.95,53.35,12849.3,4140.09
2016-06-07,4461.39,267.95,49.91,12849.3,4143.54
2016-06-08,4463.54,236.35,41.44,12849.3,4185.75
2016-06-09,4463.54,236.35,41.44,12849.3,4185.76
2016-06-10,4463.54,236.35,40.5,12849.3,4186.69
2016-06-13,4463.54,236.35,46.02,12849.3,4181.18
2016-06-14,4463.54,236.35,34.94,12849.3,4192.26
2016-06-15,4472.82,231.26,28.31,12849.3,4213.25
2016-06-16,4472.82,231.26,35.1,12849.3,4206.46
2016-06-17,4472.82,231.26,58.61,12849.3,4182.95
2016-06-20,4472.82,231.26,67.76,12849.3,4173.8
2016-06-21,4472.82,231.26,86.55,12849.3,4155.01
2016-06-22,4482.01,316.84,90.39,12849.3,4074.79
2016-06-23,4482.01,316.84,91.51,12849.3,4073.66
2016-06-24,4482.01,316.84,87.5,12849.3,4077.67
2016-06-27,4482.01,316.84,116.64,12849.3,4048.53
2016-06-28,4482.01,316.84,129.1,12849.3,4036.07
2016-06-29,4466.48,337.09,143.21,12849.3,3986.18
2016-06-30,4466.48,337.09,278.81,12849.3,3850.58
2016-07-01,4466.48,337.09,113.43,12907.3,4015.96
2016-07-04,4466.48,337.09,113.43,12907.3,4015.96
2016-07-05,4466.48,337.09,111.24,12907.3,4018.15
2016-07-06,4470.6,303.3,83.4,12907.3,4083.91
2016-07-07,4470.6,303.3,76.41,12907.3,4090.9
2016-07-08,4470.6,303.3,67.52,12907.3,4099.79
2016-07-11,4470.6,303.3,61.88,12907.3,4105.43
2016-07-12,4470.6,303.3,62.64,12907.3,4104.67
2016-07-13,4472.2,316.06,48.36,12907.3,4107.78
2016-07-14,4472.2,316.06,30.36,12907.3,4125.78
2016-07-15,4472.2,316.06,41.16,12907.3,4114.98
2016-07-18,4472.2,316.06,80.81,12907.3,4075.32
2016-07-19,4472.2,316.06,82.27,12907.3,4073.86
2016-07-20,4480.97,329.15,79.37,12907.3,4072.46
2016-07-21,4480.97,329.15,70.52,12907.3,4081.31
2016-07-22,4480.97,329.15,44.9,12907.3,4106.93
2016-07-25,4480.97,329.15,49.13,12907.3,4102.69
2016-07-26,4480.97,329.15,69.8,12907.3,4082.02
2016-07-27,4464.5,325.5,67.69,12907.3,4071.31
2016-07-28,4464.5,325.5,45.19,12907.3,4093.8
2016-07-29,4464.5,325.5,110.52,12907.3,4028.48
2016-08-01,4464.5,325.5,72.91,12986.7,4066.09
2016-08-02,4464.5,325.5,80.54,12986.7,4058.46
2016-08-03,4466.79,298.81,68.08,12986.7,4099.9
2016-08-04,4466.79,298.81,50.26,12986.7,4117.72
2016-08-05,4466.79,298.81,56.24,12986.7,4111.74
2016-08-08,4466.79,298.81,60.62,12986.7,4107.35
2016-08-09,4466.79,298.81,66.88,12986.7,4101.1
2016-08-10,4468.93,259.83,80.17,12986.7,4128.92
2016-08-11,4468.93,259.83,80.14,12986.7,4128.95
2016-08-12,4468.93,259.83,37.28,12986.7,4171.82
2016-08-15,4468.93,259.83,56.95,12986.7,4152.15
2016-08-16,4468.93,259.83,76.4,12986.7,4132.7
2016-08-17,4466.48,260.81,81.34,12986.7,4124.33
2016-08-18,4466.48,260.81,95.09,12986.7,4110.58
2016-08-19,4466.48,260.81,101.47,12986.7,4104.2
2016-08-22,4466.48,260.81,116.12,12986.7,4089.54
2016-08-23,4466.48,260.81,121.65,12986.7,4084.01
2016-08-24,4473.84,254.38,95.35,12986.7,4124.11
2016-08-25,4473.84,254.38,72.82,12986.7,4146.65
2016-08-26,4473.84,254.38,76.53,12986.7,4142.93
2016-08-29,4473.84,254.38,79.73,12986.7,4139.73
2016-08-30,4473.84,254.38,101.42,12986.7,4118.04
2016-08-31,4457.91,274.2,171.37,12986.7,4012.34
2016-09-01,4457.91,274.2,90.61,13052.7,4093.11
2016-09-02,4457.91,274.2,96.19,13052.7,4087.52
2016-09-05,4457.91,274.2,96.19,13052.7,4087.52
2016-09-06,4457.91,274.2,92.73,13052.7,4090.98
2016-09-07,4459.39,236.15,79.08,13052.7,4144.16
2016-09-08,4459.39,236.15,60.73,13052.7,4162.51
2016-09-09,4459.39,236.15,78.78,13052.7,4144.46
2016-09-12,4459.39,236.15,86.06,13052.7,4137.18
2016-09-13,4459.39,236.15,83.11,13052.7,4140.13
2016-09-14,4481.64,243.08,64.48,13052.7,4174.07
2016-09-15,4481.64,243.08,55.99,13052.7,4182.56
2016-09-16,4481.64,243.08,100.76,13052.7,4137.79
2016-09-19,4481.64,243.08,125.64,13052.7,4112.92
2016-09-20,4481.64,243.08,156.68,13052.7,4081.87
2016-09-21,4473.03,340.45,176.84,13052.7,3955.75
2016-09-22,4473.03,340.45,194.05,13052.7,3938.53
2016-09-23,4473.03,340.45,174.73,13052.7,3957.86
2016-09-26,4473.03,340.45,200.07,13052.7,3932.52
2016-09-27,4473.03,340.45,239.7,13052.7,3892.88
2016-09-28,4452.0,351.7,272.28,13052.7,3828.03
2016-09-29,4452.0,351.7,271.85,13052.7,3828.46
2016-09-30,4452.0,351.7,412.52,13052.7,3687.78
2016-10-03,4452.0,351.7,320.89,13124.5,3779.41
2016-10-04,4452.0,351.7,306.04,13124.5,3794.26
2016-10-05,4459.41,347.76,297.96,13124.5,3813.68
2016-10-06,4459.41,347.76,237.62,13124.5,3874.03
2016-10-07,4459.41,347.76,226.06,13124.5,3885.58
2016-10-10,4459.41,347.76,226.06,13124.5,3885.58
2016-10-11,4459.41,347.76,201.55,13124.5,3910.1
2016-10-12,4457.7,356.18,188.67,13124.5,3912.84
2016-10-13,4457.7,356.18,180.97,13124.5,3920.54
2016-10-14,4457.7,356.18,133.36,13124.5,3968.15
2016-10-17,4457.7,356.18,124.41,13124.5,3977.11
2016-10-18,4457.7,356.18,174.97,13124.5,3926.55
2016-10-19,4467.38,391.99,191.81,13124.5,3883.58
2016-10-20,4467.38,391.99,172.31,13124.5,3903.08
2016-10-21,4467.38,391.99,181.28,13124.5,3894.11
2016-10-24,4467.38,391.99,142.57,13124.5,3932.82
2016-10-25,4467.38,391.99,132.4,13124.5,3942.99
2016-10-26,4454.33,429.03,142.06,13124.5,3883.23
2016-10-27,4454.33,429.03,135.11,13124.5,3890.19
2016-10-28,4454.33,429.03,129.98,13124.5,3895.32
2016-10-31,4454.33,429.03,214.8,13124.5,3810.5
2016-11-01,4454.33,429.03,171.89,13214.2,3853.41
2016-11-02,4453.09,417.66,176.23,13214.2,3859.19
2016-11-03,4453.09,417.66,148.54,13214.2,3886.88
2016-11-04,4453.09,417.66,136.48,13214.2,3898.94
2016-11-07,4453.09,417.66,128.67,13214.2,3906.75
2016-11-08,4453.09,417.66,127.33,13214.2,3908.09
2016-11-09,4455.09,376.22,130.99,13214.2,3947.88
2016-11-10,4455.09,376.22,99.94,13214.2,3978.93
2016-11-11,4455.09,376.22,99.94,13214.2,3978.93
2016-11-14,4455.09,376.22,81.45,13214.2,3997.42
2016-11-15,4455.09,376.22,102.25,13214.2,3976.62
2016-11-16,4453.63,400.62,116.04,13214.2,3936.96
2016-11-17,4453.63,400.62,92.4,13214.2,3960.61
2016-11-18,4453.63,400.62,116.09,13214.2,3936.92
2016-11-21,4453.63,400.62,135.39,13214.2,3917.62
2016-11-22,4453.63,400.62,128.22,13214.2,3924.79
2016-11-23,4465.78,399.66,119.37,13214.2,3946.75
2016-11-24,4465.78,399.66,119.37,13214.2,3946.75
2016-11-25,4465.78,399.66,121.16,13214.2,3944.95
2016-11-28,4465.78,399.66,146.9,13214.2,3919.21
2016-11-29,4465.78,399.66,138.4,13214.2,3927.72
2016-11-30,4446.31,409.36,208.52,13214.2,3828.42
2016-12-01,4446.31,409.36,159.22,13240.6,3877.73
2016-12-02,4446.31,409.36,167.88,13240.6,3869.07
2016-12-05,4446.31,409.36,168.37,13240.6,3868.58
2016-12-06,4446.31,409.36,185.55,13240.6,3851.4
2016-12-07,4448.62,343.36,185.81,13240.6,3919.45
2016-12-08,4448.62,343.36,186.31,13240.6,3918.95
2016-12-09,4448.62,343.36,185.8,13240.6,3919.46
2016-12-12,4448.62,343.36,189.33,13240.6,3915.93
2016-12-13,4448.62,343.36,238.46,13240.6,3866.8
2016-12-14,4470.97,324.52,169.56,13240.6,3976.88
2016-12-15,4470.97,324.52,199.65,13240.6,3946.79
2016-12-16,4470.97,324.52,213.71,13240.6,3932.74
2016-12-19,4470.97,324.52,237.52,13240.6,3908.92
2016-12-20,4470.97,324.52,277.35,13240.6,3869.09
2016-12-21,4469.09,388.5,307.48,13240.6,3773.12
2016-12-22,4469.09,388.5,312.34,13240.6,3768.25
2016-12-23,4469.09,388.5,280.64,13240.6,3799.95
2016-12-26,4469.09,388.5,280.64,13240.6,3799.95
2016-12-27,4469.09,388.5,294.06,13240.6,3786.53
2016-12-28,4451.45,380.68,323.91,13240.6,3746.86
2016-12-29,4451.45,380.68,346.47,13240.6,3724.3
2016-12-30,4451.45,380.68,468.36,13240.6,3602.42
2017-01-02,4451.45,380.68,468.36,13318.9,3602.42
2017-01-03,4451.45,380.68,287.24,13318.9,3783.54
2017-01-04,4453.1,387.99,266.47,13318.9,3798.64
2017-01-05,4453.1,387.99,233.43,13318.9,3831.68
2017-01-06,4453.1,387.99,209.2,13318.9,3855.91
2017-01-09,4453.1,387.99,191.97,13318.9,3873.14
2017-01-10,4453.1,387.99,180.72,13318.9,3884.4
2017-01-11,4452.51,372.49,158.82,13318.9,3921.2
2017-01-12,4452.51,372.49,141.22,13318.9,3938.8
2017-01-13,4452.51,372.49,88.2,13318.9,3991.82
2017-01-16,4452.51,372.49,88.2,13318.9,3991.82
2017-01-17,4452.51,372.49,96.8,13318.9,3983.22
2017-01-18,4460.76,366.09,130.12,13318.9,3964.55
2017-01-19,4460.76,366.09,138.64,13318.9,3956.03
2017-01-20,4460.76,366.09,148.78,13318.9,3945.88
2017-01-23,4460.76,366.09,156.32,13318.9,3938.35
2017-01-24,4460.76,366.09,110.19,13318.9,3984.47
2017-01-25,4452.84,390.84,108.36,13318.9,3953.64
2017-01-26,4452.84,390.84,94.67,13318.9,3967.33
2017-01-27,4452.84,390.84,108.77,13318.9,3953.22
2017-01-30,4452.84,390.84,101.51,13318.9,3960.48
2017-01-31,4452.84,390.84,180.16,13318.9,3881.83
2017-02-01,4453.88,374.84,133.73,13395.2,3945.31
2017-02-02,4453.88,374.84,111.12,13395.2,3967.92
2017-02-03,4453.88,374.84,117.36,13395.2,3961.68
2017-02-06,4453.88,374.84,125.66,13395.2,3953.38
2017-02-07,4453.88,374.84,131.66,13395.2,3947.38
2017-02-08,4456.24,305.74,122.93,13395.2,4027.57
2017-02-09,4456.24,305.74,83.89,13395.2,4066.61
2017-02-10,4456.24,305.74,74.17,13395.2,4076.33
2017-02-13,4456.24,305.74,98.1,13395.2,4052.4
2017-02-14,4456.24,305.74,88.0,13395.2,4062.5
2017-02-15,4454.68,309.92,105.12,13395.2,4039.63
2017-02-16,4454.68,309.92,104.98,13395.2,4039.78
2017-02-17,4454.68,309.92,147.24,13395.2,3997.51
2017-02-20,4454.68,309.92,147.24,13395.2,3997.51
2017-02-21,4454.68,309.92,163.26,13395.2,3981.5
2017-02-22,4468.7,258.29,177.83,13395.2,4032.58
2017-02-23,4468.7,258.29,187.18,13395.2,4023.23
2017-02-24,4468.7,258.29,160.88,13395.2,4049.53
2017-02-27,4468.7,258.29,153.38,13395.2,4057.03
2017-02-28,4468.7,258.29,204.65,13395.2,4005.76
2017-03-01,4458.02,175.5,156.01,13464.6,4126.51
2017-03-02,4458.02,175.5,168.14,13464.6,4114.38
2017-03-03,4458.02,175.5,193.27,13464.6,4089.25
2017-03-06,4458.02,175.5,205.21,13464.6,4077.31
2017-03-07,4458.02,175.5,208.76,13464.6,4073.76
2017-03-08,4459.84,88.22,212.12,13464.6,4159.5
2017-03-09,4459.84,88.22,217.83,13464.6,4153.79
2017-03-10,4459.84,88.22,233.05,13464.6,4138.57
2017-03-13,4459.84,88.22,232.96,13464.6,4138.66
2017-03-14,4459.84,88.22,200.8,13464.6,4170.82
2017-03-15,4469.58,38.58,226.51,13464.6,4204.49
2017-03-16,4469.58,38.58,209.11,13464.6,4221.88
2017-03-17,4469.58,38.58,240.67,13464.6,4190.33
2017-03-20,4469.58,38.58,235.83,13464.6,4195.17
2017-03-21,4469.58,38.58,237.33,13464.6,4193.67
2017-03-22,4478.24,70.83,251.01,13464.6,4156.4
2017-03-23,4478.24,70.83,231.46,13464.6,4175.95
2017-03-24,4478.24,70.83,200.24,13464.6,4207.17
2017-03-27,4478.24,70.83,215.47,13464.6,4191.94
2017-03-28,4478.24,70.83,224.48,13464.6,4182.93
2017-03-29,4469.62,65.19,260.36,13464.6,4144.07
2017-03-30,4469.62,65.19,224.13,13464.6,4180.3
2017-03-31,4469.62,65.19,346.85,13464.6,4057.58
2017-04-03,4469.62,65.19,233.58,13520.3,4170.85
2017-04-04,4469.62,65.19,207.71,13520.3,4196.72
2017-04-05,4474.63,89.21,174.64,13520.3,4210.78
2017-04-06,4474.63,89.21,117.34,13520.3,4268.09
2017-04-07,4474.63,89.21,117.77,13520.3,4267.65
2017-04-10,4474.63,89.21,120.5,13520.3,4264.92
2017-04-11,4474.63,89.21,114.75,13520.3,4270.67
2017-04-12,4484.49,122.22,105.53,13520.3,4256.75
2017-04-13,4484.49,122.22,105.53,13520.3,4256.75
2017-04-14,4484.49,122.22,105.53,13520.3,4256.75
2017-04-17,4484.49,122.22,64.37,13520.3,4297.9
2017-04-18,4484.49,122.22,109.4,13520.3,4252.87
2017-04-19,4479.27,164.54,116.57,13520.3,4198.16
2017-04-20,4479.27,164.54,128.73,13520.3,4186.0
2017-04-21,4479.27,164.54,136.52,13520.3,4178.21
2017-04-24,4479.27,164.54,118.67,13520.3,4196.06
2017-04-25,4479.27,164.54,116.96,13520.3,4197.77
2017-04-26,4470.14,234.22,122.32,13520.3,4113.6
2017-04-27,4470.14,234.22,127.83,13520.3,4108.1
2017-04-28,4470.14,234.22,181.98,13520.3,4053.95
2017-05-01,4470.14,234.22,162.2,13567.4,4073.72
2017-05-02,4470.14,234.22,183.85,13567.4,4052.07
2017-05-03,4471.25,244.66,186.67,13567.4,4039.92
2017-05-04,4471.25,244.66,152.79,13567.4,4073.8
2017-05-05,4471.25,244.66,156.79,13567.4,4069.8
2017-05-08,4471.25,244.66,162.58,13567.4,4064.01
2017-05-09,4471.25,244.66,167.3,13567.4,4059.29
2017-05-10,4473.46,199.01,187.27,13567.4,4087.18
2017-05-11,4473.46,199.01,161.23,13567.4,4113.21
2017-05-12,4473.46,199.01,167.7,13567.4,4106.75
2017-05-15,4473.46,199.01,144.99,13567.4,4129.46
2017-05-16,4473.46,199.01,157.69,13567.4,4116.75
2017-05-17,4467.11,186.08,167.16,13567.4,4113.87
2017-05-18,4467.11,186.08,185.29,13567.4,4095.74
2017-05-19,4467.11,186.08,182.27,13567.4,4098.76
2017-05-22,4467.11,186.08,185.03,13567.4,4096.0
2017-05-23,4467.11,186.08,198.86,13567.4,4082.16
2017-05-24,4470.85,167.16,184.95,13567.4,4118.74
2017-05-25,4470.85,167.16,153.45,13567.4,4150.24
2017-05-26,4470.85,167.16,168.04,13567.4,4135.65
2017-05-29,4470.85,167.16,168.04,13567.4,4135.65
2017-05-30,4470.85,167.16,182.06,13567.4,4121.62
2017-05-31,4459.91,170.98,256.18,13567.4,4032.75
2017-06-01,4459.91,170.98,163.76,13577.0,4125.17
2017-06-02,4459.91,170.98,170.5,13577.0,4118.43
2017-06-05,4459.91,170.98,164.21,13577.0,4124.72
2017-06-06,4459.91,170.98,160.95,13577.0,4127.98
2017-06-07,4462.44,152.44,165.14,13577.0,4144.86
2017-06-08,4462.44,152.44,151.58,13577.0,4158.42
2017-06-09,4462.44,152.44,155.34,13577.0,4154.66
2017-06-12,4462.44,152.44,152.2,13577.0,4157.8
2017-06-13,4462.44,152.44,172.97,13577.0,4137.03
2017-06-14,4476.27,153.65,163.06,13577.0,4159.57
2017-06-15,4476.27,153.65,131.38,13577.0,4191.25
2017-06-16,4476.27,153.65,158.57,13577.0,4164.06
2017-06-19,4476.27,153.65,166.74,13577.0,4155.88
2017-06-20,4476.27,153.65,192.35,13577.0,4130.28
2017-06-21,4474.26,212.28,198.77,13577.0,4063.21
2017-06-22,4474.26,212.28,195.14,13577.0,4066.84
2017-06-23,4474.26,212.28,201.48,13577.0,4060.51
2017-06-26,4474.26,212.28,185.23,13577.0,4076.76
2017-06-27,4474.26,212.28,212.66,13577.0,4049.32
2017-06-28,4463.35,208.36,263.7,13577.0,3991.28
2017-06-29,4463.35,208.36,269.56,13577.0,3985.42
2017-06-30,4463.35,208.36,398.88,13577.0,3856.11
2017-07-03,4463.35,208.36,255.69,13638.5,3999.29
2017-07-04,4463.35,208.36,255.69,13638.5,3999.29
2017-07-05,4467.27,177.01,240.03,13638.5,4050.24
2017-07-06,4467.27,177.01,189.99,13638.5,4100.27
2017-07-07,4467.27,177.01,189.21,13638.5,4101.05
2017-07-10,4467.27,177.01,189.72,13638.5,4100.54
2017-07-11,4467.27,177.01,173.77,13638.5,4116.49
2017-07-12,4466.7,171.03,179.17,13638.5,4116.5
2017-07-13,4466.7,171.03,162.38,13638.5,4133.29
2017-07-14,4466.7,171.03,136.23,13638.5,4159.44
2017-07-17,4466.7,171.03,122.44,13638.5,4173.23
2017-07-18,4466.7,171.03,157.32,13638.5,4138.35
2017-07-19,4476.9,180.4,144.73,13638.5,4151.77
2017-07-20,4476.9,180.4,126.68,13638.5,4169.83
2017-07-21,4476.9,180.4,122.71,13638.5,4173.79
2017-07-24,4476.9,180.4,95.12,13638.5,4201.38
2017-07-25,4476.9,180.4,74.54,13638.5,4221.96
2017-07-26,4465.28,191.4,103.31,13638.5,4170.57
2017-07-27,4465.28,191.4,95.64,13638.5,4178.24
2017-07-28,4465.28,191.4,108.48,13638.5,4165.4
2017-07-31,4465.28,191.4,204.62,13638.5,4069.26
2017-08-01,4465.28,191.4,98.07,13695.0,4175.81
2017-08-02,4466.85,180.35,119.33,13695.0,4167.16
2017-08-03,4466.85,180.35,87.84,13695.0,4198.65
2017-08-04,4466.85,180.35,93.78,13695.0,4192.72
2017-08-07,4466.85,180.35,104.06,13695.0,4182.44
2017-08-08,4466.85,180.35,103.61,13695.0,4182.89
2017-08-09,4469.08,149.86,103.95,13695.0,4215.27
2017-08-10,4469.08,149.86,90.27,13695.0,4228.95
2017-08-11,4469.08,149.86,95.53,13695.0,4223.69
2017-08-14,4469.08,149.86,74.68,13695.0,4244.54
2017-08-15,4469.08,149.86,71.38,13695.0,4247.84
2017-08-16,4462.87,130.95,92.84,13695.0,4239.08
2017-08-17,4462.87,130.95,78.58,13695.0,4253.34
2017-08-18,4462.87,130.95,129.1,13695.0,4202.81
2017-08-21,4462.87,130.95,144.1,13695.0,4187.82
2017-08-22,4462.87,130.95,166.09,13695.0,4165.82
2017-08-23,4463.84,82.08,169.79,13695.0,4211.97
2017-08-24,4463.84,82.08,130.88,13695.0,4250.88
2017-08-25,4463.84,82.08,122.17,13695.0,4259.59
2017-08-28,4463.84,82.08,121.95,13695.0,4259.81
2017-08-29,4463.84,82.08,127.24,13695.0,4254.52
2017-08-30,4452.36,61.06,146.09,13695.0,4245.22
2017-08-31,4452.36,61.06,213.49,13695.0,4177.82
2017-09-01,4452.36,61.06,124.95,13743.0,4266.35
2017-09-04,4452.36,61.06,124.95,13743.0,4266.35
2017-09-05,4452.36,61.06,136.13,13743.0,4255.17
2017-09-06,4453.47,37.56,145.13,13743.0,4270.78
2017-09-07,4453.47,37.56,126.61,13743.0,4289.3
2017-09-08,4453.47,37.56,113.84,13743.0,4302.07
2017-09-11,4453.47,37.56,115.97,13743.0,4299.94
2017-09-12,4453.47,37.56,127.02,13743.0,4288.89
2017-09-13,4471.17,70.23,125.67,13743.0,4275.27
2017-09-14,4471.17,70.23,97.56,13743.0,4303.38
2017-09-15,4471.17,70.23,109.64,13743.0,4291.3
2017-09-18,4471.17,70.23,138.91,13743.0,4262.03
2017-09-19,4471.17,70.23,156.73,13743.0,4244.21
2017-09-20,4458.58,127.78,168.02,13743.0,4162.77
2017-09-21,4458.58,127.78,152.87,13743.0,4177.93
2017-09-22,4458.58,127.78,157.33,13743.0,4173.46
2017-09-25,4458.58,127.78,158.5,13743.0,4172.29
2017-09-26,4458.58,127.78,173.72,13743.0,4157.08
2017-09-27,4455.66,164.65,220.08,13743.0,4070.93
2017-09-28,4455.66,164.65,208.94,13743.0,4082.07
2017-09-29,4455.66,164.65,316.09,13743.0,3974.92
2017-10-02,4455.66,164.65,190.38,13801.5,4100.63
2017-10-03,4455.66,164.65,181.6,13801.5,4109.4
2017-10-04,4460.42,160.43,178.74,13801.5,4121.25
2017-10-05,4460.42,160.43,132.83,13801.5,4167.16
2017-10-06,4460.42,160.43,119.53,13801.5,4180.46
2017-10-09,4460.42,160.43,119.53,13801.5,4180.46
2017-10-10,4460.42,160.43,121.91,13801.5,4178.08
2017-10-11,4459.42,169.77,129.8,13801.5,4159.84
2017-10-12,4459.42,169.77,102.81,13801.5,4186.84
2017-10-13,4459.42,169.77,99.96,13801.5,4189.69
2017-10-16,4459.42,169.77,78.53,13801.5,4211.12
2017-10-17,4459.42,169.77,91.19,13801.5,4198.46
2017-10-18,4469.72,178.97,121.46,13801.5,4169.29
2017-10-19,4469.72,178.97,102.61,13801.5,4188.14
2017-10-20,4469.72,178.97,102.49,13801.5,4188.26
2017-10-23,4469.72,178.97,110.26,13801.5,4180.49
2017-10-24,4469.72,178.97,97.2,13801.5,4193.55
2017-10-25,4461.12,196.33,112.06,13801.5,4152.73
2017-10-26,4461.12,196.33,98.41,13801.5,4166.37
2017-10-27,4461.12,196.33,105.9,13801.5,4158.88
2017-10-30,4461.12,196.33,102.15,13801.5,4162.64
2017-10-31,4461.12,196.33,173.6,13801.5,4091.18
2017-11-01,4455.89,193.55,87.16,13849.1,4175.18
2017-11-02,4455.89,193.55,58.76,13849.1,4203.58
2017-11-03,4455.89,193.55,60.92,13849.1,4201.43
2017-11-06,4455.89,193.55,70.36,13849.1,4191.98
2017-11-07,4455.89,193.55,58.97,13849.1,4203.37
2017-11-08,4458.55,177.78,74.55,13849.1,4206.23
2017-11-09,4458.55,177.78,46.38,13849.1,4234.39
2017-11-10,4458.55,177.78,39.67,13849.1,4241.1
2017-11-13,4458.55,177.78,35.24,13849.1,4245.53
2017-11-14,4458.55,177.78,32.22,13849.1,4248.55
2017-11-15,4448.29,174.63,35.04,13849.1,4238.62
2017-11-16,4448.29,174.63,20.71,13849.1,4252.95
2017-11-17,4448.29,174.63,38.84,13849.1,4234.82
2017-11-20,4448.29,174.63,34.58,13849.1,4239.08
2017-11-21,4448.29,174.63,42.9,13849.1,4230.76
2017-11-22,4450.62,163.58,51.63,13849.1,4235.4
2017-11-23,4450.62,163.58,51.63,13849.1,4235.4
2017-11-24,4450.62,163.58,40.49,13849.1,4246.55
2017-11-27,4450.62,163.58,39.38,13849.1,4247.66
2017-11-28,4450.62,163.58,50.83,13849.1,4236.2
2017-11-29,4438.59,172.28,67.02,13849.1,4199.29
2017-11-30,4438.59,172.28,102.72,13849.1,4163.59
2017-12-01,4438.59,172.28,59.03,13887.3,4207.28
2017-12-04,4438.59,172.28,72.39,13887.3,4193.92
2017-12-05,4438.59,172.28,68.3,13887.3,4198.01
2017-12-06,4437.15,127.59,76.37,13887.3,4233.19
2017-12-07,4437.15,127.59,63.55,13887.3,4246.01
2017-12-08,4437.15,127.59,82.71,13887.3,4226.85
2017-12-11,4437.15,127.59,107.47,13887.3,4202.09
2017-12-12,4437.15,127.59,119.09,13887.3,4190.47
2017-12-13,4452.73,76.21,143.39,13887.3,4233.13
2017-12-14,4452.73,76.21,107.68,13887.3,4268.84
2017-12-15,4452.73,76.21,80.21,13887.3,4296.31
2017-12-18,4452.73,76.21,117.28,13887.3,4259.24
2017-12-19,4452.73,76.21,112.63,13887.3,4263.89
2017-12-20,4447.47,155.61,127.58,13887.3,4164.28
2017-12-21,4447.47,155.61,116.98,13887.3,4174.88
2017-12-22,4447.47,155.61,113.85,13887.3,4178.01
2017-12-25,4447.47,155.61,113.85,13887.3,4178.01
2017-12-26,4447.47,155.61,119.46,13887.3,4172.4
2017-12-27,4448.68,190.28,147.75,13887.3,4110.65
2017-12-28,4448.68,190.28,158.48,13887.3,4099.92
2017-12-29,4448.68,190.28,319.6,13887.3,3938.8
2018-01-01,4448.68,190.28,319.6,13902.4,3938.8
2018-01-02,4448.68,190.28,136.97,13902.4,4121.43
2018-01-03,4443.72,211.57,131.62,13902.4,4100.53
2018-01-04,4443.72,211.57,76.62,13902.4,4155.53
2018-01-05,4443.72,211.57,63.8,13902.4,4168.35
2018-01-08,4443.72,211.57,63.53,13902.4,4168.62
2018-01-09,4443.72,211.57,56.47,13902.4,4175.68
2018-01-10,4446.06,206.22,57.95,13902.4,4181.89
2018-01-11,4446.06,206.22,33.6,13902.4,4206.25
2018-01-12,4446.06,206.22,21.59,13902.4,4218.26
2018-01-15,4446.06,206.22,21.59,13902.4,4218.26
2018-01-16,4446.06,206.22,22.0,13902.4,4217.84
2018-01-17,4439.15,227.66,20.55,13902.4,4190.93
2018-01-18,4439.15,227.66,22.8,13902.4,4188.68
2018-01-19,4439.15,227.66,22.2,13902.4,4189.28
2018-01-22,4439.15,227.66,28.71,13902.4,4182.77
2018-01-23,4439.15,227.66,31.79,13902.4,4179.69
2018-01-24,4441.32,269.12,36.37,13902.4,4135.83
2018-01-25,4441.32,269.12,19.89,13902.4,4152.31
2018-01-26,4441.32,269.12,21.43,13902.4,4150.77
2018-01-29,4441.32,269.12,23.98,13902.4,4148.22
2018-01-30,4441.32,269.12,31.77,13902.4,4140.43
2018-01-31,4419.23,270.24,65.8,13902.4,4083.18
2018-02-01,4419.23,270.24,31.82,13949.8,4117.16
2018-02-02,4419.23,270.24,43.93,13949.8,4105.05
2018-02-05,4419.23,270.24,59.01,13949.8,4089.97
2018-02-06,4419.23,270.24,49.21,13949.8,4099.77
2018-02-07,4420.74,203.94,48.12,13949.8,4168.69
2018-02-08,4420.74,203.94,33.27,13949.8,4183.54
2018-02-09,4420.74,203.94,36.57,13949.8,4180.24
2018-02-12,4420.74,203.94,30.63,13949.8,4186.18
2018-02-13,4420.74,203.94,43.14,13949.8,4173.67
2018-02-14,4434.86,197.68,38.52,13949.8,4198.66
2018-02-15,4434.86,197.68,29.08,13949.8,4208.1
2018-02-16,4434.86,197.68,29.62,13949.8,4207.57
2018-02-19,4434.86,197.68,29.62,13949.8,4207.57
2018-02-20,4434.86,197.68,32.49,13949.8,4204.69
2018-02-21,4411.66,214.68,45.17,13949.8,4151.81
2018-02-22,4411.66,214.68,36.32,13949.8,4160.66
2018-02-23,4411.66,214.68,15.88,13949.8,4181.11
2018-02-26,4411.66,214.68,9.36,13949.8,4187.62
2018-02-27,4411.66,214.68,19.73,13949.8,4177.25
2018-02-28,4393.4,202.62,44.51,13949.8,4146.27
2018-03-01,4393.4,202.62,14.33,14014.5,4176.45
2018-03-02,4393.4,202.62,15.64,14014.5,4175.14
2018-03-05,4393.4,202.62,15.23,14014.5,4175.55
2018-03-06,4393.4,202.62,11.2,14014.5,4179.58
2018-03-07,4396.1,195.07,14.3,14014.5,4186.73
2018-03-08,4396.1,195.07,6.96,14014.5,4194.06
2018-03-09,4396.1,195.07,3.25,14014.5,4197.78
2018-03-12,4396.1,195.07,1.77,14014.5,4199.26
2018-03-13,4396.1,195.07,2.14,14014.5,4198.88
2018-03-14,4407.26,249.93,4.97,14014.5,4152.36
2018-03-15,4407.26,249.93,3.75,14014.5,4153.58
2018-03-16,4407.26,249.93,10.28,14014.5,4147.05
2018-03-19,4407.26,249.93,7.82,14014.5,4149.51
2018-03-20,4407.26,249.93,11.95,14014.5,4145.38
2018-03-21,4401.22,316.45,20.59,14014.5,4064.18
2018-03-22,4401.22,316.45,11.59,14014.5,4073.18
2018-03-23,4401.22,316.45,10.45,14014.5,4074.32
2018-03-26,4401.22,316.45,5.92,14014.5,4078.85
2018-03-27,4401.22,316.45,9.62,14014.5,4075.15
2018-03-28,4392.2,318.86,17.9,14014.5,4055.44
2018-03-29,4392.2,318.86,17.9,14014.5,4055.44
2018-03-30,4392.2,318.86,17.9,14014.5,4055.44
2018-04-02,4392.2,318.86,3.82,14034.8,4069.52
2018-04-03,4392.2,318.86,8.7,14034.8,4064.64
2018-04-04,4386.1,303.92,4.57,14034.8,4077.62
2018-04-05,4386.1,303.92,4.64,14034.8,4077.54
2018-04-06,4386.1,303.92,4.89,14034.8,4077.29
2018-04-09,4386.1,303.92,4.07,14034.8,4078.12
2018-04-10,4386.1,303.92,3.99,14034.8,4078.2
2018-04-11,4383.68,294.08,2.36,14034.8,4087.24
2018-04-12,4383.68,294.08,4.12,14034.8,4085.48
2018-04-13,4383.68,294.08,3.47,14034.8,4086.13
2018-04-16,4383.68,294.08,3.37,14034.8,4086.23
2018-04-17,4383.68,294.08,3.97,14034.8,4085.63
2018-04-18,4385.9,275.25,14.02,14034.8,4096.64
2018-04-19,4385.9,275.25,13.92,14034.8,4096.74
2018-04-20,4385.9,275.25,12.02,14034.8,4098.64
2018-04-23,4385.9,275.25,10.82,14034.8,4099.84
2018-04-24,4385.9,275.25,9.53,14034.8,4101.12
2018-04-25,4372.89,359.6,3.57,14034.8,4009.72
2018-04-26,4372.89,359.6,3.8,14034.8,4009.49
2018-04-27,4372.89,359.6,2.92,14034.8,4010.37
2018-04-30,4372.89,359.6,13.83,14034.8,3999.46
2018-05-01,4372.89,359.6,3.82,14091.0,4009.47
2018-05-02,4356.13,399.98,6.52,14091.0,3949.62
2018-05-03,4356.13,399.98,5.78,14091.0,3950.37
2018-05-04,4356.13,399.98,5.42,14091.0,3950.73
2018-05-07,4356.13,399.98,3.22,14091.0,3952.92
2018-05-08,4356.13,399.98,3.92,14091.0,3952.22
2018-05-09,4358.21,353.74,2.72,14091.0,4001.75
2018-05-10,4358.21,353.74,4.64,14091.0,3999.82
2018-05-11,4358.21,353.74,3.22,14091.0,4001.24
2018-05-14,4358.21,353.74,3.86,14091.0,4000.61
2018-05-15,4358.21,353.74,2.1,14091.0,4002.37
2018-05-16,4337.61,337.26,2.54,14091.0,3997.81
2018-05-17,4337.61,337.26,1.9,14091.0,3998.46
2018-05-18,4337.61,337.26,9.12,14091.0,3991.23
2018-05-21,4337.61,337.26,5.4,14091.0,3994.95
2018-05-22,4337.61,337.26,3.95,14091.0,3996.4
2018-05-23,4337.3,326.44,2.93,14091.0,4007.93
2018-05-24,4337.3,326.44,6.62,14091.0,4004.24
2018-05-25,4337.3,326.44,0.02,14091.0,4010.84
2018-05-28,4337.3,326.44,0.02,14091.0,4010.84
2018-05-29,4337.3,326.44,0.88,14091.0,4009.98
2018-05-30,4327.52,325.35,3.92,14091.0,3998.25
2018-05-31,4327.52,325.35,21.48,14091.0,3980.69
2018-06-01,4327.52,325.35,12.55,14133.2,3989.62
2018-06-04,4327.52,325.35,11.17,14133.2,3991.0
2018-06-05,4327.52,325.35,6.64,14133.2,3995.53
2018-06-06,4319.19,294.07,16.77,14133.2,4008.35
2018-06-07,4319.19,294.07,5.77,14133.2,4019.35
2018-06-08,4319.19,294.07,2.77,14133.2,4022.35
2018-06-11,4319.19,294.07,4.84,14133.2,4020.29
2018-06-12,4319.19,294.07,1.31,14133.2,4023.81
2018-06-13,4324.91,281.19,3.02,14133.2,4040.69
2018-06-14,4324.91,281.19,2.94,14133.2,4040.78
2018-06-15,4324.91,281.19,0.27,14133.2,4043.45
2018-06-18,4324.91,281.19,0.37,14133.2,4043.35
2018-06-19,4324.91,281.19,0.2,14133.2,4043.52
2018-06-20,4315.9,352.78,0.32,14133.2,3962.8
2018-06-21,4315.9,352.78,1.37,14133.2,3961.75
2018-06-22,4315.9,352.78,1.43,14133.2,3961.69
2018-06-25,4315.9,352.78,12.73,14133.2,3950.39
2018-06-26,4315.9,352.78,10.38,14133.2,3952.73
2018-06-27,4305.49,373.94,20.68,14133.2,3910.87
2018-06-28,4305.49,373.94,20.42,14133.2,3911.13
2018-06-29,4305.49,373.94,96.97,14133.2,3834.58
2018-07-02,4305.49,373.94,32.14,14170.0,3899.41
2018-07-03,4305.49,373.94,4.85,14170.0,3926.7
2018-07-04,4289.76,336.03,4.85,14170.0,3948.89
2018-07-05,4289.76,336.03,8.2,14170.0,3945.53
2018-07-06,4289.76,336.03,4.2,14170.0,3949.54
2018-07-09,4289.76,336.03,3.6,14170.0,3950.14
2018-07-10,4289.76,336.03,1.96,14170.0,3951.78
2018-07-11,4291.2,326.48,1.23,14170.0,3963.5
2018-07-12,4291.2,326.48,2.46,14170.0,3962.27
2018-07-13,4291.2,326.48,0.87,14170.0,3963.85
2018-07-16,4291.2,326.48,0.87,14170.0,3963.86
2018-07-17,4291.2,326.48,1.22,14170.0,3963.5
2018-07-18,4291.62,324.46,6.02,14170.0,3961.14
2018-07-19,4291.62,324.46,3.62,14170.0,3963.54
2018-07-20,4291.62,324.46,1.17,14170.0,3965.99
2018-07-23,4291.62,324.46,2.27,14170.0,3964.89
2018-07-24,4291.62,324.46,4.89,14170.0,3962.26
2018-07-25,4277.68,348.89,0.72,14170.0,3928.08
2018-07-26,4277.68,348.89,1.57,14170.0,3927.22
2018-07-27,4277.68,348.89,1.47,14170.0,3927.32
2018-07-30,4277.68,348.89,2.0,14170.0,3926.8
2018-07-31,4277.68,348.89,9.04,14170.0,3919.75
2018-08-01,4255.65,351.52,0.8,14221.3,3903.34
2018-08-02,4255.65,351.52,1.82,14221.3,3902.31
2018-08-03,4255.65,351.52,1.67,14221.3,3902.46
2018-08-06,4255.65,351.52,2.1,14221.3,3902.04
2018-08-07,4255.65,351.52,2.34,14221.3,3901.79
2018-08-08,4258.03,326.47,1.66,14221.3,3929.9
2018-08-09,4258.03,326.47,1.74,14221.3,3929.81
2018-08-10,4258.03,326.47,2.47,14221.3,3929.09
2018-08-13,4258.03,326.47,1.38,14221.3,3930.18
2018-08-14,4258.03,326.47,0.68,14221.3,3930.87
2018-08-15,4228.92,342.8,0.32,14221.3,3885.81
2018-08-16,4228.92,342.8,0.53,14221.3,3885.59
2018-08-17,4228.92,342.8,4.02,14221.3,3882.11
2018-08-20,4228.92,342.8,1.65,14221.3,3884.48
2018-08-21,4228.92,342.8,1.47,14221.3,3884.66
2018-08-22,4228.82,348.39,1.13,14221.3,3879.3
2018-08-23,4228.82,348.39,2.42,14221.3,3878.01
2018-08-24,4228.82,348.39,4.66,14221.3,3875.76
2018-08-27,4228.82,348.39,1.0,14221.3,3879.43
2018-08-28,4228.82,348.39,1.42,14221.3,3879.01
2018-08-29,4218.91,342.54,0.84,14221.3,3875.53
2018-08-30,4218.91,342.54,0.98,14221.3,3875.39
2018-08-31,4218.91,342.54,0.39,14221.3,3875.98
2018-09-03,4218.91,342.54,0.39,14243.9,3875.98
2018-09-04,4218.91,342.54,0.6,14243.9,3875.78
2018-09-05,4208.5,323.76,0.01,14243.9,3884.72
2018-09-06,4208.5,323.76,0.82,14243.9,3883.92
2018-09-07,4208.5,323.76,0.02,14243.9,3884.72
2018-09-10,4208.5,323.76,0.02,14243.9,3884.72
2018-09-11,4208.5,323.76,1.24,14243.9,3883.49
2018-09-12,4210.81,303.65,1.32,14243.9,3905.84
2018-09-13,4210.81,303.65,1.79,14243.9,3905.37
2018-09-14,4210.81,303.65,1.32,14243.9,3905.84
2018-09-17,4210.81,303.65,0.72,14243.9,3906.44
2018-09-18,4210.81,303.65,10.12,14243.9,3897.04
2018-09-19,4208.06,335.88,8.91,14243.9,3863.27
2018-09-20,4208.06,335.88,17.87,14243.9,3854.31
2018-09-21,4208.06,335.88,17.46,14243.9,3854.72
2018-09-24,4208.06,335.88,9.34,14243.9,3862.84
2018-09-25,4208.06,335.88,3.44,14243.9,3868.74
2018-09-26,4192.91,370.03,5.62,14243.9,3817.25
2018-09-27,4192.91,370.03,30.06,14243.9,3792.82
2018-09-28,4192.91,370.03,48.43,14243.9,3774.45
2018-10-01,4192.91,370.03,4.18,14257.6,3818.69
2018-10-02,4192.91,370.03,3.3,14257.6,3819.58
2018-10-03,4174.7,368.01,2.95,14257.6,3803.74
2018-10-04,4174.7,368.01,3.26,14257.6,3803.43
2018-10-05,4174.7,368.01,1.56,14257.6,3805.13
2018-10-08,4174.7,368.01,1.56,14257.6,3805.13
2018-10-09,4174.7,368.01,2.39,14257.6,3804.31
2018-10-10,4176.91,324.72,2.39,14257.6,3849.8
2018-10-11,4176.91,324.72,2.02,14257.6,3850.17
2018-10-12,4176.91,324.72,0.96,14257.6,3851.22
2018-10-15,4176.91,324.72,0.37,14257.6,3851.82
2018-10-16,4176.91,324.72,0.47,14257.6,3851.72
2018-10-17,4175.45,332.92,0.17,14257.6,3842.35
2018-10-18,4175.45,332.92,10.29,14257.6,3832.23
2018-10-19,4175.45,332.92,3.92,14257.6,3838.61
2018-10-22,4175.45,332.92,3.19,14257.6,3839.33
2018-10-23,4175.45,332.92,4.47,14257.6,3838.06
2018-10-24,4173.07,369.58,6.44,14257.6,3797.05
2018-10-25,4173.07,369.58,1.94,14257.6,3801.55
2018-10-26,4173.07,369.58,2.0,14257.6,3801.49
2018-10-29,4173.07,369.58,1.75,14257.6,3801.75
2018-10-30,4173.07,369.58,0.72,14257.6,3802.78
2018-10-31,4139.73,373.37,4.82,14257.6,3761.55
2018-11-01,4139.73,373.37,4.64,14288.4,3761.72
2018-11-02,4139.73,373.37,1.51,14288.4,3764.85
2018-11-05,4139.73,373.37,1.46,14288.4,3764.9
2018-11-06,4139.73,373.37,2.54,14288.4,3763.82
2018-11-07,4141.94,319.98,1.88,14288.4,3820.08
2018-11-08,4141.94,319.98,1.17,14288.4,3820.79
2018-11-09,4141.94,319.98,0.4,14288.4,3821.55
2018-11-12,4141.94,319.98,0.4,14288.4,3821.55
2018-11-13,4141.94,319.98,1.06,14288.4,3820.89
2018-11-14,4145.89,341.09,0.66,14288.4,3804.14
2018-11-15,4145.89,341.09,0.49,14288.4,3804.3
2018-11-16,4145.89,341.09,18.57,14288.4,3786.23
2018-11-19,4145.89,341.09,16.3,14288.4,3788.5
2018-11-20,4145.89,341.09,15.24,14288.4,3789.56
2018-11-21,4106.2,330.2,16.2,14288.4,3759.79
2018-11-22,4106.2,330.2,16.2,14288.4,3759.79
2018-11-23,4106.2,330.2,13.1,14288.4,3762.89
2018-11-26,4106.2,330.2,0.62,14288.4,3775.38
2018-11-27,4106.2,330.2,0.44,14288.4,3775.56
2018-11-28,4097.17,340.6,1.46,14288.4,3755.11
2018-11-29,4097.17,340.6,1.81,14288.4,3754.76
2018-11-30,4097.17,340.6,2.49,14288.4,3754.08
2018-12-03,4097.17,340.6,2.21,14392.0,3754.36
2018-12-04,4097.17,340.6,2.21,14392.0,3754.36
2018-12-05,4086.04,337.56,2.21,14392.0,3746.27
2018-12-06,4086.04,337.56,3.36,14392.0,3745.12
2018-12-07,4086.04,337.56,5.64,14392.0,3742.84
2018-12-10,4086.04,337.56,1.42,14392.0,3747.06
2018-12-11,4086.04,337.56,0.35,14392.0,3748.13
2018-12-12,4088.31,334.97,0.46,14392.0,3752.89
2018-12-13,4088.31,334.97,0.42,14392.0,3752.93
2018-12-14,4088.31,334.97,0.32,14392.0,3753.03
2018-12-17,4088.31,334.97,0.42,14392.0,3752.93
2018-12-18,4088.31,334.97,6.22,14392.0,3747.13
2018-12-19,4084.27,350.71,5.98,14392.0,3727.58
2018-12-20,4084.27,350.71,9.52,14392.0,3724.04
2018-12-21,4084.27,350.71,8.8,14392.0,3724.76
2018-12-24,4084.27,350.71,7.96,14392.0,3725.6
2018-12-25,4084.27,350.71,7.96,14392.0,3725.6
2018-12-26,4075.64,374.08,1.0,14392.0,3700.55
2018-12-27,4075.64,374.08,3.1,14392.0,3698.45
2018-12-28,4075.64,374.08,3.21,14392.0,3698.34
2018-12-31,4075.64,374.08,41.85,14392.0,3659.7
2019-01-01,4075.64,374.08,41.85,14460.2,3659.7
2019-01-02,4058.38,379.9,19.48,14460.2,3659.0
2019-01-03,4058.38,379.9,7.2,14460.2,3671.28
2019-01-04,4058.38,379.9,2.86,14460.2,3675.62
2019-01-07,4058.38,379.9,2.79,14460.2,3675.69
2019-01-08,4058.38,379.9,2.81,14460.2,3675.66
2019-01-09,4056.56,356.7,2.54,14460.2,3697.33
2019-01-10,4056.56,356.7,2.22,14460.2,3697.65
2019-01-11,4056.56,356.7,2.02,14460.2,3697.85
2019-01-14,4056.56,356.7,1.2,14460.2,3698.66
2019-01-15,4056.56,356.7,2.02,14460.2,3697.85
2019-01-16,4050.04,351.18,1.32,14460.2,3697.55
2019-01-17,4050.04,351.18,2.06,14460.2,3696.8
2019-01-18,4050.04,351.18,13.16,14460.2,3685.7
2019-01-21,4050.04,351.18,13.16,14460.2,3685.7
2019-01-22,4050.04,351.18,10.46,14460.2,3688.4
2019-01-23,4047.05,389.63,11.42,14460.2,3646.01
2019-01-24,4047.05,389.63,15.06,14460.2,3642.37
2019-01-25,4047.05,389.63,1.52,14460.2,3655.91
2019-01-28,4047.05,389.63,1.26,14460.2,3656.16
2019-01-29,4047.05,389.63,1.84,14460.2,3655.59
2019-01-30,4039.68,403.28,0.99,14460.2,3635.41
2019-01-31,4039.68,403.28,1.05,14460.2,3635.35
2019-02-01,4039.68,403.28,0.66,14506.6,3635.74
2019-02-04,4039.68,403.28,4.51,14506.6,3631.89
2019-02-05,4039.68,403.28,1.69,14506.6,3634.72
2019-02-06,4026.35,352.38,1.93,14506.6,3672.05
2019-02-07,4026.35,352.38,2.32,14506.6,3671.66
2019-02-08,4026.35,352.38,2.02,14506.6,3671.96
2019-02-11,4026.35,352.38,2.01,14506.6,3671.97
2019-02-12,4026.35,352.38,1.66,14506.6,3672.32
2019-02-13,4028.43,359.11,1.7,14506.6,3667.62
2019-02-14,4028.43,359.11,1.34,14506.6,3667.98
2019-02-15,4028.43,359.11,5.27,14506.6,3664.05
2019-02-18,4028.43,359.11,5.27,14506.6,3664.05
2019-02-19,4028.43,359.11,1.97,14506.6,3667.36
2019-02-20,3981.42,333.9,2.28,14506.6,3645.25
2019-02-21,3981.42,333.9,1.72,14506.6,3645.8
2019-02-22,3981.42,333.9,6.66,14506.6,3640.86
2019-02-25,3981.42,333.9,1.38,14506.6,3646.15
2019-02-26,3981.42,333.9,1.82,14506.6,3645.71
2019-02-27,3974.59,310.57,1.92,14506.6,3662.1
2019-02-28,3974.59,310.57,3.42,14506.6,3660.6
2019-03-01,3974.59,310.57,2.02,14559.5,3662.0
2019-03-04,3974.59,310.57,2.92,14559.5,3661.1
2019-03-05,3974.59,310.57,3.12,14559.5,3660.9
2019-03-06,3969.13,220.04,2.12,14559.5,3746.97
2019-03-07,3969.13,220.04,0.72,14559.5,3748.37
2019-03-08,3969.13,220.04,0.02,14559.5,3749.07
2019-03-11,3969.13,220.04,0.02,14559.5,3749.07
2019-03-12,3969.13,220.04,0.03,14559.5,3749.06
2019-03-13,3971.56,245.97,0.02,14559.5,3725.57
2019-03-14,3971.56,245.97,0.02,14559.5,3725.57
2019-03-15,3971.56,245.97,0.02,14559.5,3725.57
2019-03-18,3971.56,245.97,3.17,14559.5,3722.42
2019-03-19,3971.56,245.97,2.52,14559.5,3723.07
2019-03-20,3962.75,303.62,0.62,14559.5,3658.51
2019-03-21,3962.75,303.62,0.41,14559.5,3658.71
2019-03-22,3962.75,303.62,5.02,14559.5,3654.11
2019-03-25,3962.75,303.62,0.13,14559.5,3659.0
2019-03-26,3962.75,303.62,0.57,14559.5,3658.56
2019-03-27,3955.62,310.87,0.17,14559.5,3644.58
2019-03-28,3955.62,310.87,0.52,14559.5,3644.23
2019-03-29,3955.62,310.87,0.73,14559.5,3644.02
2019-04-01,3955.62,310.87,0.01,14594.0,3644.74
2019-04-02,3955.62,310.87,0.02,14594.0,3644.73
2019-04-03,3935.51,310.19,0.02,14594.0,3625.3
2019-04-04,3935.51,310.19,0.62,14594.0,3624.71
2019-04-05,3935.51,310.19,0.02,14594.0,3625.31
2019-04-08,3935.51,310.19,0.28,14594.0,3625.04
2019-04-09,3935.51,310.19,0.41,14594.0,3624.91
2019-04-10,3936.78,262.62,2.73,14594.0,3671.44
2019-04-11,3936.78,262.62,0.12,14594.0,3674.04
2019-04-12,3936.78,262.62,0.02,14594.0,3674.15
2019-04-15,3936.78,262.62,0.02,14594.0,3674.15
2019-04-16,3936.78,262.62,0.7,14594.0,3673.47
2019-04-17,3931.83,285.26,0.02,14594.0,3646.55
2019-04-18,3931.83,285.26,0.02,14594.0,3646.55
2019-04-19,3931.83,285.26,0.02,14594.0,3646.55
2019-04-22,3931.83,285.26,1.12,14594.0,3645.45
2019-04-23,3931.83,285.26,5.69,14594.0,3640.87
2019-04-24,3928.27,378.6,9.52,14594.0,3540.16
2019-04-25,3928.27,378.6,0.61,14594.0,3549.06
2019-04-26,3928.27,378.6,0.92,14594.0,3548.76
2019-04-29,3928.27,378.6,0.62,14594.0,3549.06
2019-04-30,3928.27,378.6,0.02,14594.0,3549.66
2019-05-01,3889.69,400.5,0.03,14703.2,3489.17
2019-05-02,3889.69,400.5,0.02,14703.2,3489.17
2019-05-03,3889.69,400.5,0.01,14703.2,3489.18
2019-05-06,3889.69,400.5,0.07,14703.2,3489.13
2019-05-07,3889.69,400.5,0.96,14703.2,3488.23
2019-05-08,3892.22,348.36,0.02,14703.2,3543.84
2019-05-09,3892.22,348.36,0.52,14703.2,3543.34
2019-05-10,3892.22,348.36,0.27,14703.2,3543.59
2019-05-13,3892.22,348.36,0.11,14703.2,3543.75
2019-05-14,3892.22,348.36,1.37,14703.2,3542.49
2019-05-15,3864.75,323.79,0.46,14703.2,3540.5
2019-05-16,3864.75,323.79,1.75,14703.2,3539.21
2019-05-17,3864.75,323.79,9.7,14703.2,3531.26
2019-05-20,3864.75,323.79,8.1,14703.2,3532.86
2019-05-21,3864.75,323.79,3.7,14703.2,3537.26
2019-05-22,3860.44,282.86,3.75,14703.2,3573.82
2019-05-23,3860.44,282.86,4.93,14703.2,3572.64
2019-05-24,3860.44,282.86,5.96,14703.2,3571.62
2019-05-27,3860.44,282.86,5.96,14703.2,3571.62
2019-05-28,3860.44,282.86,1.52,14703.2,3576.05
2019-05-29,3851.44,247.78,2.23,14703.2,3601.44
2019-05-30,3851.44,247.78,1.03,14703.2,3602.64
2019-05-31,3851.44,247.78,0.86,14703.2,3602.81
2019-06-03,3851.44,247.78,1.25,14798.8,3602.41
2019-06-04,3851.44,247.78,1.89,14798.8,3601.78
2019-06-05,3847.64,223.64,2.26,14798.8,3621.75
2019-06-06,3847.64,223.64,2.21,14798.8,3621.8
2019-06-07,3847.64,223.64,1.91,14798.8,3622.1
2019-06-10,3847.64,223.64,2.1,14798.8,3621.9
2019-06-11,3847.64,223.64,1.01,14798.8,3623.0
2019-06-12,3849.96,187.56,1.7,14798.8,3660.69
2019-06-13,3849.96,187.56,1.66,14798.8,3660.74
2019-06-14,3849.96,187.56,1.66,14798.8,3660.74
2019-06-17,3849.96,187.56,2.27,14798.8,3660.13
2019-06-18,3849.96,187.56,18.01,14798.8,3644.39
2019-06-19,3844.02,198.4,22.36,14798.8,3623.26
2019-06-20,3844.02,198.4,27.43,14798.8,3618.19
2019-06-21,3844.02,198.4,21.36,14798.8,3624.26
2019-06-24,3844.02,198.4,11.16,14798.8,3634.46
2019-06-25,3844.02,198.4,6.4,14798.8,3639.22
2019-06-26,3826.82,248.3,7.78,14798.8,3570.73
2019-06-27,3826.82,248.3,16.79,14798.8,3561.72
2019-06-28,3826.82,248.3,44.31,14798.8,3534.21
2019-07-01,3826.82,248.3,15.84,14882.7,3562.68
2019-07-02,3826.82,248.3,8.16,14882.7,3570.36
2019-07-03,3813.2,245.31,6.85,14882.7,3561.04
2019-07-04,3813.2,245.31,6.85,14882.7,3561.04
2019-07-05,3813.2,245.31,6.16,14882.7,3561.74
2019-07-08,3813.2,245.31,6.5,14882.7,3561.39
2019-07-09,3813.2,245.31,6.58,14882.7,3561.32
2019-07-10,3815.04,211.12,6.25,14882.7,3597.67
2019-07-11,3815.04,211.12,4.95,14882.7,3598.97
2019-07-12,3815.04,211.12,5.15,14882.7,3598.77
2019-07-15,3815.04,211.12,5.56,14882.7,3598.37
2019-07-16,3815.04,211.12,3.01,14882.7,3600.92
2019-07-17,3808.11,197.0,1.96,14882.7,3609.14
2019-07-18,3808.11,197.0,16.66,14882.7,3594.44
2019-07-19,3808.11,197.0,14.26,14882.7,3596.85
2019-07-22,3808.11,197.0,14.16,14882.7,3596.94
2019-07-23,3808.11,197.0,14.76,14882.7,3596.35
2019-07-24,3803.44,193.36,8.26,14882.7,3601.82
2019-07-25,3803.44,193.36,3.36,14882.7,3606.72
2019-07-26,3803.44,193.36,3.25,14882.7,3606.82
2019-07-29,3803.44,193.36,3.93,14882.7,3606.15
2019-07-30,3803.44,193.36,2.31,14882.7,3607.77
2019-07-31,3779.1,163.76,7.37,14882.7,3607.97
2019-08-01,3779.1,163.76,6.04,14974.4,3609.3
2019-08-02,3779.1,163.76,3.34,14974.4,3612.0
2019-08-05,3779.1,163.76,3.47,14974.4,3611.86
2019-08-06,3779.1,163.76,3.41,14974.4,3611.93
2019-08-07,3781.54,131.7,3.62,14974.4,3646.22
2019-08-08,3781.54,131.7,3.06,14974.4,3646.78
2019-08-09,3781.54,131.7,2.72,14974.4,3647.12
2019-08-12,3781.54,131.7,5.43,14974.4,3644.41
2019-08-13,3781.54,131.7,5.0,14974.4,3644.84
2019-08-14,3786.02,129.96,2.74,14974.4,3653.32
2019-08-15,3786.02,129.96,3.51,14974.4,3652.55
2019-08-16,3786.02,129.96,11.84,14974.4,3644.22
2019-08-19,3786.02,129.96,13.4,14974.4,3642.66
2019-08-20,3786.02,129.96,15.98,14974.4,3640.08
2019-08-21,3764.87,125.72,15.15,14974.4,3623.99
2019-08-22,3764.87,125.72,14.61,14974.4,3624.53
2019-08-23,3764.87,125.72,9.05,14974.4,3630.1
2019-08-26,3764.87,125.72,3.68,14974.4,3635.46
2019-08-27,3764.87,125.72,1.56,14974.4,3637.59
2019-08-28,3759.95,145.96,4.26,14974.4,3609.73
2019-08-29,3759.95,145.96,0.1,14974.4,3613.89
2019-08-30,3759.95,145.96,12.09,14974.4,3601.9
2019-09-02,3759.95,145.96,12.09,15047.2,3601.9
2019-09-03,3759.95,145.96,1.75,15047.2,3612.24
2019-09-04,3761.51,148.74,1.42,15047.2,3611.34
2019-09-05,3761.51,148.74,1.08,15047.2,3611.69
2019-09-06,3761.51,148.74,0.88,15047.2,3611.89
2019-09-09,3761.51,148.74,2.79,15047.2,3609.98
2019-09-10,3761.51,148.74,3.61,15047.2,3609.16
2019-09-11,3769.67,185.34,3.61,15047.2,3580.72
2019-09-12,3769.67,185.34,3.47,15047.2,3580.86
2019-09-13,3769.67,185.34,2.68,15047.2,3581.66
2019-09-16,3769.67,185.34,2.2,15047.2,3582.13
2019-09-17,3769.67,185.34,1.82,15047.2,3582.51
2019-09-18,3844.7,250.23,18.91,15047.2,3575.56
2019-09-19,3844.7,250.23,5.0,15047.2,3589.46
2019-09-20,3844.7,250.23,7.55,15047.2,3586.92
2019-09-23,3844.7,250.23,7.48,15047.2,3586.98
2019-09-24,3844.7,250.23,0.1,15047.2,3594.37
2019-09-25,3857.72,314.19,0.13,15047.2,3543.39
2019-09-26,3857.72,314.19,5.18,15047.2,3538.35
2019-09-27,3857.72,314.19,5.33,15047.2,3538.2
2019-09-30,3857.72,314.19,7.06,15047.2,3536.47
2019-10-01,3857.72,314.19,2.71,15185.6,3540.82
2019-10-02,3945.83,335.17,3.05,15185.6,3607.61
2019-10-03,3945.83,335.17,3.3,15185.6,3607.36
2019-10-04,3945.83,335.17,5.32,15185.6,3605.34
2019-10-07,3945.83,335.17,5.65,15185.6,3605.01
2019-10-08,3945.83,335.17,3.98,15185.6,3606.68
2019-10-09,3949.96,318.19,1.47,15185.6,3630.3
2019-10-10,3949.96,318.19,1.1,15185.6,3630.66
2019-10-11,3949.96,318.19,2.95,15185.6,3628.81
2019-10-14,3949.96,318.19,2.95,15185.6,3628.81
2019-10-15,3949.96,318.19,1.73,15185.6,3630.04
2019-10-16,3966.47,324.6,1.8,15185.6,3640.06
2019-10-17,3966.47,324.6,1.0,15185.6,3640.87
2019-10-18,3966.47,324.6,20.1,15185.6,3621.77
2019-10-21,3966.47,324.6,18.76,15185.6,3623.11
2019-10-22,3966.47,324.6,20.7,15185.6,3621.17
2019-10-23,3968.7,377.98,18.29,15185.6,3572.42
2019-10-24,3968.7,377.98,0.42,15185.6,3590.29
2019-10-25,3968.7,377.98,0.0,15185.6,3590.71
2019-10-28,3968.7,377.98,0.04,15185.6,3590.68
2019-10-29,3968.7,377.98,0.08,15185.6,3590.63
2019-10-30,4019.82,389.87,0.2,15185.6,3629.76
2019-10-31,4019.82,389.87,2.85,15185.6,3627.1
2019-11-01,4019.82,389.87,2.1,15301.3,3627.85
2019-11-04,4019.82,389.87,3.08,15301.3,3626.87
2019-11-05,4019.82,389.87,1.84,15301.3,3628.12
2019-11-06,4039.44,377.03,1.65,15301.3,3660.76
2019-11-07,4039.44,377.03,1.06,15301.3,3661.36
2019-11-08,4039.44,377.03,0.8,15301.3,3661.61
2019-11-11,4039.44,377.03,0.8,15301.3,3661.61
2019-11-12,4039.44,377.03,1.3,15301.3,3661.11
2019-11-13,4047.88,381.96,1.76,15301.3,3664.16
2019-11-14,4047.88,381.96,1.87,15301.3,3664.06
2019-11-15,4047.88,381.96,0.0,15301.3,3665.92
2019-11-18,4047.88,381.96,27.06,15301.3,3638.87
2019-11-19,4047.88,381.96,26.73,15301.3,3639.2
2019-11-20,4030.25,368.81,26.03,15301.3,3635.41
2019-11-21,4030.25,368.81,25.72,15301.3,3635.72
2019-11-22,4030.25,368.81,0.38,15301.3,3661.06
2019-11-25,4030.25,368.81,0.0,15301.3,3661.44
2019-11-26,4030.25,368.81,2.2,15301.3,3659.23
2019-11-27,4052.88,360.94,0.51,15301.3,3691.43
2019-11-28,4052.88,360.94,0.51,15301.3,3691.43
2019-11-29,4052.88,360.94,0.75,15301.3,3691.18
2019-12-02,4052.88,360.94,0.02,15351.5,3691.92
2019-12-03,4052.88,360.94,0.15,15351.5,3691.78
2019-12-04,4065.7,346.97,0.0,15351.5,3718.72
2019-12-05,4065.7,346.97,0.0,15351.5,3718.72
2019-12-06,4065.7,346.97,1.0,15351.5,3717.72
2019-12-09,4065.7,346.97,0.12,15351.5,3718.61
2019-12-10,4065.7,346.97,0.0,15351.5,3718.72
2019-12-11,4095.49,326.86,0.6,15351.5,3768.02
2019-12-12,4095.49,326.86,0.6,15351.5,3768.03
2019-12-13,4095.49,326.86,0.0,15351.5,3768.63
2019-12-16,4095.49,326.86,1.33,15351.5,3767.3
2019-12-17,4095.49,326.86,0.83,15351.5,3767.8
2019-12-18,4137.05,332.59,13.36,15351.5,3791.1
2019-12-19,4137.05,332.59,8.94,15351.5,3795.52
2019-12-20,4137.05,332.59,13.05,15351.5,3791.41
2019-12-23,4137.05,332.59,7.65,15351.5,3796.81
2019-12-24,4137.05,332.59,4.42,15351.5,3800.04
2019-12-25,4165.59,367.82,4.42,15351.5,3793.35
2019-12-26,4165.59,367.82,3.19,15351.5,3794.58
2019-12-27,4165.59,367.82,0.82,15351.5,3796.95
2019-12-30,4165.59,367.82,6.52,15351.5,3791.25
2019-12-31,4165.59,367.82,64.09,15351.5,3733.68
2020-01-01,4173.63,382.55,64.09,15425.0,3726.99
2020-01-02,4173.63,382.55,3.1,15425.0,3787.97
2020-01-03,4173.63,382.55,4.25,15425.0,3786.82
2020-01-06,4173.63,382.55,3.82,15425.0,3787.25
2020-01-07,4173.63,382.55,1.6,15425.0,3789.47
2020-01-08,4149.54,367.0,0.88,15425.0,3781.67
2020-01-09,4149.54,367.0,0.4,15425.0,3782.14
2020-01-10,4149.54,367.0,0.63,15425.0,3781.92
2020-01-13,4149.54,367.0,1.0,15425.0,3781.54
2020-01-14,4149.54,367.0,0.66,15425.0,3781.89
2020-01-15,4175.85,350.99,0.68,15425.0,3824.19
2020-01-16,4175.85,350.99,0.3,15425.0,3824.56
2020-01-17,4175.85,350.99,16.15,15425.0,3808.71
2020-01-20,4175.85,350.99,16.15,15425.0,3808.71
2020-01-21,4175.85,350.99,13.38,15425.0,3811.48
2020-01-22,4145.91,403.94,15.6,15425.0,3726.37
2020-01-23,4145.91,403.94,12.9,15425.0,3729.07
2020-01-24,4145.91,403.94,0.0,15425.0,3741.97
2020-01-27,4145.91,403.94,0.0,15425.0,3741.97
2020-01-28,4145.91,403.94,0.0,15425.0,3741.97
2020-01-29,4151.63,432.06,0.3,15425.0,3719.27
2020-01-30,4151.63,432.06,4.14,15425.0,3715.43
2020-01-31,4151.63,432.06,4.5,15425.0,3715.07
2020-02-03,4151.63,432.06,6.16,15492.8,3713.41
2020-02-04,4151.63,432.06,2.11,15492.8,3717.46
2020-02-05,4166.71,413.32,4.11,15492.8,3749.27
2020-02-06,4166.71,413.32,0.4,15492.8,3752.98
2020-02-07,4166.71,413.32,1.1,15492.8,3752.29
2020-02-10,4166.71,413.32,0.83,15492.8,3752.56
2020-02-11,4166.71,413.32,0.23,15492.8,3753.16
2020-02-12,4182.69,411.24,0.31,15492.8,3771.14
2020-02-13,4182.69,411.24,0.45,15492.8,3771.0
2020-02-14,4182.69,411.24,0.0,15492.8,3771.45
2020-02-17,4182.69,411.24,0.0,15492.8,3771.45
2020-02-18,4182.69,411.24,9.45,15492.8,3762.0
2020-02-19,4171.57,428.8,0.1,15492.8,3742.67
2020-02-20,4171.57,428.8,3.6,15492.8,3739.16
2020-02-21,4171.57,428.8,4.53,15492.8,3738.23
2020-02-24,4171.57,428.8,0.59,15492.8,3742.17
2020-02-25,4171.57,428.8,0.11,15492.8,3742.65
2020-02-26,4158.64,439.36,2.3,15492.8,3716.97
2020-02-27,4158.64,439.36,0.28,15492.8,3719.0
2020-02-28,4158.64,439.36,2.19,15492.8,3717.08
2020-03-02,4158.64,439.36,2.52,16034.4,3716.75
2020-03-03,4158.64,439.36,0.63,16034.4,3718.64
2020-03-04,4241.51,374.52,5.03,16034.4,3861.97
2020-03-05,4241.51,374.52,0.85,16034.4,3866.14
2020-03-06,4241.51,374.52,2.93,16034.4,3864.06
2020-03-09,4241.51,374.52,2.5,16034.4,3864.49
2020-03-10,4241.51,374.52,0.15,16034.4,3866.84
2020-03-11,4311.91,380.56,1.32,16034.4,3930.03
2020-03-12,4311.91,380.56,21.05,16034.4,3910.3
2020-03-13,4311.91,380.56,15.1,16034.4,3916.26
2020-03-16,4311.91,380.56,1.42,16034.4,3929.93
2020-03-17,4311.91,380.56,5.7,16034.4,3925.66
2020-03-18,4668.21,362.58,0.48,16034.4,4305.16
2020-03-19,4668.21,362.58,1.2,16034.4,4304.44
2020-03-20,4668.21,362.58,12.2,16034.4,4293.43
2020-03-23,4668.21,362.58,26.94,16034.4,4278.69
2020-03-24,4668.21,362.58,41.52,16034.4,4264.12
2020-03-25,5254.28,390.25,97.41,16034.4,4766.62
2020-03-26,5254.28,390.25,138.48,16034.4,4725.55
2020-03-27,5254.28,390.25,210.79,16034.4,4653.23
2020-03-30,5254.28,390.25,237.5,16034.4,4626.53
2020-03-31,5254.28,390.25,284.91,16034.4,4579.12
2020-04-01,5811.61,429.27,207.83,17064.0,5174.51
2020-04-02,5811.61,429.27,182.63,17064.0,5199.71
2020-04-03,5811.61,429.27,148.12,17064.0,5234.22
2020-04-06,5811.61,429.27,144.29,17064.0,5238.05
2020-04-07,5811.61,429.27,88.36,17064.0,5293.98
2020-04-08,6083.14,698.58,53.48,17064.0,5331.08
2020-04-09,6083.14,698.58,5.52,17064.0,5379.04
2020-04-10,6083.14,698.58,5.52,17064.0,5379.04
2020-04-13,6083.14,698.58,6.1,17064.0,5378.46
2020-04-14,6083.14,698.58,9.9,17064.0,5374.66
2020-04-15,6367.89,889.82,3.15,17064.0,5474.92
2020-04-16,6367.89,889.82,1.52,17064.0,5476.55
2020-04-17,6367.89,889.82,1.73,17064.0,5476.35
2020-04-20,6367.89,889.82,31.0,17064.0,5447.07
2020-04-21,6367.89,889.82,12.53,17064.0,5465.54
2020-04-22,6573.14,901.33,10.82,17064.0,5660.98
2020-04-23,6573.14,901.33,1.45,17064.0,5670.36
2020-04-24,6573.14,901.33,1.5,17064.0,5670.3
2020-04-27,6573.14,901.33,16.48,17064.0,5655.33
2020-04-28,6573.14,901.33,7.13,17064.0,5664.67
2020-04-29,6655.93,997.51,1.45,17064.0,5656.97
2020-04-30,6655.93,997.51,1.78,17064.0,5656.65
2020-05-01,6655.93,997.51,0.25,17931.9,5658.17
2020-05-04,6655.93,997.51,4.85,17931.9,5653.57
2020-05-05,6655.93,997.51,1.92,17931.9,5656.5
2020-05-06,6721.42,1127.49,1.18,17931.9,5592.76
2020-05-07,6721.42,1127.49,0.98,17931.9,5592.95
2020-05-08,6721.42,1127.49,0.68,17931.9,5593.25
2020-05-11,6721.42,1127.49,0.12,17931.9,5593.81
2020-05-12,6721.42,1127.49,0.82,17931.9,5593.1
2020-05-13,6934.23,1177.49,13.82,17931.9,5742.91
2020-05-14,6934.23,1177.49,0.13,17931.9,5756.6
2020-05-15,6934.23,1177.49,1.15,17931.9,5755.58
2020-05-18,6934.23,1177.49,0.58,17931.9,5756.16
2020-05-19,6934.23,1177.49,0.09,17931.9,5756.64
2020-05-20,7037.26,1194.41,9.73,17931.9,5833.12
2020-05-21,7037.26,1194.41,0.0,17931.9,5842.84
2020-05-22,7037.26,1194.41,0.0,17931.9,5842.85
2020-05-25,7037.26,1194.41,0.0,17931.9,5842.85
2020-05-26,7037.26,1194.41,0.0,17931.9,5842.85
2020-05-27,7097.32,1310.49,4.33,17931.9,5782.5
2020-05-28,7097.32,1310.49,0.0,17931.9,5786.82
2020-05-29,7097.32,1310.49,1.32,17931.9,5785.5
2020-06-01,7097.32,1310.49,0.0,18180.0,5786.82
2020-06-02,7097.32,1310.49,2.01,18180.0,5784.81
2020-06-03,7165.22,1434.82,0.01,18180.0,5730.38
2020-06-04,7165.22,1434.82,0.0,18180.0,5730.39
2020-06-05,7165.22,1434.82,0.0,18180.0,5730.39
2020-06-08,7165.22,1434.82,0.0,18180.0,5730.39
2020-06-09,7165.22,1434.82,1.25,18180.0,5729.14
2020-06-10,7168.94,1506.56,0.01,18180.0,5662.37
2020-06-11,7168.94,1506.56,0.38,18180.0,5662.0
2020-06-12,7168.94,1506.56,0.0,18180.0,5662.38
2020-06-15,7168.94,1506.56,0.0,18180.0,5662.38
2020-06-16,7168.94,1506.56,4.0,18180.0,5658.38
2020-06-17,7094.69,1560.85,0.0,18180.0,5533.84
2020-06-18,7094.69,1560.85,0.0,18180.0,5533.84
2020-06-19,7094.69,1560.85,0.0,18180.0,5533.84
2020-06-22,7094.69,1560.85,0.01,18180.0,5533.83
2020-06-23,7094.69,1560.85,0.01,18180.0,5533.83
2020-06-24,7082.3,1623.94,0.0,18180.0,5458.36
2020-06-25,7082.3,1623.94,0.0,18180.0,5458.36
2020-06-26,7082.3,1623.94,0.2,18180.0,5458.16
2020-06-29,7082.3,1623.94,0.25,18180.0,5458.11
2020-06-30,7082.3,1623.94,0.95,18180.0,5457.41
2020-07-01,7009.04,1657.62,0.0,18331.4,5351.42
2020-07-02,7009.04,1657.62,0.0,18331.4,5351.42
2020-07-03,7009.04,1657.62,0.0,18331.4,5351.42
2020-07-06,7009.04,1657.62,0.0,18331.4,5351.42
2020-07-07,7009.04,1657.62,0.0,18331.4,5351.42
2020-07-08,6920.72,1653.1,0.0,18331.4,5267.62
2020-07-09,6920.72,1653.1,0.0,18331.4,5267.62
2020-07-10,6920.72,1653.1,0.0,18331.4,5267.62
2020-07-13,6920.72,1653.1,0.0,18331.4,5267.62
2020-07-14,6920.72,1653.1,0.0,18331.4,5267.62
2020-07-15,6958.6,1655.32,0.0,18331.4,5303.28
2020-07-16,6958.6,1655.32,0.0,18331.4,5303.28
2020-07-17,6958.6,1655.32,0.0,18331.4,5303.28
2020-07-20,6958.6,1655.32,0.0,18331.4,5303.28
2020-07-21,6958.6,1655.32,0.0,18331.4,5303.28
2020-07-22,6964.76,1804.94,0.0,18331.4,5159.81
2020-07-23,6964.76,1804.94,0.0,18331.4,5159.81
2020-07-24,6964.76,1804.94,0.0,18331.4,5159.81
2020-07-27,6964.76,1804.94,0.0,18331.4,5159.81
2020-07-28,6964.76,1804.94,0.0,18331.4,5159.81
2020-07-29,6949.03,1816.69,0.0,18331.4,5132.34
2020-07-30,6949.03,1816.69,0.31,18331.4,5132.04
2020-07-31,6949.03,1816.69,0.15,18331.4,5132.2
2020-08-03,6949.03,1816.69,0.0,18413.3,5132.34
2020-08-04,6949.03,1816.69,0.0,18413.3,5132.34
2020-08-05,6945.24,1745.23,0.0,18413.3,5200.01
2020-08-06,6945.24,1745.23,0.0,18413.3,5200.01
2020-08-07,6945.24,1745.23,0.0,18413.3,5200.01
2020-08-10,6945.24,1745.23,0.01,18413.3,5200.0
2020-08-11,6945.24,1745.23,0.0,18413.3,5200.01
2020-08-12,6957.28,1669.73,0.1,18413.3,5287.44
2020-08-13,6957.28,1669.73,0.13,18413.3,5287.42
2020-08-14,6957.28,1669.73,0.0,18413.3,5287.54
2020-08-17,6957.28,1669.73,0.05,18413.3,5287.49
2020-08-18,6957.28,1669.73,0.0,18413.3,5287.54
2020-08-19,7010.64,1643.5,0.11,18413.3,5367.02
2020-08-20,7010.64,1643.5,0.15,18413.3,5366.98
2020-08-21,7010.64,1643.5,0.0,18413.3,5367.13
2020-08-24,7010.64,1643.5,0.0,18413.3,5367.13
2020-08-25,7010.64,1643.5,0.01,18413.3,5367.12
2020-08-26,6990.42,1622.69,0.01,18413.3,5367.72
2020-08-27,6990.42,1622.69,0.0,18413.3,5367.73
2020-08-28,6990.42,1622.69,0.0,18413.3,5367.73
2020-08-31,6990.42,1622.69,0.01,18413.3,5367.72
2020-09-01,6990.42,1622.69,0.01,18605.0,5367.72
2020-09-02,7017.49,1639.16,0.01,18605.0,5378.32
2020-09-03,7017.49,1639.16,0.0,18605.0,5378.33
2020-09-04,7017.49,1639.16,0.0,18605.0,5378.33
2020-09-07,7017.49,1639.16,0.0,18605.0,5378.33
2020-09-08,7017.49,1639.16,0.0,18605.0,5378.33
2020-09-09,7010.61,1611.08,0.0,18605.0,5399.53
2020-09-10,7010.61,1611.08,0.01,18605.0,5399.52
2020-09-11,7010.61,1611.08,0.0,18605.0,5399.53
2020-09-14,7010.61,1611.08,0.0,18605.0,5399.53
2020-09-15,7010.61,1611.08,0.0,18605.0,5399.53
2020-09-16,7064.48,1614.86,0.06,18605.0,5449.56
2020-09-17,7064.48,1614.86,0.0,18605.0,5449.62
2020-09-18,7064.48,1614.86,0.0,18605.0,5449.62
2020-09-21,7064.48,1614.86,0.05,18605.0,5449.57
2020-09-22,7064.48,1614.86,0.0,18605.0,5449.62
2020-09-23,7093.16,1680.69,0.0,18605.0,5412.47
2020-09-24,7093.16,1680.69,0.0,18605.0,5412.47
2020-09-25,7093.16,1680.69,0.0,18605.0,5412.47
2020-09-28,7093.16,1680.69,0.0,18605.0,5412.47
2020-09-29,7093.16,1680.69,1.3,18605.0,5411.17
2020-09-30,7056.13,1679.15,0.85,18605.0,5376.13
2020-10-01,7056.13,1679.15,0.0,18759.9,5376.98
2020-10-02,7056.13,1679.15,0.0,18759.9,5376.98
2020-10-05,7056.13,1679.15,0.0,18759.9,5376.98
2020-10-06,7056.13,1679.15,0.0,18759.9,5376.98
2020-10-07,7074.65,1697.07,0.01,18759.9,5377.56
2020-10-08,7074.65,1697.07,0.21,18759.9,5377.36
2020-10-09,7074.65,1697.07,0.0,18759.9,5377.58
2020-10-12,7074.65,1697.07,0.0,18759.9,5377.58
2020-10-13,7074.65,1697.07,0.0,18759.9,5377.58
2020-10-14,7151.43,1681.0,0.0,18759.9,5470.43
2020-10-15,7151.43,1681.0,0.0,18759.9,5470.43
2020-10-16,7151.43,1681.0,0.0,18759.9,5470.43
2020-10-19,7151.43,1681.0,0.0,18759.9,5470.42
2020-10-20,7151.43,1681.0,0.01,18759.9,5470.42
2020-10-21,7177.26,1724.79,0.0,18759.9,5452.47
2020-10-22,7177.26,1724.79,0.0,18759.9,5452.47
2020-10-23,7177.26,1724.79,0.0,18759.9,5452.47
2020-10-26,7177.26,1724.79,0.0,18759.9,5452.47
2020-10-27,7177.26,1724.79,0.0,18759.9,5452.47
2020-10-28,7146.31,1680.93,0.0,18759.9,5465.37
2020-10-29,7146.31,1680.93,0.01,18759.9,5465.36
2020-10-30,7146.31,1680.93,0.0,18759.9,5465.37
2020-11-02,7146.31,1680.93,0.0,19002.4,5465.37
2020-11-03,7146.31,1680.93,0.0,19002.4,5465.37
2020-11-04,7157.48,1621.35,0.0,19002.4,5536.13
2020-11-05,7157.48,1621.35,0.0,19002.4,5536.13
2020-11-06,7157.48,1621.35,0.0,19002.4,5536.13
2020-11-09,7157.48,1621.35,0.0,19002.4,5536.13
2020-11-10,7157.48,1621.35,0.0,19002.4,5536.13
2020-11-11,7175.42,1600.84,0.0,19002.4,5574.58
2020-11-12,7175.42,1600.84,0.0,19002.4,5574.58
2020-11-13,7175.42,1600.84,0.0,19002.4,5574.58
2020-11-16,7175.42,1600.84,0.01,19002.4,5574.57
2020-11-17,7175.42,1600.84,0.0,19002.4,5574.58
2020-11-18,7243.08,1556.89,0.1,19002.4,5686.08
2020-11-19,7243.08,1556.89,2.0,19002.4,5684.19
2020-11-20,7243.08,1556.89,0.0,19002.4,5686.19
2020-11-23,7243.08,1556.89,0.48,19002.4,5685.7
2020-11-24,7243.08,1556.89,0.0,19002.4,5686.19
2020-11-25,7216.48,1517.22,0.0,19002.4,5699.26
2020-11-26,7216.48,1517.22,0.0,19002.4,5699.26
2020-11-27,7216.48,1517.22,0.0,19002.4,5699.26
2020-11-30,7216.48,1517.22,0.01,19002.4,5699.26
2020-12-01,7216.48,1517.22,0.0,19119.4,5699.26
2020-12-02,7222.41,1531.05,0.0,19119.4,5691.36
2020-12-03,7222.41,1531.05,0.0,19119.4,5691.36
2020-12-04,7222.41,1531.05,0.0,19119.4,5691.36
2020-12-07,7222.41,1531.05,0.0,19119.4,5691.36
2020-12-08,7222.41,1531.05,0.0,19119.4,5691.36
2020-12-09,7242.66,1534.24,0.0,19119.4,5708.41
2020-12-10,7242.66,1534.24,0.0,19119.4,5708.41
2020-12-11,7242.66,1534.24,0.0,19119.4,5708.42
2020-12-14,7242.66,1534.24,0.1,19119.4,5708.32
2020-12-15,7242.66,1534.24,0.0,19119.4,5708.41
2020-12-16,7362.59,1529.7,0.03,19119.4,5832.87
2020-12-17,7362.59,1529.7,0.01,19119.4,5832.88
2020-12-18,7362.59,1529.7,0.03,19119.4,5832.86
2020-12-21,7362.59,1529.7,0.44,19119.4,5832.46
2020-12-22,7362.59,1529.7,0.41,19119.4,5832.49
2020-12-23,7404.04,1602.41,0.86,19119.4,5800.78
2020-12-24,7404.04,1602.41,0.01,19119.4,5801.62
2020-12-25,7404.04,1602.41,0.01,19119.4,5801.62
2020-12-28,7404.04,1602.41,0.9,19119.4,5800.73
2020-12-29,7404.04,1602.41,0.26,19119.4,5801.38
2020-12-30,7363.35,1591.06,0.65,19119.4,5771.64
2020-12-31,7363.35,1591.06,9.65,19119.4,5762.64
2021-01-01,7363.35,1591.06,9.65,19375.3,5762.64
2021-01-04,7363.35,1591.06,0.0,19375.3,5772.29
2021-01-05,7363.35,1591.06,0.0,19375.3,5772.29
2021-01-06,7334.81,1669.33,0.0,19375.3,5665.48
2021-01-07,7334.81,1669.33,0.0,19375.3,5665.48
2021-01-08,7334.81,1669.33,0.0,19375.3,5665.48
2021-01-11,7334.81,1669.33,0.0,19375.3,5665.48
2021-01-12,7334.81,1669.33,0.0,19375.3,5665.48
2021-01-13,7333.97,1589.42,0.0,19375.3,5744.55
2021-01-14,7333.97,1589.42,0.6,19375.3,5743.95
2021-01-15,7333.97,1589.42,0.0,19375.3,5744.55
2021-01-18,7333.97,1589.42,0.0,19375.3,5744.55
2021-01-19,7333.97,1589.42,0.0,19375.3,5744.54
2021-01-20,7414.94,1626.91,1.81,19375.3,5786.23
2021-01-21,7414.94,1626.91,1.2,19375.3,5786.84
2021-01-22,7414.94,1626.91,0.0,19375.3,5788.04
2021-01-25,7414.94,1626.91,2.2,19375.3,5785.84
2021-01-26,7414.94,1626.91,1.63,19375.3,5786.4
2021-01-27,7404.93,1633.54,1.15,19375.3,5770.23
2021-01-28,7404.93,1633.54,2.66,19375.3,5768.73
2021-01-29,7404.93,1633.54,7.1,19375.3,5764.29
2021-02-01,7404.93,1633.54,0.01,19641.4,5771.37
2021-02-02,7404.93,1633.54,0.01,19641.4,5771.38
2021-02-03,7410.6,1625.32,0.18,19641.4,5785.1
2021-02-04,7410.6,1625.32,0.5,19641.4,5784.77
2021-02-05,7410.6,1625.32,0.01,19641.4,5785.26
2021-02-08,7410.6,1625.32,0.0,19641.4,5785.27
2021-02-09,7410.6,1625.32,0.0,19641.4,5785.27
2021-02-10,7442.22,1608.91,0.0,19641.4,5833.32
2021-02-11,7442.22,1608.91,0.11,19641.4,5833.21
2021-02-12,7442.22,1608.91,0.0,19641.4,5833.32
2021-02-15,7442.22,1608.91,0.0,19641.4,5833.32
2021-02-16,7442.22,1608.91,0.0,19641.4,5833.32
2021-02-17,7557.4,1567.04,0.05,19641.4,5990.31
2021-02-18,7557.4,1567.04,0.0,19641.4,5990.36
2021-02-19,7557.4,1567.04,0.0,19641.4,5990.36
2021-02-22,7557.4,1567.04,1.1,19641.4,5989.26
2021-02-23,7557.4,1567.04,0.44,19641.4,5989.93
2021-02-24,7590.11,1529.98,0.0,19641.4,6060.13
2021-02-25,7590.11,1529.98,9.98,19641.4,6050.16
2021-02-26,7590.11,1529.98,11.2,19641.4,6048.93
2021-03-01,7590.11,1529.98,0.0,19874.5,6060.13
2021-03-02,7590.11,1529.98,0.0,19874.5,6060.13
2021-03-03,7557.52,1429.55,0.51,19874.5,6127.47
2021-03-04,7557.52,1429.55,2.1,19874.5,6125.88
2021-03-05,7557.52,1429.55,1.0,19874.5,6126.98
2021-03-08,7557.52,1429.55,0.02,19874.5,6127.95
2021-03-09,7557.52,1429.55,0.0,19874.5,6127.98
2021-03-10,7579.9,1360.06,0.1,19874.5,6219.74
2021-03-11,7579.9,1360.06,11.05,19874.5,6208.79
2021-03-12,7579.9,1360.06,6.8,19874.5,6213.04
2021-03-15,7579.9,1360.06,0.0,19874.5,6219.83
2021-03-16,7579.9,1360.06,0.7,19874.5,6219.13
2021-03-17,7693.51,1272.58,0.0,19874.5,6420.92
2021-03-18,7693.51,1272.58,26.57,19874.5,6394.35
2021-03-19,7693.51,1272.58,18.91,19874.5,6402.02
2021-03-22,7693.51,1272.58,22.24,19874.5,6398.68
2021-03-23,7693.51,1272.58,19.53,19874.5,6401.4
2021-03-24,7719.62,1061.14,21.9,19874.5,6636.58
2021-03-25,7719.62,1061.14,10.1,19874.5,6648.38
2021-03-26,7719.62,1061.14,11.45,19874.5,6647.03
2021-03-29,7719.62,1061.14,40.35,19874.5,6618.13
2021-03-30,7719.62,1061.14,104.72,19874.5,6553.76
2021-03-31,7688.99,1025.73,134.31,19874.5,6528.95
2021-04-01,7688.99,1025.73,9.57,20174.1,6653.69
2021-04-02,7688.99,1025.73,9.57,20174.1,6653.69
2021-04-05,7688.99,1025.73,3.45,20174.1,6659.81
2021-04-06,7688.99,1025.73,18.95,20174.1,6644.31
2021-04-07,7708.88,1010.1,35.03,20174.1,6663.74
2021-04-08,7708.88,1010.1,27.64,20174.1,6671.14
2021-04-09,7708.88,1010.1,31.26,20174.1,6667.51
2021-04-12,7708.88,1010.1,30.22,20174.1,6668.56
2021-04-13,7708.88,1010.1,37.54,20174.1,6661.24
2021-04-14,7793.1,925.09,50.86,20174.1,6817.15
2021-04-15,7793.1,925.09,28.63,20174.1,6839.38
2021-04-16,7793.1,925.09,39.94,20174.1,6828.07
2021-04-19,7793.1,925.09,53.8,20174.1,6814.21
2021-04-20,7793.1,925.09,67.75,20174.1,6800.26
2021-04-21,7820.95,1015.9,81.33,20174.1,6723.72
2021-04-22,7820.95,1015.9,102.64,20174.1,6702.4
2021-04-23,7820.95,1015.9,73.79,20174.1,6731.25
2021-04-26,7820.95,1015.9,100.92,20174.1,6704.13
2021-04-27,7820.95,1015.9,142.17,20174.1,6662.87
2021-04-28,7780.96,967.69,166.73,20174.1,6646.54
2021-04-29,7780.96,967.69,173.47,20174.1,6639.8
2021-04-30,7780.96,967.69,183.23,20174.1,6630.04
2021-05-03,7780.96,967.69,129.72,20457.5,6683.55
2021-05-04,7780.96,967.69,147.81,20457.5,6665.47
2021-05-05,7810.49,953.69,162.8,20457.5,6694.0
2021-05-06,7810.49,953.69,154.92,20457.5,6701.88
2021-05-07,7810.49,953.69,161.86,20457.5,6694.94
2021-05-10,7810.49,953.69,175.55,20457.5,6681.25
2021-05-11,7810.49,953.69,181.75,20457.5,6675.04
2021-05-12,7830.66,898.78,209.26,20457.5,6722.63
2021-05-13,7830.66,898.78,235.22,20457.5,6696.67
2021-05-14,7830.66,898.78,241.18,20457.5,6690.7
2021-05-17,7830.66,898.78,208.96,20457.5,6722.92
2021-05-18,7830.66,898.78,243.47,20457.5,6688.41
2021-05-19,7922.88,866.12,294.0,20457.5,6762.77
2021-05-20,7922.88,866.12,351.12,20457.5,6705.64
2021-05-21,7922.88,866.12,369.05,20457.5,6687.72
2021-05-24,7922.88,866.12,394.94,20457.5,6661.82
2021-05-25,7922.88,866.12,432.96,20457.5,6623.81
2021-05-26,7903.54,812.47,450.28,20457.5,6640.78
2021-05-27,7903.54,812.47,485.33,20457.5,6605.74
2021-05-28,7903.54,812.47,479.5,20457.5,6611.57
2021-05-31,7903.54,812.47,479.5,20457.5,6611.57
2021-06-01,7903.54,812.47,447.98,20472.7,6643.08
2021-06-02,7935.7,783.24,438.78,20472.7,6713.69
2021-06-03,7935.7,783.24,479.1,20472.7,6673.37
2021-06-04,7935.7,783.24,483.35,20472.7,6669.12
2021-06-07,7935.7,783.24,486.1,20472.7,6666.37
2021-06-08,7935.7,783.24,497.43,20472.7,6655.04
2021-06-09,7952.33,730.24,502.9,20472.7,6719.19
2021-06-10,7952.33,730.24,534.94,20472.7,6687.15
2021-06-11,7952.33,730.24,547.81,20472.7,6674.28
2021-06-14,7952.33,730.24,583.89,20472.7,6638.2
2021-06-15,7952.33,730.24,509.56,20472.7,6712.53
2021-06-16,8064.26,653.89,520.94,20472.7,6889.43
2021-06-17,8064.26,653.89,755.8,20472.7,6654.57
2021-06-18,8064.26,653.89,747.12,20472.7,6663.25
2021-06-21,8064.26,653.89,765.14,20472.7,6645.23
2021-06-22,8064.26,653.89,791.6,20472.7,6618.76
2021-06-23,8101.94,734.69,813.65,20472.7,6553.61
2021-06-24,8101.94,734.69,813.05,20472.7,6554.21
2021-06-25,8101.94,734.69,770.83,20472.7,6596.43
2021-06-28,8101.94,734.69,803.02,20472.7,6564.24
2021-06-29,8101.94,734.69,841.25,20472.7,6526.01
2021-06-30,8078.54,745.96,991.94,20472.7,6340.64
2021-07-01,8078.54,745.96,742.65,20630.0,6589.94
2021-07-02,8078.54,745.96,731.5,20630.0,6601.08
2021-07-05,8078.54,745.96,731.5,20630.0,6601.08
2021-07-06,8078.54,745.96,772.58,20630.0,6560.0
2021-07-07,8097.77,753.36,785.72,20630.0,6558.69
2021-07-08,8097.77,753.36,793.4,20630.0,6551.01
2021-07-09,8097.77,753.36,780.6,20630.0,6563.81
2021-07-12,8097.77,753.36,776.47,20630.0,6567.94
2021-07-13,8097.77,753.36,798.27,20630.0,6546.14
2021-07-14,8201.65,704.92,859.98,20630.0,6636.76
2021-07-15,8201.65,704.92,776.26,20630.0,6720.47
2021-07-16,8201.65,704.92,817.57,20630.0,6679.17
2021-07-19,8201.65,704.92,860.47,20630.0,6636.26
2021-07-20,8201.65,704.92,848.1,20630.0,6648.63
2021-07-21,8240.53,678.1,886.21,20630.0,6676.22
2021-07-22,8240.53,678.1,898.2,20630.0,6664.23
2021-07-23,8240.53,678.1,877.25,20630.0,6685.18
2021-07-26,8240.53,678.1,891.2,20630.0,6671.22
2021-07-27,8240.53,678.1,927.42,20630.0,6635.01
2021-07-28,8221.47,578.2,965.19,20630.0,6678.08
2021-07-29,8221.47,578.2,987.28,20630.0,6655.99
2021-07-30,8221.47,578.2,1039.39,20630.0,6603.88
2021-08-02,8221.47,578.2,921.32,20844.0,6721.95
2021-08-03,8221.47,578.2,909.44,20844.0,6733.83
2021-08-04,8235.07,492.67,931.76,20844.0,6810.65
2021-08-05,8235.07,492.67,944.34,20844.0,6798.07
2021-08-06,8235.07,492.67,952.13,20844.0,6790.27
2021-08-09,8235.07,492.67,981.76,20844.0,6760.64
2021-08-10,8235.07,492.67,998.65,20844.0,6743.75
2021-08-11,8257.16,434.92,1000.46,20844.0,6821.78
2021-08-12,8257.16,434.92,1087.34,20844.0,6734.9
2021-08-13,8257.16,434.92,1050.94,20844.0,6771.3
2021-08-16,8257.16,434.92,1036.42,20844.0,6785.82
2021-08-17,8257.16,434.92,1053.45,20844.0,6768.79
2021-08-18,8342.6,338.81,1115.66,20844.0,6888.13
2021-08-19,8342.6,338.81,1109.94,20844.0,6893.85
2021-08-20,8342.6,338.81,1111.9,20844.0,6891.88
2021-08-23,8342.6,338.81,1135.7,20844.0,6868.09
2021-08-24,8342.6,338.81,1129.74,20844.0,6874.05
2021-08-25,8332.74,301.43,1147.09,20844.0,6884.22
2021-08-26,8332.74,301.43,1091.79,20844.0,6939.52
2021-08-27,8332.74,301.43,1120.02,20844.0,6911.3
2021-08-30,8332.74,301.43,1140.71,20844.0,6890.6
2021-08-31,8332.74,301.43,1189.62,20844.0,6841.7
2021-09-01,8349.17,277.65,1084.12,20985.4,6987.41
2021-09-02,8349.17,277.65,1066.99,20985.4,7004.54
2021-09-03,8349.17,277.65,1074.71,20985.4,6996.82
2021-09-06,8349.17,277.65,1074.71,20985.4,6996.82
2021-09-07,8349.17,277.65,1079.94,20985.4,6991.58
2021-09-08,8357.31,253.5,1115.23,20985.4,6988.59
2021-09-09,8357.31,253.5,1107.66,20985.4,6996.16
2021-09-10,8357.31,253.5,1099.32,20985.4,7004.5
2021-09-13,8357.31,253.5,1087.11,20985.4,7016.71
2021-09-14,8357.31,253.5,1169.28,20985.4,6934.54
2021-09-15,8448.77,230.33,1081.34,20985.4,7137.1
2021-09-16,8448.77,230.33,1147.49,20985.4,7070.95
2021-09-17,8448.77,230.33,1218.3,20985.4,7000.14
2021-09-20,8448.77,230.33,1224.29,20985.4,6994.15
2021-09-21,8448.77,230.33,1240.49,20985.4,6977.95
2021-09-22,8489.82,308.02,1283.28,20985.4,6898.52
2021-09-23,8489.82,308.02,1352.48,20985.4,6829.32
2021-09-24,8489.82,308.02,1313.66,20985.4,6868.14
2021-09-27,8489.82,308.02,1297.05,20985.4,6884.75
2021-09-28,8489.82,308.02,1365.18,20985.4,6816.62
2021-09-29,8447.98,197.74,1415.84,20985.4,6834.4
2021-09-30,8447.98,197.74,1604.88,20985.4,6645.36
2021-10-01,8447.98,197.74,1385.99,21164.2,6864.25
2021-10-04,8447.98,197.74,1399.17,21164.2,6851.06
2021-10-05,8447.98,197.74,1431.18,21164.2,6819.06
2021-10-06,8464.03,135.58,1451.18,21164.2,6877.27
2021-10-07,8464.03,135.58,1375.86,21164.2,6952.59
2021-10-08,8464.03,135.58,1371.96,21164.2,6956.49
2021-10-11,8464.03,135.58,1371.96,21164.2,6956.49
2021-10-12,8464.03,135.58,1367.05,21164.2,6961.4
2021-10-13,8480.94,77.86,1364.7,21164.2,7038.38
2021-10-14,8480.94,77.86,1445.66,21164.2,6957.42
2021-10-15,8480.94,77.86,1462.3,21164.2,6940.79
2021-10-18,8480.94,77.86,1477.11,21164.2,6925.97
2021-10-19,8480.94,77.86,1470.74,21164.2,6932.34
2021-10-20,8564.94,83.39,1493.96,21164.2,6987.6
2021-10-21,8564.94,83.39,1458.6,21164.2,7022.95
2021-10-22,8564.94,83.39,1403.02,21164.2,7078.54
2021-10-25,8564.94,83.39,1413.19,21164.2,7068.37
2021-10-26,8564.94,83.39,1423.2,21164.2,7058.36
2021-10-27,8556.18,213.29,1433.37,21164.2,6909.52
2021-10-28,8556.18,213.29,1384.68,21164.2,6958.21
2021-10-29,8556.18,213.29,1502.3,21164.2,6840.59
2021-11-01,8556.18,213.29,1358.61,21340.9,6984.28
2021-11-02,8556.18,213.29,1329.91,21340.9,7012.98
2021-11-03,8574.87,280.2,1343.98,21340.9,6950.68
2021-11-04,8574.87,280.2,1348.54,21340.9,6946.13
2021-11-05,8574.87,280.2,1354.06,21340.9,6940.61
2021-11-08,8574.87,280.2,1354.38,21340.9,6940.28
2021-11-09,8574.87,280.2,1377.2,21340.9,6917.47
2021-11-10,8663.12,259.29,1448.62,21340.9,6955.2
2021-11-11,8663.12,259.29,1448.62,21340.9,6955.2
2021-11-12,8663.12,259.29,1417.64,21340.9,6986.18
2021-11-15,8663.12,259.29,1391.66,21340.9,7012.17
2021-11-16,8663.12,259.29,1466.86,21340.9,6936.97
2021-11-17,8674.97,211.45,1520.0,21340.9,6943.52
2021-11-18,8674.97,211.45,1584.1,21340.9,6879.42
2021-11-19,8674.97,211.45,1575.38,21340.9,6888.13
2021-11-22,8674.97,211.45,1573.77,21340.9,6889.75
2021-11-23,8674.97,211.45,1571.98,21340.9,6891.54
2021-11-24,8681.77,164.09,1452.9,21340.9,7064.79
2021-11-25,8681.77,164.09,1452.9,21340.9,7064.79
2021-11-26,8681.77,164.09,1451.11,21340.9,7066.58
2021-11-29,8681.77,164.09,1459.34,21340.9,7058.35
2021-11-30,8681.77,164.09,1517.96,21340.9,6999.73
2021-12-01,8650.4,152.65,1427.35,21502.8,7070.4
2021-12-02,8650.4,152.65,1448.58,21502.8,7049.17
2021-12-03,8650.4,152.65,1475.46,21502.8,7022.29
2021-12-06,8650.4,152.65,1488.0,21502.8,7009.76
2021-12-07,8650.4,152.65,1455.04,21502.8,7042.71
2021-12-08,8664.52,115.12,1484.19,21502.8,7065.21
2021-12-09,8664.52,115.12,1500.03,21502.8,7049.38
2021-12-10,8664.52,115.12,1507.15,21502.8,7042.26
2021-12-13,8664.52,115.12,1599.77,21502.8,6949.64
2021-12-14,8664.52,115.12,1584.49,21502.8,6964.92
2021-12-15,8756.67,104.8,1621.1,21502.8,7030.77
2021-12-16,8756.67,104.8,1657.63,21502.8,6994.24
2021-12-17,8756.67,104.8,1704.59,21502.8,6947.28
2021-12-20,8756.67,104.8,1758.04,21502.8,6893.83
2021-12-21,8756.67,104.8,1748.28,21502.8,6903.58
2021-12-22,8790.5,84.95,1699.28,21502.8,7006.26
2021-12-23,8790.5,84.95,1577.78,21502.8,7127.76
2021-12-24,8790.5,84.95,1577.78,21502.8,7127.76
2021-12-27,8790.5,84.95,1580.35,21502.8,7125.19
2021-12-28,8790.5,84.95,1637.06,21502.8,7068.48
2021-12-29,8757.46,211.85,1642.51,21502.8,6903.1
2021-12-30,8757.46,211.85,1696.48,21502.8,6849.13
2021-12-31,8757.46,211.85,1904.58,21502.8,6641.03
2022-01-03,8757.46,211.85,1579.53,21647.4,6966.08
2022-01-04,8757.46,211.85,1495.69,21647.4,7049.92
2022-01-05,8765.72,389.75,1492.79,21647.4,6883.18
2022-01-06,8765.72,389.75,1510.55,21647.4,6865.42
2022-01-07,8765.72,389.75,1530.1,21647.4,6845.87
2022-01-10,8765.72,389.75,1560.42,21647.4,6815.55
2022-01-11,8765.72,389.75,1527.02,21647.4,6848.95
2022-01-12,8788.28,456.4,1536.98,21647.4,6794.9
2022-01-13,8788.28,456.4,1636.74,21647.4,6695.14
2022-01-14,8788.28,456.4,1598.89,21647.4,6732.99
2022-01-17,8788.28,456.4,1598.89,21647.4,6732.99
2022-01-18,8788.28,456.4,1597.14,21647.4,6734.74
2022-01-19,8867.83,488.7,1656.58,21647.4,6722.56
2022-01-20,8867.83,488.7,1678.93,21647.4,6700.21
2022-01-21,8867.83,488.7,1706.13,21647.4,6673.01
2022-01-24,8867.83,488.7,1614.0,21647.4,6765.14
2022-01-25,8867.83,488.7,1599.5,21647.4,6779.64
2022-01-26,8860.48,614.88,1613.05,21647.4,6632.56
2022-01-27,8860.48,614.88,1583.9,21647.4,6661.71
2022-01-28,8860.48,614.88,1615.02,21647.4,6630.59
2022-01-31,8860.48,614.88,1654.85,21647.4,6590.76
2022-02-01,8860.48,614.88,1584.11,21725.6,6661.5
2022-02-02,8873.21,675.77,1626.9,21725.6,6570.54
2022-02-03,8873.21,675.77,1640.4,21725.6,6557.04
2022-02-04,8873.21,675.77,1642.89,21725.6,6554.55
2022-02-07,8873.21,675.77,1679.93,21725.6,6517.51
2022-02-08,8873.21,675.77,1674.61,21725.6,6522.83
2022-02-09,8878.01,686.38,1653.15,21725.6,6538.47
2022-02-10,8878.01,686.38,1634.15,21725.6,6557.48
2022-02-11,8878.01,686.38,1635.83,21725.6,6555.8
2022-02-14,8878.01,686.38,1666.23,21725.6,6525.39
2022-02-15,8878.01,686.38,1608.49,21725.6,6583.13
2022-02-16,8911.03,692.54,1644.13,21725.6,6574.36
2022-02-17,8911.03,692.54,1647.2,21725.6,6571.29
2022-02-18,8911.03,692.54,1674.93,21725.6,6543.56
2022-02-21,8911.03,692.54,1674.93,21725.6,6543.56
2022-02-22,8911.03,692.54,1699.43,21725.6,6519.06
2022-02-23,8928.13,697.84,1738.32,21725.6,6491.97
2022-02-24,8928.13,697.84,1650.4,21725.6,6579.89
2022-02-25,8928.13,697.84,1603.35,21725.6,6626.94
2022-02-28,8928.13,697.84,1596.05,21725.6,6634.24
2022-03-01,8928.13,697.84,1552.95,21788.1,6677.34
2022-03-02,8904.46,682.9,1526.21,21788.1,6695.34
2022-03-03,8904.46,682.9,1533.99,21788.1,6687.56
2022-03-04,8904.46,682.9,1483.06,21788.1,6738.49
2022-03-07,8904.46,682.9,1461.23,21788.1,6760.32
2022-03-08,8904.46,682.9,1525.1,21788.1,6696.45
2022-03-09,8910.75,652.04,1542.5,21788.1,6716.2
2022-03-10,8910.75,652.04,1568.74,21788.1,6689.97
2022-03-11,8910.75,652.04,1557.82,21788.1,6700.89
2022-03-14,8910.75,652.04,1608.02,21788.1,6650.69
2022-03-15,8910.75,652.04,1583.47,21788.1,6675.24
2022-03-16,8954.31,570.61,1613.64,21788.1,6770.06
2022-03-17,8954.31,570.61,1659.98,21788.1,6723.72
2022-03-18,8954.31,570.61,1715.15,21788.1,6668.55
2022-03-21,8954.31,570.61,1728.89,21788.1,6654.81
2022-03-22,8954.31,570.61,1763.18,21788.1,6620.52
2022-03-23,8962.47,614.62,1803.19,21788.1,6544.67
2022-03-24,8962.47,614.62,1707.66,21788.1,6640.2
2022-03-25,8962.47,614.62,1676.97,21788.1,6670.88
2022-03-28,8962.47,614.62,1688.63,21788.1,6659.23
2022-03-29,8962.47,614.62,1718.87,21788.1,6628.99
2022-03-30,8937.14,575.07,1785.94,21788.1,6576.14
2022-03-31,8937.14,575.07,1871.97,21788.1,6490.11
2022-04-01,8937.14,575.07,1666.06,21768.4,6696.01
2022-04-04,8937.14,575.07,1692.94,21768.4,6669.14
2022-04-05,8937.14,575.07,1710.83,21768.4,6651.24
2022-04-06,8937.59,574.45,1731.47,21768.4,6631.67
2022-04-07,8937.59,574.45,1734.42,21768.4,6628.72
2022-04-08,8937.59,574.45,1750.5,21768.4,6612.64
2022-04-11,8937.59,574.45,1758.96,21768.4,6604.18
2022-04-12,8937.59,574.45,1710.41,21768.4,6652.73
2022-04-13,8965.49,547.31,1815.56,21768.4,6602.62
2022-04-14,8965.49,547.31,1706.94,21768.4,6711.24
2022-04-15,8965.49,547.31,1706.94,21768.4,6711.24
2022-04-18,8965.49,547.31,1738.38,21768.4,6679.8
2022-04-19,8965.49,547.31,1817.29,21768.4,6600.89
2022-04-20,8955.85,711.41,1866.56,21768.4,6377.88
2022-04-21,8955.85,711.41,1854.7,21768.4,6389.74
2022-04-22,8955.85,711.41,1765.03,21768.4,6479.41
2022-04-25,8955.85,711.41,1783.61,21768.4,6460.84
2022-04-26,8955.85,711.41,1819.34,21768.4,6425.1
2022-04-27,8939.2,944.33,1803.16,21768.4,6191.71
2022-04-28,8939.2,944.33,1818.42,21768.4,6176.46
2022-04-29,8939.2,944.33,1906.8,21768.4,6088.07
2022-05-02,8939.2,944.33,1796.3,21718.0,6198.57
2022-05-03,8939.2,944.33,1796.25,21718.0,6198.62
2022-05-04,8939.97,945.48,1815.66,21718.0,6178.84
2022-05-05,8939.97,945.48,1844.76,21718.0,6149.73
2022-05-06,8939.97,945.48,1861.87,21718.0,6132.63
2022-05-09,8939.97,945.48,1859.0,21718.0,6135.5
2022-05-10,8939.97,945.48,1864.22,21718.0,6130.27
2022-05-11,8942.01,945.66,1876.12,21718.0,6120.23
2022-05-12,8942.01,945.66,1900.07,21718.0,6096.28
2022-05-13,8942.01,945.66,1865.29,21718.0,6131.06
2022-05-16,8942.01,945.66,1833.15,21718.0,6163.2
2022-05-17,8942.01,945.66,1877.48,21718.0,6118.87
2022-05-18,8945.9,886.96,1973.37,21718.0,6085.56
2022-05-19,8945.9,886.96,1981.0,21718.0,6077.93
2022-05-20,8945.9,886.96,1987.99,21718.0,6070.95
2022-05-23,8945.9,886.96,2044.66,21718.0,6014.28
2022-05-24,8945.9,886.96,1987.86,21718.0,6071.07
2022-05-25,8914.28,821.54,1995.75,21718.0,6097.0
2022-05-26,8914.28,821.54,2007.7,21718.0,6085.04
2022-05-27,8914.28,821.54,2006.69,21718.0,6086.06
2022-05-30,8914.28,821.54,2006.69,21718.0,6086.06
2022-05-31,8914.28,821.54,1978.54,21718.0,6114.21
2022-06-01,8915.05,789.53,1965.02,21647.0,6160.5
2022-06-02,8915.05,789.53,1985.24,21647.0,6140.28
2022-06-03,8915.05,789.53,2031.23,21647.0,6094.29
2022-06-06,8915.05,789.53,2040.09,21647.0,6085.42
2022-06-07,8915.05,789.53,2091.4,21647.0,6034.12
2022-06-08,8918.25,723.38,2140.28,21647.0,6054.59
2022-06-09,8918.25,723.38,2142.32,21647.0,6052.55
2022-06-10,8918.25,723.38,2162.89,21647.0,6031.98
2022-06-13,8918.25,723.38,2212.62,21647.0,5982.25
2022-06-14,8918.25,723.38,2223.86,21647.0,5971.01
2022-06-15,8932.42,656.87,2162.92,21647.0,6112.63
2022-06-16,8932.42,656.87,2178.38,21647.0,6097.17
2022-06-17,8932.42,656.87,2229.28,21647.0,6046.27
2022-06-20,8932.42,656.87,2229.28,21647.0,6046.27
2022-06-21,8932.42,656.87,2188.63,21647.0,6086.92
2022-06-22,8934.35,758.28,2259.46,21647.0,5916.6
2022-06-23,8934.35,758.28,2285.44,21647.0,5890.62
2022-06-24,8934.35,758.28,2180.98,21647.0,5995.08
2022-06-27,8934.35,758.28,2155.94,21647.0,6020.12
2022-06-28,8934.35,758.28,2213.78,21647.0,5962.28
2022-06-29,8913.55,756.63,2226.98,21647.0,5929.95
2022-06-30,8913.55,756.63,2329.74,21647.0,5827.18
2022-07-01,8913.55,756.63,2167.08,21649.2,5989.84
2022-07-04,8913.55,756.63,2167.08,21649.2,5989.84
2022-07-05,8913.55,756.63,2138.28,21649.2,6018.65
2022-07-06,8891.85,700.46,2168.03,21649.2,6023.37
2022-07-07,8891.85,700.46,2172.46,21649.2,6018.94
2022-07-08,8891.85,700.46,2144.92,21649.2,6046.47
2022-07-11,8891.85,700.46,2164.27,21649.2,6027.13
2022-07-12,8891.85,700.46,2146.13,21649.2,6045.26
2022-07-13,8895.87,652.57,2155.29,21649.2,6088.0
2022-07-14,8895.87,652.57,2207.12,21649.2,6036.17
2022-07-15,8895.87,652.57,2153.75,21649.2,6089.54
2022-07-18,8895.87,652.57,2190.38,21649.2,6052.92
2022-07-19,8895.87,652.57,2211.82,21649.2,6031.47
2022-07-20,8899.21,613.88,2240.2,21649.2,6045.13
2022-07-21,8899.21,613.88,2271.76,21649.2,6013.58
2022-07-22,8899.21,613.88,2228.96,21649.2,6056.38
2022-07-25,8899.21,613.88,2192.37,21649.2,6092.97
2022-07-26,8899.21,613.88,2189.47,21649.2,6095.86
2022-07-27,8890.0,602.95,2188.99,21649.2,6098.06
2022-07-28,8890.0,602.95,2239.88,21649.2,6047.18
2022-07-29,8890.0,602.95,2300.2,21649.2,5986.86
2022-08-01,8890.0,602.95,2161.89,21641.9,6125.17
2022-08-02,8890.0,602.95,2156.01,21641.9,6131.05
2022-08-03,8874.62,594.12,2182.24,21641.9,6098.27
2022-08-04,8874.62,594.12,2191.55,21641.9,6088.96
2022-08-05,8874.62,594.12,2194.93,21641.9,6085.58
2022-08-08,8874.62,594.12,2195.69,21641.9,6084.81
2022-08-09,8874.62,594.12,2186.57,21641.9,6093.94
2022-08-10,8879.14,557.26,2177.65,21641.9,6144.23
2022-08-11,8879.14,557.26,2199.25,21641.9,6122.63
2022-08-12,8879.14,557.26,2213.19,21641.9,6108.68
2022-08-15,8879.14,557.26,2175.86,21641.9,6146.02
2022-08-16,8879.14,557.26,2165.33,21641.9,6156.54
2022-08-17,8849.76,545.32,2199.63,21641.9,6104.81
2022-08-18,8849.76,545.32,2218.16,21641.9,6086.28
2022-08-19,8849.76,545.32,2221.68,21641.9,6082.76
2022-08-22,8849.76,545.32,2235.66,21641.9,6068.78
2022-08-23,8849.76,545.32,2250.72,21641.9,6053.72
2022-08-24,8851.44,535.27,2237.07,21641.9,6079.1
2022-08-25,8851.44,535.27,2187.91,21641.9,6128.26
2022-08-26,8851.44,535.27,2182.45,21641.9,6133.72
2022-08-29,8851.44,535.27,2205.19,21641.9,6110.98
2022-08-30,8851.44,535.27,2188.98,21641.9,6127.19
2022-08-31,8826.09,612.54,2251.02,21641.9,5962.53
2022-09-01,8826.09,612.54,2173.16,21541.3,6040.4
2022-09-02,8826.09,612.54,2173.41,21541.3,6040.14
2022-09-05,8826.09,612.54,2173.41,21541.3,6040.14
2022-09-06,8826.09,612.54,2188.8,21541.3,6024.76
2022-09-07,8822.4,581.29,2206.99,21541.3,6034.12
2022-09-08,8822.4,581.29,2210.47,21541.3,6030.64
2022-09-09,8822.4,581.29,2209.71,21541.3,6031.39
2022-09-12,8822.4,581.29,2218.55,21541.3,6022.56
2022-09-13,8822.4,581.29,2202.72,21541.3,6038.39
2022-09-14,8832.76,593.81,2225.58,21541.3,6013.37
2022-09-15,8832.76,593.81,2176.19,21541.3,6062.76
2022-09-16,8832.76,593.81,2186.83,21541.3,6052.12
2022-09-19,8832.76,593.81,2217.54,21541.3,6021.41
2022-09-20,8832.76,593.81,2238.87,21541.3,6000.08
2022-09-21,8816.8,692.5,2315.9,21541.3,5808.41
2022-09-22,8816.8,692.5,2359.23,21541.3,5765.08
2022-09-23,8816.8,692.5,2319.36,21541.3,5804.94
2022-09-26,8816.8,692.5,2299.01,21541.3,5825.3
2022-09-27,8816.8,692.5,2327.11,21541.3,5797.2
2022-09-28,8795.57,689.57,2366.8,21541.3,5739.2
2022-09-29,8795.57,689.57,2371.76,21541.3,5734.24
2022-09-30,8795.57,689.57,2425.91,21541.3,5680.09
2022-10-03,8795.57,689.57,2252.52,21464.2,5853.48
2022-10-04,8795.57,689.57,2233.62,21464.2,5872.38
2022-10-05,8759.05,633.94,2230.8,21464.2,5894.32
2022-10-06,8759.05,633.94,2232.8,21464.2,5892.31
2022-10-07,8759.05,633.94,2226.95,21464.2,5898.16
2022-10-10,8759.05,633.94,2226.95,21464.2,5898.16
2022-10-11,8759.05,633.94,2222.48,21464.2,5902.64
2022-10-12,8758.97,608.3,2247.21,21464.2,5903.46
2022-10-13,8758.97,608.3,2244.1,21464.2,5906.57
2022-10-14,8758.97,608.3,2222.05,21464.2,5928.62
2022-10-17,8758.97,608.3,2172.3,21464.2,5978.37
2022-10-18,8758.97,608.3,2226.72,21464.2,5923.94
2022-10-19,8743.92,607.2,2241.84,21464.2,5894.89
2022-10-20,8743.92,607.2,2234.07,21464.2,5902.65
2022-10-21,8743.92,607.2,2265.81,21464.2,5870.91
2022-10-24,8743.92,607.2,2242.04,21464.2,5894.68
2022-10-25,8743.92,607.2,2195.62,21464.2,5941.11
2022-10-26,8723.09,634.55,2186.86,21464.2,5901.69
2022-10-27,8723.09,634.55,2152.48,21464.2,5936.06
2022-10-28,8723.09,634.55,2183.29,21464.2,5905.25
2022-10-31,8723.09,634.55,2275.46,21464.2,5813.08
2022-11-01,8723.09,634.55,2200.51,21409.5,5888.03
2022-11-02,8676.87,598.54,2229.86,21409.5,5848.47
2022-11-03,8676.87,598.54,2219.79,21409.5,5858.54
2022-11-04,8676.87,598.54,2230.84,21409.5,5847.49
2022-11-07,8676.87,598.54,2241.32,21409.5,5837.01
2022-11-08,8676.87,598.54,2232.55,21409.5,5845.77
2022-11-09,8678.89,527.48,2237.81,21409.5,5913.6
2022-11-10,8678.89,527.48,2200.59,21409.5,5950.82
2022-11-11,8678.89,527.48,2200.59,21409.5,5950.82
2022-11-14,8678.89,527.48,2165.02,21409.5,5986.39
2022-11-15,8678.89,527.48,2086.57,21409.5,6064.83
2022-11-16,8625.62,502.98,2099.07,21409.5,6023.57
2022-11-17,8625.62,502.98,2114.44,21409.5,6008.2
2022-11-18,8625.62,502.98,2113.41,21409.5,6009.22
2022-11-21,8625.62,502.98,2125.43,21409.5,5997.21
2022-11-22,8625.62,502.98,2103.93,21409.5,6018.71
2022-11-23,8621.39,479.47,2069.17,21409.5,6072.74
2022-11-24,8621.39,479.47,2069.17,21409.5,6072.74
2022-11-25,8621.39,479.47,2031.07,21409.5,6110.85
2022-11-28,8621.39,479.47,2054.91,21409.5,6087.0
2022-11-29,8621.39,479.47,2064.38,21409.5,6077.54
2022-11-30,8584.58,511.47,2115.91,21409.5,5957.19
2022-12-01,8584.58,511.47,2050.29,21293.2,6022.82
2022-12-02,8584.58,511.47,2049.76,21293.2,6023.34
2022-12-05,8584.58,511.47,2093.65,21293.2,5979.45
2022-12-06,8584.58,511.47,2111.46,21293.2,5961.64
2022-12-07,8582.74,432.34,2151.55,21293.2,5998.85
2022-12-08,8582.74,432.34,2175.97,21293.2,5974.43
2022-12-09,8582.74,432.34,2146.75,21293.2,6003.65
2022-12-12,8582.74,432.34,2158.52,21293.2,5991.88
2022-12-13,8582.74,432.34,2180.68,21293.2,5969.72
2022-12-14,8583.41,355.52,2192.86,21293.2,6035.03
2022-12-15,8583.41,355.52,2124.0,21293.2,6103.9
2022-12-16,8583.41,355.52,2126.54,21293.2,6101.36
2022-12-19,8583.41,355.52,2134.76,21293.2,6093.13
2022-12-20,8583.41,355.52,2159.41,21293.2,6068.49
2022-12-21,8564.41,459.78,2206.96,21293.2,5897.67
2022-12-22,8564.41,459.78,2222.9,21293.2,5881.73
2022-12-23,8564.41,459.78,2216.35,21293.2,5888.28
2022-12-26,8564.41,459.78,2216.35,21293.2,5888.28
2022-12-27,8564.41,459.78,2221.26,21293.2,5883.37
2022-12-28,8551.17,427.93,2293.0,21293.2,5830.24
2022-12-29,8551.17,427.93,2308.32,21293.2,5814.92
2022-12-30,8551.17,427.93,2553.72,21293.2,5569.53
2023-01-02,8551.17,427.93,2553.72,21274.0,5569.53
2023-01-03,8551.17,427.93,2188.27,21274.0,5934.97
2023-01-04,8507.43,423.62,2229.54,21274.0,5854.26
2023-01-05,8507.43,423.62,2242.49,21274.0,5841.32
2023-01-06,8507.43,423.62,2208.26,21274.0,5875.54
2023-01-09,8507.43,423.62,2199.12,21274.0,5884.68
2023-01-10,8507.43,423.62,2192.94,21274.0,5890.86
2023-01-11,8508.59,372.34,2199.17,21274.0,5937.08
2023-01-12,8508.59,372.34,2202.99,21274.0,5933.26
2023-01-13,8508.59,372.34,2179.78,21274.0,5956.47
2023-01-16,8508.59,372.34,2179.78,21274.0,5956.47
2023-01-17,8508.59,372.34,2093.33,21274.0,6042.92
2023-01-18,8489.04,339.02,2131.68,21274.0,6018.34
2023-01-19,8489.04,339.02,2110.14,21274.0,6039.88
2023-01-20,8489.04,339.02,2090.52,21274.0,6059.5
2023-01-23,8489.04,339.02,2135.5,21274.0,6014.52
2023-01-24,8489.04,339.02,2048.39,21274.0,6101.64
2023-01-25,8470.56,491.85,2031.56,21274.0,5947.15
2023-01-26,8470.56,491.85,2024.07,21274.0,5954.64
2023-01-27,8470.56,491.85,2003.63,21274.0,5975.08
2023-01-30,8470.56,491.85,2048.71,21274.0,5930.0
2023-01-31,8470.56,491.85,2061.57,21274.0,5917.14
2023-02-01,8433.61,560.09,2038.26,21240.2,5835.26
2023-02-02,8433.61,560.09,2050.06,21240.2,5823.46
2023-02-03,8433.61,560.09,2041.22,21240.2,5832.3
2023-02-06,8433.61,560.09,2072.26,21240.2,5801.26
2023-02-07,8433.61,560.09,2057.96,21240.2,5815.56
2023-02-08,8435.37,493.28,2059.6,21240.2,5882.49
2023-02-09,8435.37,493.28,2058.94,21240.2,5883.15
2023-02-10,8435.37,493.28,2042.89,21240.2,5899.2
2023-02-13,8435.37,493.28,2107.78,21240.2,5834.32
2023-02-14,8435.37,493.28,2076.55,21240.2,5865.54
2023-02-15,8384.77,490.38,2012.0,21240.2,5882.39
2023-02-16,8384.77,490.38,2032.46,21240.2,5861.93
2023-02-17,8384.77,490.38,2059.66,21240.2,5834.73
2023-02-20,8384.77,490.38,2059.66,21240.2,5834.73
2023-02-21,8384.77,490.38,2046.06,21240.2,5848.32
2023-02-22,8382.19,477.33,2113.85,21240.2,5791.01
2023-02-23,8382.19,477.33,2147.42,21240.2,5757.44
2023-02-24,8382.19,477.33,2142.14,21240.2,5762.72
2023-02-27,8382.19,477.33,2162.44,21240.2,5742.42
2023-02-28,8382.19,477.33,2188.04,21240.2,5716.82
2023-03-01,8339.68,381.24,2133.95,20942.3,5824.49
2023-03-02,8339.68,381.24,2192.36,20942.3,5766.08
2023-03-03,8339.68,381.24,2186.15,20942.3,5772.29
2023-03-06,8339.68,381.24,2190.79,20942.3,5767.65
2023-03-07,8339.68,381.24,2170.2,20942.3,5788.24
2023-03-08,8342.28,333.35,2193.24,20942.3,5815.7
2023-03-09,8342.28,333.35,2229.62,20942.3,5779.31
2023-03-10,8342.28,333.35,2188.38,20942.3,5820.56
2023-03-13,8342.28,333.35,2126.68,20942.3,5882.26
2023-03-14,8342.28,333.35,2042.58,20942.3,5966.35
2023-03-15,8639.3,232.87,2055.82,20942.3,6350.61
2023-03-16,8639.3,232.87,2066.32,20942.3,6340.12
2023-03-17,8639.3,232.87,2106.17,20942.3,6300.27
2023-03-20,8639.3,232.87,2098.39,20942.3,6308.04
2023-03-21,8639.3,232.87,2194.63,20942.3,6211.8
2023-03-22,8733.79,259.59,2279.61,20942.3,6194.59
2023-03-23,8733.79,259.59,2233.96,20942.3,6240.24
2023-03-24,8733.79,259.59,2218.46,20942.3,6255.74
2023-03-27,8733.79,259.59,2220.13,20942.3,6254.07
2023-03-28,8733.79,259.59,2231.75,20942.3,6242.45
2023-03-29,8705.94,183.58,2264.86,20942.3,6257.5
2023-03-30,8705.94,183.58,2271.53,20942.3,6250.83
2023-03-31,8705.94,183.58,2375.17,20942.3,6147.19
2023-04-03,8705.94,183.58,2221.01,20758.2,6301.36
2023-04-04,8705.94,183.58,2219.38,20758.2,6302.99
2023-04-05,8632.38,168.79,2243.01,20758.2,6220.58
2023-04-06,8632.38,168.79,2173.66,20758.2,6289.93
2023-04-07,8632.38,168.79,2173.66,20758.2,6289.93
2023-04-10,8632.38,168.79,2239.66,20758.2,6223.94
2023-04-11,8632.38,168.79,2297.21,20758.2,6166.38
2023-04-12,8614.8,109.21,2303.86,20758.2,6201.73
2023-04-13,8614.8,109.21,2321.7,20758.2,6183.89
2023-04-14,8614.8,109.21,2253.79,20758.2,6251.8
2023-04-17,8614.8,109.21,2256.84,20758.2,6248.74
2023-04-18,8614.8,109.21,2238.99,20758.2,6266.59
2023-04-19,8593.26,166.56,2294.68,20758.2,6132.03
2023-04-20,8593.26,166.56,2277.26,20758.2,6149.45
2023-04-21,8593.26,166.56,2290.02,20758.2,6136.68
2023-04-24,8593.26,166.56,2308.54,20758.2,6118.17
2023-04-25,8593.26,166.56,2275.4,20758.2,6151.31
2023-04-26,8562.77,291.7,2279.56,20758.2,5991.51
2023-04-27,8562.77,291.7,2273.93,20758.2,5997.14
2023-04-28,8562.77,291.7,2325.48,20758.2,5945.59
2023-05-01,8562.77,291.7,2239.87,20829.4,6031.2
2023-05-02,8562.77,291.7,2267.13,20829.4,6003.94
2023-05-03,8503.99,269.22,2258.22,20829.4,5976.56
2023-05-04,8503.99,269.22,2242.4,20829.4,5992.38
2023-05-05,8503.99,269.22,2207.42,20829.4,6027.36
2023-05-08,8503.99,269.22,2217.6,20829.4,6017.18
2023-05-09,8503.99,269.22,2222.86,20829.4,6011.91
2023-05-10,8503.02,197.67,2233.15,20829.4,6072.2
2023-05-11,8503.02,197.67,2242.24,20829.4,6063.11
2023-05-12,8503.02,197.67,2229.2,20829.4,6076.15
2023-05-15,8503.02,197.67,2220.93,20829.4,6084.42
2023-05-16,8503.02,197.67,2203.21,20829.4,6102.14
2023-05-17,8456.76,116.22,2213.68,20829.4,6126.86
2023-05-18,8456.76,116.22,2238.27,20829.4,6102.27
2023-05-19,8456.76,116.22,2276.72,20829.4,6063.82
2023-05-22,8456.76,116.22,2275.31,20829.4,6065.23
2023-05-23,8456.76,116.22,2256.69,20829.4,6083.85
2023-05-24,8436.25,61.95,2250.71,20829.4,6123.59
2023-05-25,8436.25,61.95,2197.64,20829.4,6176.66
2023-05-26,8436.25,61.95,2189.68,20829.4,6184.62
2023-05-29,8436.25,61.95,2189.68,20829.4,6184.62
2023-05-30,8436.25,61.95,2200.48,20829.4,6173.82
2023-05-31,8385.85,48.95,2254.86,20829.4,6082.04
2023-06-01,8385.85,48.95,2160.05,20798.9,6176.84
2023-06-02,8385.85,48.95,2142.1,20798.9,6194.8
2023-06-05,8385.85,48.95,2131.42,20798.9,6205.48
2023-06-06,8385.85,48.95,2134.64,20798.9,6202.26
2023-06-07,8389.33,44.76,2161.56,20798.9,6183.01
2023-06-08,8389.33,44.76,2141.8,20798.9,6202.77
2023-06-09,8389.33,44.76,2127.65,20798.9,6216.92
2023-06-12,8389.33,44.76,2126.87,20798.9,6217.7
2023-06-13,8389.33,44.76,2074.52,20798.9,6270.05
2023-06-14,8388.32,102.12,2109.1,20798.9,6177.1
2023-06-15,8388.32,102.12,1992.14,20798.9,6294.06
2023-06-16,8388.32,102.12,2011.56,20798.9,6274.65
2023-06-19,8388.32,102.12,2011.56,20798.9,6274.65
2023-06-20,8388.32,102.12,1989.49,20798.9,6296.72
2023-06-21,8362.06,276.85,2037.1,20798.9,6048.11
2023-06-22,8362.06,276.85,1994.71,20798.9,6090.5
2023-06-23,8362.06,276.85,1969.38,20798.9,6115.83
2023-06-26,8362.06,276.85,1961.03,20798.9,6124.18
2023-06-27,8362.06,276.85,1951.1,20798.9,6134.11
2023-06-28,8340.91,390.57,1945.21,20798.9,6005.13
2023-06-29,8340.91,390.57,1934.68,20798.9,6015.66
2023-06-30,8340.91,390.57,2034.32,20798.9,5916.02
2023-07-03,8340.91,390.57,1909.64,20792.2,6040.7
2023-07-04,8340.91,390.57,1909.64,20792.2,6040.7
2023-07-05,8298.31,415.44,1867.06,20792.2,6015.81
2023-07-06,8298.31,415.44,1854.26,20792.2,6028.62
2023-07-07,8298.31,415.44,1822.3,20792.2,6060.57
2023-07-10,8298.31,415.44,1811.98,20792.2,6070.89
2023-07-11,8298.31,415.44,1775.8,20792.2,6107.08
2023-07-12,8296.92,514.34,1820.15,20792.2,5962.44
2023-07-13,8296.92,514.34,1767.43,20792.2,6015.15
2023-07-14,8296.92,514.34,1740.78,20792.2,6041.81
2023-07-17,8296.92,514.34,1728.32,20792.2,6054.26
2023-07-18,8296.92,514.34,1716.86,20792.2,6065.72
2023-07-19,8274.55,531.14,1732.8,20792.2,6010.61
2023-07-20,8274.55,531.14,1721.0,20792.2,6022.42
2023-07-21,8274.55,531.14,1770.75,20792.2,5972.66
2023-07-24,8274.55,531.14,1770.87,20792.2,5972.55
2023-07-25,8274.55,531.14,1720.72,20792.2,6022.7
2023-07-26,8243.34,543.6,1749.73,20792.2,5950.01
2023-07-27,8243.34,543.6,1735.78,20792.2,5963.96
2023-07-28,8243.34,543.6,1730.23,20792.2,5969.52
2023-07-31,8243.34,543.6,1821.12,20792.2,5878.62
2023-08-01,8243.34,543.6,1739.55,20782.0,5960.19
2023-08-02,8206.76,517.46,1770.19,20782.0,5919.12
2023-08-03,8206.76,517.46,1776.77,20782.0,5912.53
2023-08-04,8206.76,517.46,1793.8,20782.0,5895.5
2023-08-07,8206.76,517.46,1810.58,20782.0,5878.72
2023-08-08,8206.76,517.46,1778.35,20782.0,5910.95
2023-08-09,8208.24,444.59,1796.52,20782.0,5967.13
2023-08-10,8208.24,444.59,1759.9,20782.0,6003.75
2023-08-11,8208.24,444.59,1773.24,20782.0,5990.41
2023-08-14,8208.24,444.59,1799.31,20782.0,5964.34
2023-08-15,8208.24,444.59,1743.78,20782.0,6019.86
2023-08-16,8145.73,435.8,1796.72,20782.0,5913.21
2023-08-17,8145.73,435.8,1794.12,20782.0,5915.81
2023-08-18,8145.73,435.8,1819.2,20782.0,5890.73
2023-08-21,8145.73,435.8,1824.79,20782.0,5885.14
2023-08-22,8145.73,435.8,1812.29,20782.0,5897.64
2023-08-23,8139.07,413.79,1816.53,20782.0,5908.75
2023-08-24,8139.07,413.79,1731.62,20782.0,5993.66
2023-08-25,8139.07,413.79,1687.38,20782.0,6037.9
2023-08-28,8139.07,413.79,1708.6,20782.0,6016.67
2023-08-29,8139.07,413.79,1693.28,20782.0,6032.0
2023-08-30,8121.32,470.8,1696.82,20782.0,5953.7
2023-08-31,8121.32,470.8,1651.6,20782.0,5998.91
2023-09-01,8121.32,470.8,1574.06,20753.6,6076.45
2023-09-04,8121.32,470.8,1574.06,20753.6,6076.45
2023-09-05,8121.32,470.8,1568.49,20753.6,6082.03
2023-09-06,8101.32,470.88,1606.24,20753.6,6024.19
2023-09-07,8101.32,470.88,1535.29,20753.6,6095.15
2023-09-08,8101.32,470.88,1525.4,20753.6,6105.03
2023-09-11,8101.32,470.88,1549.11,20753.6,6081.33
2023-09-12,8101.32,470.88,1493.78,20753.6,6136.66
2023-09-13,8098.78,521.51,1546.22,20753.6,6031.05
2023-09-14,8098.78,521.51,1492.43,20753.6,6084.85
2023-09-15,8098.78,521.51,1401.4,20753.6,6175.87
2023-09-18,8098.78,521.51,1452.94,20753.6,6124.33
2023-09-19,8098.78,521.51,1453.32,20753.6,6123.95
2023-09-20,8024.09,640.3,1486.98,20753.6,5896.81
2023-09-21,8024.09,640.3,1454.12,20753.6,5929.68
2023-09-22,8024.09,640.3,1427.58,20753.6,5956.22
2023-09-25,8024.09,640.3,1437.31,20753.6,5946.48
2023-09-26,8024.09,640.3,1438.3,20753.6,5945.49
2023-09-27,8002.06,681.14,1442.8,20753.6,5878.12
2023-09-28,8002.06,681.14,1453.37,20753.6,5867.56
2023-09-29,8002.06,681.14,1557.57,20753.6,5763.35
2023-10-02,8002.06,681.14,1365.74,20737.4,5955.18
2023-10-03,8002.06,681.14,1348.46,20737.4,5972.46
2023-10-04,7955.78,668.01,1342.03,20737.4,5945.74
2023-10-05,7955.78,668.01,1265.13,20737.4,6022.64
2023-10-06,7955.78,668.01,1283.46,20737.4,6004.31
2023-10-09,7955.78,668.01,1283.46,20737.4,6004.31
2023-10-10,7955.78,668.01,1222.44,20737.4,6065.33
2023-10-11,7952.05,709.16,1239.38,20737.4,6003.51
2023-10-12,7952.05,709.16,1157.32,20737.4,6085.58
2023-10-13,7952.05,709.16,1151.82,20737.4,6091.08
2023-10-16,7952.05,709.16,1108.82,20737.4,6134.08
2023-10-17,7952.05,709.16,1082.5,20737.4,6160.39
2023-10-18,7933.16,759.88,1150.78,20737.4,6022.5
2023-10-19,7933.16,759.88,1114.18,20737.4,6059.1
2023-10-20,7933.16,759.88,1138.76,20737.4,6034.53
2023-10-23,7933.16,759.88,1157.98,20737.4,6015.31
2023-10-24,7933.16,759.88,1097.88,20737.4,6075.41
2023-10-25,7907.83,834.42,1100.62,20737.4,5972.8
2023-10-26,7907.83,834.42,1089.85,20737.4,5983.56
2023-10-27,7907.83,834.42,1091.86,20737.4,5981.55
2023-10-30,7907.83,834.42,1138.04,20737.4,5935.38
2023-10-31,7907.83,834.42,1137.7,20737.4,5935.72
2023-11-01,7866.66,820.49,1079.46,20749.7,5966.72
2023-11-02,7866.66,820.49,1054.99,20749.7,5991.19
2023-11-03,7866.66,820.49,1071.14,20749.7,5975.04
2023-11-06,7866.66,820.49,1062.88,20749.7,5983.3
2023-11-07,7866.66,820.49,1008.68,20749.7,6037.49
2023-11-08,7860.69,772.69,1024.45,20749.7,6063.55
2023-11-09,7860.69,772.69,993.31,20749.7,6094.69
2023-11-10,7860.69,772.69,1032.72,20749.7,6055.28
2023-11-13,7860.69,772.69,1020.27,20749.7,6067.73
2023-11-14,7860.69,772.69,988.3,20749.7,6099.71
2023-11-15,7814.99,738.56,944.24,20749.7,6132.19
2023-11-16,7814.99,738.56,912.01,20749.7,6164.42
2023-11-17,7814.99,738.56,935.8,20749.7,6140.63
2023-11-20,7814.99,738.56,953.09,20749.7,6123.34
2023-11-21,7814.99,738.56,931.16,20749.7,6145.27
2023-11-22,7810.81,706.02,931.6,20749.7,6173.19
2023-11-23,7810.81,706.02,931.6,20749.7,6173.19
2023-11-24,7810.81,706.02,865.91,20749.7,6238.89
2023-11-27,7810.81,706.02,867.22,20749.7,6237.58
2023-11-28,7810.81,706.02,873.34,20749.7,6231.45
2023-11-29,7796.14,739.21,914.19,20749.7,6142.75
2023-11-30,7796.14,739.21,887.82,20749.7,6169.11
2023-12-01,7796.14,739.21,768.54,20779.9,6288.39
2023-12-04,7796.14,739.21,815.85,20779.9,6241.09
2023-12-05,7796.14,739.21,834.43,20779.9,6222.51
2023-12-06,7737.38,682.51,846.5,20779.9,6208.38
2023-12-07,7737.38,682.51,825.73,20779.9,6229.14
2023-12-08,7737.38,682.51,821.41,20779.9,6233.47
2023-12-11,7737.38,682.51,838.51,20779.9,6216.37
2023-12-12,7737.38,682.51,837.8,20779.9,6217.07
2023-12-13,7739.57,658.44,823.33,20779.9,6257.8
2023-12-14,7739.57,658.44,769.35,20779.9,6311.78
2023-12-15,7739.57,658.44,683.25,20779.9,6397.87
2023-12-18,7739.57,658.44,724.7,20779.9,6356.42
2023-12-19,7739.57,658.44,773.08,20779.9,6308.04
2023-12-20,7724.06,732.2,779.14,20779.9,6212.72
2023-12-21,7724.06,732.2,778.4,20779.9,6213.46
2023-12-22,7724.06,732.2,772.26,20779.9,6219.61
2023-12-25,7724.06,732.2,772.26,20779.9,6219.61
2023-12-26,7724.06,732.2,793.94,20779.9,6197.93
2023-12-27,7712.78,731.4,818.87,20779.9,6162.51
2023-12-28,7712.78,731.4,829.57,20779.9,6151.8
2023-12-29,7712.78,731.4,1018.48,20779.9,5962.89
2024-01-01,7712.78,731.4,1018.48,20835.5,5962.89
2024-01-02,7712.78,731.4,704.86,20835.5,6276.51
2024-01-03,7681.02,758.45,719.9,20835.5,6202.68
2024-01-04,7681.02,758.45,664.9,20835.5,6257.68
2024-01-05,7681.02,758.45,694.48,20835.5,6228.1
2024-01-08,7681.02,758.45,691.48,20835.5,6231.09
2024-01-09,7681.02,758.45,676.05,20835.5,6246.53
2024-01-10,7686.71,747.56,679.96,20835.5,6259.18
2024-01-11,7686.71,747.56,626.37,20835.5,6312.78
2024-01-12,7686.71,747.56,603.12,20835.5,6336.03
2024-01-15,7686.71,747.56,603.12,20835.5,6336.03
2024-01-16,7686.71,747.56,583.1,20835.5,6356.04
2024-01-17,7673.74,748.88,590.19,20835.5,6334.67
2024-01-18,7673.74,748.88,618.23,20835.5,6306.62
2024-01-19,7673.74,748.88,625.18,20835.5,6299.68
2024-01-22,7673.74,748.88,647.1,20835.5,6277.76
2024-01-23,7673.74,748.88,621.2,20835.5,6303.66
2024-01-24,7677.23,799.36,639.56,20835.5,6238.31
2024-01-25,7677.23,799.36,557.69,20835.5,6320.18
2024-01-26,7677.23,799.36,570.83,20835.5,6307.04
2024-01-29,7677.23,799.36,581.41,20835.5,6296.46
2024-01-30,7677.23,799.36,577.76,20835.5,6300.12
2024-01-31,7630.12,841.55,615.38,20835.5,6173.2
2024-02-01,7630.12,841.55,503.55,20921.7,6285.03
2024-02-02,7630.12,841.55,513.42,20921.7,6275.15
2024-02-05,7630.12,841.55,552.29,20921.7,6236.28
2024-02-06,7630.12,841.55,532.44,20921.7,6256.13
2024-02-07,7631.3,802.14,553.05,20921.7,6276.11
2024-02-08,7631.3,802.14,535.71,20921.7,6293.46
2024-02-09,7631.3,802.14,569.17,20921.7,6259.99
2024-02-12,7631.3,802.14,581.57,20921.7,6247.6
2024-02-13,7631.3,802.14,553.68,20921.7,6275.48
2024-02-14,7633.87,838.0,575.33,20921.7,6220.54
2024-02-15,7633.87,838.0,493.06,20921.7,6302.8
2024-02-16,7633.87,838.0,532.12,20921.7,6263.74
2024-02-19,7633.87,838.0,532.12,20921.7,6263.74
2024-02-20,7633.87,838.0,530.88,20921.7,6264.99
2024-02-21,7581.68,785.46,574.88,20921.7,6221.34
2024-02-22,7581.68,785.46,553.24,20921.7,6242.97
2024-02-23,7581.68,785.46,520.11,20921.7,6276.11
2024-02-26,7581.68,785.46,524.96,20921.7,6271.26
2024-02-27,7581.68,785.46,519.72,20921.7,6276.49
2024-02-28,7567.81,785.82,569.86,20921.7,6212.13
2024-02-29,7567.81,785.82,502.07,20921.7,6279.91
2024-03-01,7567.81,785.82,441.26,20965.9,6340.72
2024-03-04,7567.81,785.82,439.79,20965.9,6342.19
2024-03-05,7567.81,785.82,444.47,20965.9,6337.51
2024-03-06,7538.86,767.73,456.85,20965.9,6314.28
2024-03-07,7538.86,767.73,436.75,20965.9,6334.37
2024-03-08,7538.86,767.73,444.8,20965.9,6326.32
2024-03-11,7538.86,767.73,478.73,20965.9,6292.4
2024-03-12,7538.86,767.73,476.86,20965.9,6294.26
2024-03-13,7541.97,768.37,521.74,20965.9,6251.86
2024-03-14,7541.97,768.37,483.57,20965.9,6290.03
2024-03-15,7541.97,768.37,413.88,20965.9,6359.72
2024-03-18,7541.97,768.37,440.6,20965.9,6333.0
2024-03-19,7541.97,768.37,446.98,20965.9,6326.62
2024-03-20,7514.35,809.3,496.24,20965.9,6208.8
2024-03-21,7514.35,809.3,460.63,20965.9,6244.42
2024-03-22,7514.35,809.3,478.53,20965.9,6226.52
2024-03-25,7514.35,809.3,473.79,20965.9,6231.26
2024-03-26,7514.35,809.3,496.06,20965.9,6208.99
2024-03-27,7484.74,802.23,518.36,20965.9,6164.15
2024-03-28,7484.74,802.23,594.43,20965.9,6088.08
2024-03-29,7484.74,802.23,594.43,20965.9,6088.08
2024-04-01,7484.74,802.23,441.9,20955.4,6240.6
2024-04-02,7484.74,802.23,448.42,20955.4,6234.08
2024-04-03,7439.56,768.65,436.63,20955.4,6234.28
2024-04-04,7439.56,768.65,438.76,20955.4,6232.14
2024-04-05,7439.56,768.65,438.32,20955.4,6232.59
2024-04-08,7439.56,768.65,448.6,20955.4,6222.31
2024-04-09,7439.56,768.65,441.79,20955.4,6229.12
2024-04-10,7438.18,704.97,445.82,20955.4,6287.39
2024-04-11,7438.18,704.97,455.36,20955.4,6277.84
2024-04-12,7438.18,704.97,407.32,20955.4,6325.88
2024-04-15,7438.18,704.97,327.07,20955.4,6406.14
2024-04-16,7438.18,704.97,371.55,20955.4,6361.65
2024-04-17,7405.51,796.54,440.51,20955.4,6168.46
2024-04-18,7405.51,796.54,433.01,20955.4,6175.96
2024-04-19,7405.51,796.54,397.23,20955.4,6211.74
2024-04-22,7405.51,796.54,409.82,20955.4,6199.16
2024-04-23,7405.51,796.54,435.88,20955.4,6173.09
2024-04-24,7402.43,941.43,441.22,20955.4,6019.79
2024-04-25,7402.43,941.43,443.93,20955.4,6017.08
2024-04-26,7402.43,941.43,464.91,20955.4,5996.09
2024-04-29,7402.43,941.43,505.53,20955.4,5955.47
2024-04-30,7402.43,941.43,534.23,20955.4,5926.77
2024-05-01,7362.47,917.18,438.15,21021.6,6007.15
2024-05-02,7362.47,917.18,428.68,21021.6,6016.62
2024-05-03,7362.47,917.18,450.16,21021.6,5995.13
2024-05-06,7362.47,917.18,468.97,21021.6,5976.33
2024-05-07,7362.47,917.18,475.32,21021.6,5969.97
2024-05-08,7353.41,851.59,493.43,21021.6,6008.39
2024-05-09,7353.41,851.59,458.55,21021.6,6043.27
2024-05-10,7353.41,851.59,486.43,21021.6,6015.38
2024-05-13,7353.41,851.59,492.07,21021.6,6009.75
2024-05-14,7353.41,851.59,468.34,21021.6,6033.47
2024-05-15,7304.27,787.13,443.78,21021.6,6073.36
2024-05-16,7304.27,787.13,410.12,21021.6,6107.02
2024-05-17,7304.27,787.13,449.37,21021.6,6067.77
2024-05-20,7304.27,787.13,489.73,21021.6,6027.41
2024-05-21,7304.27,787.13,491.72,21021.6,6025.42
2024-05-22,7299.57,725.38,496.38,21021.6,6077.81
2024-05-23,7299.57,725.38,467.4,21021.6,6106.79
2024-05-24,7299.57,725.38,431.24,21021.6,6142.95
2024-05-27,7299.57,725.38,431.24,21021.6,6142.95
2024-05-28,7299.57,725.38,417.84,21021.6,6156.35
2024-05-29,7284.32,704.34,459.31,21021.6,6120.67
2024-05-30,7284.32,704.34,452.03,21021.6,6127.95
2024-05-31,7284.32,704.34,439.81,21021.6,6140.18
2024-06-03,7284.32,704.34,387.07,21070.7,6192.92
2024-06-04,7284.32,704.34,377.82,21070.7,6202.16
2024-06-05,7255.69,710.31,371.84,21070.7,6173.54
2024-06-06,7255.69,710.31,378.12,21070.7,6167.25
2024-06-07,7255.69,710.31,395.46,21070.7,6149.92
2024-06-10,7255.69,710.31,416.48,21070.7,6128.9
2024-06-11,7255.69,710.31,410.45,21070.7,6134.93
2024-06-12,7258.97,673.57,447.57,21070.7,6137.83
2024-06-13,7258.97,673.57,429.86,21070.7,6155.54
2024-06-14,7258.97,673.57,386.88,21070.7,6198.52
2024-06-17,7258.97,673.57,333.43,21070.7,6251.97
2024-06-18,7258.97,673.57,375.54,21070.7,6209.86
2024-06-19,7252.54,723.41,375.54,21070.7,6153.59
2024-06-20,7252.54,723.41,388.84,21070.7,6140.29
2024-06-21,7252.54,723.41,421.04,21070.7,6108.09
2024-06-24,7252.54,723.41,435.92,21070.7,6093.22
2024-06-25,7252.54,723.41,466.31,21070.7,6062.82
2024-06-26,7231.16,765.42,490.16,21070.7,5975.59
2024-06-27,7231.16,765.42,531.69,21070.7,5934.05
2024-06-28,7231.16,765.42,664.57,21070.7,5801.18
2024-07-01,7231.16,765.42,451.78,21098.9,6013.96
2024-07-02,7231.16,765.42,443.37,21098.9,6022.38
2024-07-03,7221.52,761.37,425.9,21098.9,6034.25
2024-07-04,7221.52,761.37,425.9,21098.9,6034.25
2024-07-05,7221.52,761.37,390.63,21098.9,6069.52
2024-07-08,7221.52,761.37,415.26,21098.9,6044.89
2024-07-09,7221.52,761.37,423.15,21098.9,6037.0
2024-07-10,7224.08,736.4,422.15,21098.9,6065.53
2024-07-11,7224.08,736.4,403.71,21098.9,6083.97
2024-07-12,7224.08,736.4,406.59,21098.9,6081.09
2024-07-15,7224.08,736.4,413.28,21098.9,6074.4
2024-07-16,7224.08,736.4,409.59,21098.9,6078.08
2024-07-17,7208.25,751.59,399.4,21098.9,6057.25
2024-07-18,7208.25,751.59,391.65,21098.9,6065.0
2024-07-19,7208.25,751.59,379.8,21098.9,6076.85
2024-07-22,7208.25,751.59,395.9,21098.9,6060.75
2024-07-23,7208.25,751.59,389.84,21098.9,6066.82
2024-07-24,7205.46,774.32,399.12,21098.9,6032.02
2024-07-25,7205.46,774.32,377.43,21098.9,6053.71
2024-07-26,7205.46,774.32,381.26,21098.9,6049.88
2024-07-29,7205.46,774.32,385.28,21098.9,6045.86
2024-07-30,7205.46,774.32,367.05,21098.9,6064.09
2024-07-31,7178.39,786.49,413.2,21098.9,5978.7
2024-08-01,7178.39,786.49,348.88,21192.0,6043.02
2024-08-02,7178.39,786.49,338.47,21192.0,6053.43
2024-08-05,7178.39,786.49,316.25,21192.0,6075.66
2024-08-06,7178.39,786.49,291.96,21192.0,6099.95
2024-08-07,7175.26,770.93,286.66,21192.0,6117.67
2024-08-08,7175.26,770.93,303.16,21192.0,6101.17
2024-08-09,7175.26,770.93,312.2,21192.0,6092.13
2024-08-12,7175.26,770.93,328.64,21192.0,6075.68
2024-08-13,7175.26,770.93,324.49,21192.0,6079.83
2024-08-14,7177.69,794.12,328.47,21192.0,6055.1
2024-08-15,7177.69,794.12,307.14,21192.0,6076.43
2024-08-16,7177.69,794.12,330.32,21192.0,6053.25
2024-08-19,7177.69,794.12,333.58,21192.0,6049.98
2024-08-20,7177.69,794.12,310.82,21192.0,6072.75
2024-08-21,7139.95,736.49,321.33,21192.0,6082.13
2024-08-22,7139.95,736.49,316.78,21192.0,6086.68
2024-08-23,7139.95,736.49,312.9,21192.0,6090.56
2024-08-26,7139.95,736.49,353.56,21192.0,6049.9
2024-08-27,7139.95,736.49,344.04,21192.0,6059.41
2024-08-28,7123.24,745.85,388.89,21192.0,5988.5
2024-08-29,7123.24,745.85,383.43,21192.0,5993.95
2024-08-30,7123.24,745.85,433.13,21192.0,5944.26
2024-09-02,7123.24,745.85,433.13,21275.6,5944.26
2024-09-03,7123.24,745.85,349.81,21275.6,6027.58
2024-09-04,7112.57,733.96,337.31,21275.6,6041.3
2024-09-05,7112.57,733.96,291.09,21275.6,6087.52
2024-09-06,7112.57,733.96,299.27,21275.6,6079.34
2024-09-09,7112.57,733.96,292.16,21275.6,6086.45
2024-09-10,7112.57,733.96,281.39,21275.6,6097.22
2024-09-11,7115.0,755.96,279.21,21275.6,6079.83
2024-09-12,7115.0,755.96,294.46,21275.6,6064.58
2024-09-13,7115.0,755.96,284.95,21275.6,6074.09
2024-09-16,7115.0,755.96,239.39,21275.6,6119.66
2024-09-17,7115.0,755.96,256.34,21275.6,6102.71
2024-09-18,7109.14,771.19,305.83,21275.6,6032.11
2024-09-19,7109.14,771.19,311.78,21275.6,6026.17
2024-09-20,7109.14,771.19,339.32,21275.6,5998.63
2024-09-23,7109.14,771.19,380.37,21275.6,5957.57
2024-09-24,7109.14,771.19,388.98,21275.6,5948.97
2024-09-25,7080.06,806.77,416.19,21275.6,5857.1
2024-09-26,7080.06,806.77,424.92,21275.6,5848.37
2024-09-27,7080.06,806.77,436.52,21275.6,5836.77
2024-09-30,7080.06,806.77,465.64,21275.6,5807.65
2024-10-01,7080.06,806.77,375.22,21336.6,5898.07
2024-10-02,7046.92,798.28,383.4,21336.6,5865.25
2024-10-03,7046.92,798.28,341.25,21336.6,5907.4
2024-10-04,7046.92,798.28,330.01,21336.6,5918.64
2024-10-07,7046.92,798.28,322.95,21336.6,5925.7
2024-10-08,7046.92,798.28,325.36,21336.6,5923.29
2024-10-09,7046.84,802.12,343.45,21336.6,5901.28
2024-10-10,7046.84,802.12,322.59,21336.6,5922.14
2024-10-11,7046.84,802.12,331.74,21336.6,5912.99
2024-10-14,7046.84,802.12,331.74,21336.6,5912.99
2024-10-15,7046.84,802.12,286.4,21336.6,5958.33
2024-10-16,7039.28,791.79,272.03,21336.6,5975.46
2024-10-17,7039.28,791.79,262.21,21336.6,5985.28
2024-10-18,7039.28,791.79,259.89,21336.6,5987.6
2024-10-21,7039.28,791.79,261.04,21336.6,5986.45
2024-10-22,7039.28,791.79,237.76,21336.6,6009.73
2024-10-23,7029.41,829.99,270.84,21336.6,5928.58
2024-10-24,7029.41,829.99,202.8,21336.6,5996.62
2024-10-25,7029.41,829.99,227.0,21336.6,5972.42
2024-10-28,7029.41,829.99,251.03,21336.6,5948.38
2024-10-29,7029.41,829.99,244.84,21336.6,5954.58
2024-10-30,7013.49,835.24,228.95,21336.6,5949.31
2024-10-31,7013.49,835.24,201.28,21336.6,5976.98
2024-11-01,7013.49,835.24,155.48,21454.7,6022.78
2024-11-04,7013.49,835.24,171.88,21454.7,6006.37
2024-11-05,7013.49,835.24,144.24,21454.7,6034.01
2024-11-06,6994.3,842.05,177.87,21454.7,5974.38
2024-11-07,6994.3,842.05,159.0,21454.7,5993.25
2024-11-08,6994.3,842.05,163.62,21454.7,5988.63
2024-11-11,6994.3,842.05,163.62,21454.7,5988.63
2024-11-12,6994.3,842.05,178.81,21454.7,5973.43
2024-11-13,6967.11,832.19,238.11,21454.7,5896.82
2024-11-14,6967.11,832.19,214.51,21454.7,5920.41
2024-11-15,6967.11,832.19,172.4,21454.7,5962.52
2024-11-18,6967.11,832.19,200.03,21454.7,5934.89
2024-11-19,6967.11,832.19,200.66,21454.7,5934.26
2024-11-20,6923.73,751.87,217.79,21454.7,5954.06
2024-11-21,6923.73,751.87,188.57,21454.7,5983.29
2024-11-22,6923.73,751.87,204.25,21454.7,5967.6
2024-11-25,6923.73,751.87,186.75,21454.7,5985.11
2024-11-26,6923.73,751.87,148.82,21454.7,6023.04
2024-11-27,6905.14,775.25,169.82,21454.7,5960.08
2024-11-28,6905.14,775.25,169.82,21454.7,5960.08
2024-11-29,6905.14,775.25,197.63,21454.7,5932.26
2024-12-02,6905.14,775.25,135.86,21487.6,5994.03
2024-12-03,6905.14,775.25,161.57,21487.6,5968.32
2024-12-04,6895.83,789.52,162.87,21487.6,5943.45
2024-12-05,6895.83,789.52,131.96,21487.6,5974.35
2024-12-06,6895.83,789.52,130.01,21487.6,5976.3
2024-12-09,6895.83,789.52,153.03,21487.6,5953.28
2024-12-10,6895.83,789.52,174.84,21487.6,5931.47
2024-12-11,6897.48,775.07,180.12,21487.6,5942.3
2024-12-12,6897.48,775.07,165.02,21487.6,5957.39
2024-12-13,6897.48,775.07,135.78,21487.6,5986.64
2024-12-16,6897.48,775.07,110.75,21487.6,6011.66
2024-12-17,6897.48,775.07,118.09,21487.6,6004.32
2024-12-18,6889.33,767.93,131.65,21487.6,5989.75
2024-12-19,6889.33,767.93,112.42,21487.6,6008.98
2024-12-20,6889.33,767.93,98.36,21487.6,6023.04
2024-12-23,6889.33,767.93,116.0,21487.6,6005.4
2024-12-24,6889.33,767.93,180.99,21487.6,5940.41
2024-12-25,6885.96,764.77,180.99,21487.6,5940.2
2024-12-26,6885.96,764.77,196.82,21487.6,5924.37
2024-12-27,6885.96,764.77,268.74,21487.6,5852.45
2024-12-30,6885.96,764.77,260.74,21487.6,5860.45
2024-12-31,6885.96,764.77,473.46,21487.6,5647.73
2025-01-01,6852.49,719.87,473.46,21539.3,5659.16
2025-01-02,6852.49,719.87,239.86,21539.3,5892.76
2025-01-03,6852.49,719.87,237.38,21539.3,5895.24
2025-01-06,6852.49,719.87,231.93,21539.3,5900.69
2025-01-07,6852.49,719.87,208.3,21539.3,5924.32
2025-01-08,6853.55,652.64,185.14,21539.3,6015.77
2025-01-09,6853.55,652.64,168.22,21539.3,6032.69
2025-01-10,6853.55,652.64,178.8,21539.3,6022.12
2025-01-13,6853.55,652.64,183.67,21539.3,6017.25
2025-01-14,6853.55,652.64,160.22,21539.3,6040.7
2025-01-15,6834.07,641.22,119.98,21539.3,6072.87
2025-01-16,6834.07,641.22,94.49,21539.3,6098.36
2025-01-17,6834.07,641.22,118.33,21539.3,6074.52
2025-01-20,6834.07,641.22,118.33,21539.3,6074.52
2025-01-21,6834.07,641.22,96.02,21539.3,6096.83
2025-01-22,6831.76,677.28,123.98,21539.3,6030.5
2025-01-23,6831.76,677.28,132.03,21539.3,6022.45
2025-01-24,6831.76,677.28,104.97,21539.3,6049.51
2025-01-27,6831.76,677.28,92.86,21539.3,6061.62
2025-01-28,6831.76,677.28,112.76,21539.3,6041.72
2025-01-29,6818.19,784.21,121.84,21539.3,5912.14
2025-01-30,6818.19,784.21,125.96,21539.3,5908.02
2025-01-31,6818.19,784.21,187.91,21539.3,5846.07
2025-02-03,6818.19,784.21,97.78,21607.2,5936.2
2025-02-04,6818.19,784.21,85.65,21607.2,5948.33
2025-02-05,6810.94,805.59,78.79,21607.2,5926.55
2025-02-06,6810.94,805.59,79.98,21607.2,5925.36
2025-02-07,6810.94,805.59,95.25,21607.2,5910.09
2025-02-10,6810.94,805.59,99.65,21607.2,5905.69
2025-02-11,6810.94,805.59,76.45,21607.2,5928.9
2025-02-12,6813.51,828.1,67.67,21607.2,5917.74
2025-02-13,6813.51,828.1,67.82,21607.2,5917.59
2025-02-14,6813.51,828.1,58.77,21607.2,5926.64
2025-02-17,6813.51,828.1,58.77,21607.2,5926.64
2025-02-18,6813.51,828.1,77.82,21607.2,5907.59
2025-02-19,6782.33,790.06,73.2,21607.2,5919.07
2025-02-20,6782.33,790.06,63.21,21607.2,5929.06
2025-02-21,6782.33,790.06,68.98,21607.2,5923.29
2025-02-24,6782.33,790.06,76.82,21607.2,5915.45
2025-02-25,6782.33,790.06,96.0,21607.2,5896.27
2025-02-26,6766.1,681.16,126.06,21607.2,5958.88
2025-02-27,6766.1,681.16,182.15,21607.2,5902.79
2025-02-28,6766.1,681.16,234.42,21607.2,5850.52
2025-03-03,6766.1,681.16,119.99,21684.1,5964.95
2025-03-04,6766.1,681.16,135.26,21684.1,5949.68
2025-03-05,6756.76,548.33,139.49,21684.1,6068.94
2025-03-06,6756.76,548.33,129.27,21684.1,6079.16
2025-03-07,6756.76,548.33,136.3,21684.1,6072.13
2025-03-10,6756.76,548.33,129.05,21684.1,6079.38
2025-03-11,6756.76,548.33,137.31,21684.1,6071.12
2025-03-12,6759.57,512.58,131.06,21684.1,6115.94
2025-03-13,6759.57,512.58,113.44,21684.1,6133.55
2025-03-14,6759.57,512.58,126.23,21684.1,6120.76
2025-03-17,6759.57,512.58,89.5,21684.1,6157.49
2025-03-18,6759.57,512.58,149.5,21684.1,6097.49
2025-03-19,6755.98,435.94,193.38,21684.1,6126.67
2025-03-20,6755.98,435.94,192.64,21684.1,6127.41
2025-03-21,6755.98,435.94,200.85,21684.1,6119.2
2025-03-24,6755.98,435.94,196.56,21684.1,6123.48
2025-03-25,6755.98,435.94,214.79,21684.1,6105.26
2025-03-26,6740.25,360.18,241.37,21684.1,6138.7
2025-03-27,6740.25,360.18,291.79,21684.1,6088.29
2025-03-28,6740.25,360.18,286.58,21684.1,6093.5
2025-03-31,6740.25,360.18,399.17,21684.1,5980.91
2025-04-01,6740.25,360.18,230.06,21770.8,6150.01
2025-04-02,6723.45,313.33,233.49,21770.8,6176.64
2025-04-03,6723.45,313.33,196.26,21770.8,6213.86
2025-04-04,6723.45,313.33,184.5,21770.8,6225.63
2025-04-07,6723.45,313.33,148.15,21770.8,6261.98
2025-04-08,6723.45,313.33,156.91,21770.8,6253.22
2025-04-09,6727.42,306.05,168.12,21770.8,6253.25
2025-04-10,6727.42,306.05,129.95,21770.8,6291.42
2025-04-11,6727.42,306.05,98.53,21770.8,6322.84
2025-04-14,6727.42,306.05,102.84,21770.8,6318.53
2025-04-15,6727.42,306.05,88.88,21770.8,6332.49
2025-04-16,6727.11,422.98,54.77,21770.8,6249.36
2025-04-17,6727.11,422.98,58.6,21770.8,6245.53
2025-04-18,6727.11,422.98,58.6,21770.8,6245.53
2025-04-21,6727.11,422.98,114.11,21770.8,6190.02
2025-04-22,6727.11,422.98,137.95,21770.8,6166.18
2025-04-23,6726.93,606.63,171.78,21770.8,5948.52
2025-04-24,6726.93,606.63,130.0,21770.8,5990.29
2025-04-25,6726.93,606.63,94.02,21770.8,6026.28
2025-04-28,6726.93,606.63,148.65,21770.8,5971.65
2025-04-29,6726.93,606.63,157.54,21770.8,5962.76
2025-04-30,6709.28,595.74,250.6,21770.8,5862.94
2025-05-01,6709.28,595.74,157.35,21836.1,5956.18
2025-05-02,6709.28,595.74,147.88,21836.1,5965.65
2025-05-05,6709.28,595.74,124.69,21836.1,5988.85
2025-05-06,6709.28,595.74,129.86,21836.1,5983.68
2025-05-07,6710.89,583.73,154.86,21836.1,5972.3
2025-05-08,6710.89,583.73,139.77,21836.1,5987.39
2025-05-09,6710.89,583.73,142.27,21836.1,5984.89
2025-05-12,6710.89,583.73,147.5,21836.1,5979.66
2025-05-13,6710.89,583.73,144.21,21836.1,5982.95
2025-05-14,6713.27,575.85,165.02,21836.1,5972.4
2025-05-15,6713.27,575.85,109.44,21836.1,6027.99
2025-05-16,6713.27,575.85,136.8,21836.1,6000.63
2025-05-19,6713.27,575.85,180.42,21836.1,5957.01
2025-05-20,6713.27,575.85,136.03,21836.1,6001.39
2025-05-21,6688.73,503.06,162.8,21836.1,6022.87
2025-05-22,6688.73,503.06,173.02,21836.1,6012.65
2025-05-23,6688.73,503.06,154.84,21836.1,6030.83
2025-05-26,6688.73,503.06,154.84,21836.1,6030.83
2025-05-27,6688.73,503.06,138.07,21836.1,6047.6
2025-05-28,6673.24,467.2,173.64,21836.1,6032.4
2025-05-29,6673.24,467.2,165.66,21836.1,6040.38
2025-05-30,6673.24,467.2,315.66,21836.1,5890.38
2025-06-02,6673.24,467.2,135.84,21942.6,6070.2
2025-06-03,6673.24,467.2,153.18,21942.6,6052.86
2025-06-04,6672.88,378.95,168.88,21942.6,6125.06
2025-06-05,6672.88,378.95,152.73,21942.6,6141.21
2025-06-06,6672.88,378.95,149.28,21942.6,6144.65
2025-06-09,6672.88,378.95,179.32,21942.6,6114.62
2025-06-10,6672.88,378.95,182.72,21942.6,6111.21
2025-06-11,6677.16,332.91,204.62,21942.6,6139.62
2025-06-12,6677.16,332.91,181.42,21942.6,6162.83
2025-06-13,6677.16,332.91,168.64,21942.6,6175.6
2025-06-16,6677.16,332.91,140.76,21942.6,6203.49
2025-06-17,6677.16,332.91,168.94,21942.6,6175.31
2025-06-18,6681.06,337.76,205.05,21942.6,6138.24
2025-06-19,6681.06,337.76,205.05,21942.6,6138.24
2025-06-20,6681.06,337.76,138.28,21942.6,6205.01
2025-06-23,6681.06,337.76,165.32,21942.6,6177.98
2025-06-24,6681.06,337.76,187.37,21942.6,6155.93
2025-06-25,6662.2,364.38,210.88,21942.6,6086.95
2025-06-26,6662.2,364.38,252.43,21942.6,6045.39
2025-06-27,6662.2,364.38,285.74,21942.6,6012.08
2025-06-30,6662.2,364.38,460.73,21942.6,5837.09
2025-07-01,6662.2,364.38,245.53,22025.6,6052.3
2025-07-02,6659.6,359.52,237.31,22025.6,6062.78
2025-07-03,6659.6,359.52,214.66,22025.6,6085.42
2025-07-04,6659.6,359.52,214.66,22025.6,6085.42
2025-07-07,6659.6,359.52,218.03,22025.6,6082.05
2025-07-08,6659.6,359.52,219.42,22025.6,6080.67
2025-07-09,6661.91,319.89,227.27,22025.6,6114.75
2025-07-10,6661.91,319.89,183.34,22025.6,6158.68
2025-07-11,6661.91,319.89,181.64,22025.6,6160.39
2025-07-14,6661.91,319.89,217.84,22025.6,6124.18
2025-07-15,6661.91,319.89,198.28,22025.6,6143.75
2025-07-16,6659.27,296.25,197.09,22025.6,6165.94
2025-07-17,6659.27,296.25,193.66,22025.6,6169.37
2025-07-18,6659.27,296.25,199.3,22025.6,6163.73
2025-07-21,6659.27,296.25,213.67,22025.6,6149.36
2025-07-22,6659.27,296.25,196.37,22025.6,6166.65
2025-07-23,6657.72,323.18,189.63,22025.6,6144.91
2025-07-24,6657.72,323.18,132.19,22025.6,6202.35
2025-07-25,6657.72,323.18,150.51,22025.6,6184.03
2025-07-28,6657.72,323.18,170.46,22025.6,6164.08
2025-07-29,6657.72,323.18,171.02,22025.6,6163.52
2025-07-30,6642.58,370.51,155.48,22025.6,6116.59
2025-07-31,6642.58,370.51,214.44,22025.6,6057.63
2025-08-01,6642.58,370.51,97.43,22092.6,6174.64
2025-08-04,6642.58,370.51,125.73,22092.6,6146.34
2025-08-05,6642.58,370.51,84.36,22092.6,6187.72
2025-08-06,6640.84,421.04,91.97,22092.6,6127.83
2025-08-07,6640.84,421.04,77.96,22092.6,6141.84
2025-08-08,6640.84,421.04,80.3,22092.6,6139.5
2025-08-11,6640.84,421.04,82.21,22092.6,6137.59
2025-08-12,6640.84,421.04,57.49,22092.6,6162.31
2025-08-13,6643.62,504.3,57.2,22092.6,6082.11
2025-08-14,6643.62,504.3,28.82,22092.6,6110.49
2025-08-15,6643.62,504.3,33.76,22092.6,6105.55
2025-08-18,6643.62,504.3,38.24,22092.6,6101.07
2025-08-19,6643.62,504.3,22.34,22092.6,6116.97
2025-08-20,6618.42,519.53,35.0,22092.6,6063.88
2025-08-21,6618.42,519.53,25.36,22092.6,6073.52
2025-08-22,6618.42,519.53,36.28,22092.6,6062.61
2025-08-25,6618.42,519.53,47.57,22092.6,6051.31
2025-08-26,6618.42,519.53,28.57,22092.6,6070.31
2025-08-27,6603.38,590.0,34.74,22092.6,5978.64
2025-08-28,6603.38,590.0,31.97,22092.6,5981.42
2025-08-29,6603.38,590.0,77.9,22092.6,5935.49
2025-09-01,6603.38,590.0,77.9,22176.1,5935.49
2025-09-02,6603.38,590.0,21.07,22176.1,5992.32
2025-09-03,6602.07,597.51,17.92,22176.1,5986.64
2025-09-04,6602.07,597.51,20.13,22176.1,5984.43
2025-09-05,6602.07,597.51,21.0,22176.1,5983.56
2025-09-08,6602.07,597.51,19.42,22176.1,5985.14
2025-09-09,6602.07,597.51,22.92,22176.1,5981.64
2025-09-10,6605.96,672.27,29.4,22176.1,5904.29
2025-09-11,6605.96,672.27,26.9,22176.1,5906.79
2025-09-12,6605.96,672.27,17.33,22176.1,5916.36
2025-09-15,6605.96,672.27,16.95,22176.1,5916.73
2025-09-16,6605.96,672.27,18.82,22176.1,5914.87
2025-09-17,6608.6,756.38,13.96,22176.1,5838.26
2025-09-18,6608.6,756.38,13.71,22176.1,5838.51
2025-09-19,6608.6,756.38,11.36,22176.1,5840.86
2025-09-22,6608.6,756.38,14.17,22176.1,5838.05
2025-09-23,6608.6,756.38,14.4,22176.1,5837.82
2025-09-24,6608.4,804.86,29.17,22176.1,5774.37
2025-09-25,6608.4,804.86,25.37,22176.1,5778.17
2025-09-26,6608.4,804.86,48.07,22176.1,5755.47
2025-09-29,6608.4,804.86,56.22,22176.1,5747.32
2025-09-30,6608.4,804.86,49.07,22176.1,5754.47
2025-10-01,6587.12,805.14,10.18,22249.8,5771.8
2025-10-02,6587.12,805.14,8.44,22249.8,5773.54
2025-10-03,6587.12,805.14,25.39,22249.8,5756.59
2025-10-06,6587.12,805.14,21.78,22249.8,5760.2
2025-10-07,6587.12,805.14,4.62,22249.8,5777.36
2025-10-08,6590.82,807.43,5.23,22249.8,5778.16
2025-10-09,6590.82,807.43,4.5,22249.8,5778.89
2025-10-10,6590.82,807.43,4.12,22249.8,5779.26
2025-10-13,6590.82,807.43,4.12,22249.8,5779.26
2025-10-14,6590.82,807.43,3.52,22249.8,5779.87
2025-10-15,6596.45,809.59,5.48,22249.8,5781.38
2025-10-16,6596.45,809.59,6.96,22249.8,5779.9
2025-10-17,6596.45,809.59,4.1,22249.8,5782.76
2025-10-20,6596.45,809.59,5.93,22249.8,5780.93
2025-10-21,6596.45,809.59,4.7,22249.8,5782.16
2025-10-22,6589.53,908.0,4.0,22249.8,5677.53
2025-10-23,6589.53,908.0,6.94,22249.8,5674.59
2025-10-24,6589.53,908.0,2.44,22249.8,5679.1
2025-10-27,6589.53,908.0,10.64,22249.8,5670.89
2025-10-28,6589.53,908.0,14.1,22249.8,5667.44
2025-10-29,6587.03,957.99,19.5,22249.8,5609.54
2025-10-30,6587.03,957.99,19.17,22249.8,5609.88
2025-10-31,6587.03,957.99,51.8,22249.8,5577.24
2025-11-03,6587.03,957.99,23.79,22279.8,5605.25
2025-11-04,6587.03,957.99,16.98,22279.8,5612.06
2025-11-05,6572.73,940.98,12.81,22279.8,5618.94
2025-11-06,6572.73,940.98,10.75,22279.8,5621.0
2025-11-07,6572.73,940.98,4.9,22279.8,5626.85
2025-11-10,6572.73,940.98,7.15,22279.8,5624.6
2025-11-11,6572.73,940.98,7.15,22279.8,5624.6
2025-11-12,6580.46,953.82,5.89,22279.8,5620.76
2025-11-13,6580.46,953.82,3.76,22279.8,5622.88
2025-11-14,6580.46,953.82,1.56,22279.8,5625.09
2025-11-17,6580.46,953.82,3.17,22279.8,5623.47
2025-11-18,6580.46,953.82,0.9,22279.8,5625.74
2025-11-19,6555.28,941.93,1.13,22279.8,5612.23
2025-11-20,6555.28,941.93,6.52,22279.8,5606.84
2025-11-21,6555.28,941.93,2.5,22279.8,5610.85
2025-11-24,6555.28,941.93,1.08,22279.8,5612.28
2025-11-25,6555.28,941.93,2.31,22279.8,5611.04
2025-11-26,6552.42,903.39,2.22,22279.8,5646.81
2025-11-27,6552.42,903.39,2.22,22279.8,5646.81
2025-11-28,6552.42,903.39,7.56,22279.8,5641.46
2025-12-01,6552.42,903.39,3.24,22355.3,5645.78
2025-12-02,6552.42,903.39,5.62,22355.3,5643.4
2025-12-03,6535.78,937.17,2.51,22355.3,5596.1
2025-12-04,6535.78,937.17,2.23,22355.3,5596.38
2025-12-05,6535.78,937.17,1.48,22355.3,5597.13
2025-12-08,6535.78,937.17,1.7,22355.3,5596.91
2025-12-09,6535.78,937.17,3.21,22355.3,5595.4
2025-12-10,6539.3,858.95,5.04,22355.3,5675.31
2025-12-11,6539.3,858.95,2.87,22355.3,5677.48
2025-12-12,6539.3,858.95,0.84,22355.3,5679.52
2025-12-15,6539.3,858.95,2.6,22355.3,5677.76
2025-12-16,6539.3,858.95,1.55,22355.3,5678.8
2025-12-17,6556.86,833.09,10.36,22355.3,5713.41
2025-12-18,6556.86,833.09,11.71,22355.3,5712.06
2025-12-19,6556.86,833.09,3.05,22355.3,5720.72
2025-12-22,6556.86,833.09,1.52,22355.3,5722.24
2025-12-23,6556.86,833.09,5.89,22355.3,5717.88
2025-12-24,6581.23,837.12,4.8,22355.3,5739.31
2025-12-25,6581.23,837.12,4.8,22355.3,5739.31
2025-12-26,6581.23,837.12,20.34,22355.3,5723.77
2025-12-29,6581.23,837.12,10.55,22355.3,5733.56
2025-12-30,6581.23,837.12,12.6,22355.3,5731.51
2025-12-31,6640.62,837.31,105.99,22355.3,5697.32
2026-01-01,6640.62,837.31,105.99,22413.4,5697.32
2026-01-02,6640.62,837.31,5.67,22413.4,5797.64
2026-01-05,6640.62,837.31,6.48,22413.4,5796.83
2026-01-06,6640.62,837.31,2.58,22413.4,5800.73
2026-01-07,6573.6,796.15,4.58,22413.4,5772.87
2026-01-08,6573.6,796.15,3.08,22413.4,5774.37
2026-01-09,6573.6,796.15,3.28,22413.4,5774.17
2026-01-12,6573.6,796.15,3.4,22413.4,5774.05
2026-01-13,6573.6,796.15,3.28,22413.4,5774.18
2026-01-14,6581.7,779.18,3.22,22413.4,5799.3
2026-01-15,6581.7,779.18,2.0,22413.4,5800.52
2026-01-16,6581.7,779.18,1.22,22413.4,5801.3
2026-01-19,6581.7,779.18,1.22,22413.4,5801.3
2026-01-20,6581.7,779.18,3.51,22413.4,5799.02
2026-01-21,6584.58,869.26,3.34,22413.4,5711.98
2026-01-22,6584.58,869.26,2.06,22413.4,5713.26
2026-01-23,6584.58,869.26,0.93,22413.4,5714.39
2026-01-26,6584.58,869.26,1.49,22413.4,5713.83
2026-01-27,6584.58,869.26,1.25,22413.4,5714.07
2026-01-28,6587.57,923.04,1.1,22413.4,5663.42
2026-01-29,6587.57,923.04,2.85,22413.4,5661.67
2026-01-30,6587.57,923.04,9.63,22413.4,5654.9
2026-02-02,6587.57,923.04,10.42,22598.7,5654.11
2026-02-03,6587.57,923.04,1.78,22598.7,5662.74
2026-02-04,6605.91,908.77,2.41,22598.7,5694.72
2026-02-05,6605.91,908.77,1.75,22598.7,5695.39
2026-02-06,6605.91,908.77,3.11,22598.7,5694.02
2026-02-09,6605.91,908.77,1.31,22598.7,5695.83
2026-02-10,6605.91,908.77,1.45,22598.7,5695.69
2026-02-11,6622.38,915.31,1.05,22598.7,5706.03
2026-02-12,6622.38,915.31,2.84,22598.7,5704.23
2026-02-13,6622.38,915.31,0.38,22598.7,5706.7
2026-02-16,6622.38,915.31,0.38,22598.7,5706.7
2026-02-17,6622.38,915.31,0.44,22598.7,5706.63
2026-02-18,6613.4,912.73,0.86,22598.7,5699.81
2026-02-19,6613.4,912.73,0.63,22598.7,5700.04
2026-02-20,6613.4,912.73,0.5,22598.7,5700.17
2026-02-23,6613.4,912.73,0.88,22598.7,5699.79
2026-02-24,6613.4,912.73,0.92,22598.7,5699.75
2026-02-25,6613.8,887.61,1.16,22598.7,5725.03
2026-02-26,6613.8,887.61,3.8,22598.7,5722.39
2026-02-27,6613.8,887.61,16.32,22598.7,5709.87
2026-03-02,6613.8,887.61,0.63,22640.3,5725.56
2026-03-03,6613.8,887.61,1.2,22640.3,5724.98
2026-03-04,6628.89,832.05,0.88,22640.3,5795.96
2026-03-05,6628.89,832.05,2.79,22640.3,5794.05
2026-03-06,6628.89,832.05,1.51,22640.3,5795.33
2026-03-09,6628.89,832.05,0.33,22640.3,5796.51
2026-03-10,6628.89,832.05,0.28,22640.3,5796.56
2026-03-11,6646.34,838.19,0.55,22640.3,5807.61
2026-03-12,6646.34,838.19,0.14,22640.3,5808.02
2026-03-13,6646.34,838.19,0.43,22640.3,5807.73
2026-03-16,6646.34,838.19,0.58,22640.3,5807.58
2026-03-17,6646.34,838.19,0.8,22640.3,5807.36
2026-03-18,6655.94,853.05,0.7,22640.3,5802.19
2026-03-19,6655.94,853.05,0.64,22640.3,5802.25
2026-03-20,6655.94,853.05,0.82,22640.3,5802.06
2026-03-23,6655.94,853.05,0.86,22640.3,5802.03
2026-03-24,6655.94,853.05,1.12,22640.3,5801.76
2026-03-25,6657.16,874.08,0.78,22640.3,5782.31
2026-03-26,6657.16,874.08,0.88,22640.3,5782.2
2026-03-27,6657.16,874.08,0.99,22640.3,5782.09
2026-03-30,6657.16,874.08,0.75,22640.3,5782.33
2026-03-31,6657.16,874.08,15.78,22640.3,5767.3
2026-04-01,6675.34,847.72,2.11,22756.6,5825.52
2026-04-02,6675.34,847.72,0.33,22756.6,5827.3
2026-04-03,6675.34,847.72,0.33,22756.6,5827.3
2026-04-06,6675.34,847.72,0.23,22756.6,5827.4
2026-04-07,6675.34,847.72,15.34,22756.6,5812.28
2026-04-08,6693.87,748.38,0.18,22756.6,5945.32
2026-04-09,6693.87,748.38,0.4,22756.6,5945.09
2026-04-10,6693.87,748.38,0.51,22756.6,5944.99
2026-04-13,6693.87,748.38,0.23,22756.6,5945.27
2026-04-14,6693.87,748.38,0.31,22756.6,5945.19
2026-04-15,6705.7,751.35,0.22,22756.6,5954.12
2026-04-16,6705.7,751.35,0.16,22756.6,5954.18
2026-04-17,6705.7,751.35,0.14,22756.6,5954.2
2026-04-20,6705.7,751.35,0.5,22756.6,5953.84
2026-04-21,6705.7,751.35,0.81,22756.6,5953.54
2026-04-22,6707.42,1005.97,0.54,22756.6,5700.91
2026-04-23,6707.42,1005.97,0.11,22756.6,5701.34
2026-04-24,6707.42,1005.97,0.08,22756.6,5701.37
2026-04-27,6707.42,1005.97,0.36,22756.6,5701.09
2026-04-28,6707.42,1005.97,0.64,22756.6,5700.81
2026-04-29,6699.95,981.93,0.75,22756.6,5717.27
2026-04-30,6699.95,981.93,8.26,22756.6,5709.76
2026-05-01,6699.95,981.93,0.61,23013.7,5717.41
2026-05-04,6699.95,981.93,0.62,23013.7,5717.4
2026-05-05,6699.95,981.93,1.12,23013.7,5716.9
2026-05-06,6709.5,877.76,1.63,23013.7,5830.11
2026-05-07,6709.5,877.76,0.77,23013.7,5830.97
2026-05-08,6709.5,877.76,0.79,23013.7,5830.96
2026-05-11,6709.5,877.76,1.13,23013.7,5830.61
2026-05-12,6709.5,877.76,1.2,23013.7,5830.55
2026-05-13,6728.5,838.58,3.72,23013.7,5886.2
2026-05-14,6728.5,838.58,2.03,23013.7,5887.88
2026-05-15,6728.5,838.58,0.65,23013.7,5889.27
2026-05-18,6728.5,838.58,7.19,23013.7,5882.72
2026-05-19,6728.5,838.58,12.91,23013.7,5877.01
2026-05-20,6713.64,781.29,24.87,23013.7,5907.48
2026-05-21,6713.64,781.29,3.28,23013.7,5929.07
2026-05-22,6713.64,781.29,0.96,23013.7,5931.38
2026-05-25,6713.64,781.29,0.96,23013.7,5931.38
2026-05-26,6713.64,781.29,1.79,23013.7,5930.56
2026-05-27,6704.38,830.3,1.85,23013.7,5872.23
2026-05-28,6704.38,830.3,1.16,23013.7,5872.92
2026-05-29,6704.38,830.3,11.68,23013.7,5862.41
2026-06-01,6704.38,830.3,1.3,23114.9,5872.78
2026-06-02,6704.38,830.3,2.5,23114.9,5871.58
2026-06-03,6711.5,875.71,2.06,23114.9,5833.72
2026-06-04,6711.5,875.71,1.12,23114.9,5834.66
2026-06-05,6711.5,875.71,0.76,23114.9,5835.02
2026-06-08,6711.5,875.71,1.83,23114.9,5833.95
2026-06-09,6711.5,875.71,0.58,23114.9,5835.2
2026-06-10,6725.4,828.12,0.39,23114.9,5896.89
2026-06-11,6725.4,828.12,0.46,23114.9,5896.82
2026-06-12,6725.4,828.12,0.45,23114.9,5896.82
2026-06-15,6725.4,828.12,0.58,23114.9,5896.69
2026-06-16,6725.4,828.12,10.72,23114.9,5886.55
2026-06-17,6736.42,880.71,6.83,23114.9,5848.88
2026-06-18,6736.42,880.71,0.25,23114.9,5855.46
2026-06-19,6736.42,880.71,0.25,23114.9,5855.46
2026-06-22,6736.42,880.71,3.92,23114.9,5851.79
2026-06-23,6736.42,880.71,6.48,23114.9,5849.23
2026-06-24,6735.64,918.7,4.53,23114.9,5812.42
2026-06-25,6735.64,918.7,5.72,23114.9,5811.23
2026-06-26,6735.64,918.7,6.43,23114.9,5810.52
2026-06-29,6735.64,918.7,3.55,23114.9,5813.4
2026-06-30,6735.64,918.7,26.9,23114.9,5790.05
2026-07-01,6724.56,880.24,1.0,23217.9,5843.33
2026-07-02,6724.56,880.24,2.17,23217.9,5842.15
2026-07-03,6724.56,880.24,2.17,23217.9,5842.15
2026-07-06,6724.56,880.24,2.72,23217.9,5841.61
2026-07-07,6724.56,880.24,4.48,23217.9,5839.84
2026-07-08,6735.61,774.06,3.35,23217.9,5958.2
2026-07-09,6735.61,774.06,5.77,23217.9,5955.78
2026-07-10,6735.61,774.06,0.55,23217.9,5961.0
2026-07-13,6735.61,774.06,0.8,23217.9,5960.75
2026-07-14,6735.61,774.06,0.28,23217.9,5961.27
2026-07-15,6743.03,756.22,0.15,23217.9,5986.66
2026-07-16,6743.03,756.22,0.12,23217.9,5986.68
2026-07-17,6743.03,756.22,0.1,23217.9,5986.71
2026-07-20,6743.03,756.22,0.03,23217.9,5986.78
2026-07-21,6743.03,756.22,0.28,23217.9,5986.54
2026-07-22,6747.38,829.62,0.38,23217.9,5917.38
2026-07-23,6747.38,829.62,0.9,23217.9,5916.85
2026-07-24,6747.38,829.62,0.68,23217.9,5917.08
2026-07-27,6747.38,829.62,1.38,23217.9,5916.37
2026-07-28,6747.38,829.62,1.13,23217.9,5916.63
2026-07-29,6738.19,910.78,2.58,23217.9,5824.84
2026-07-30,6738.19,910.78,1.08,23217.9,5826.34
2026-07-31,6738.19,910.78,2.15,23217.9,5825.26
2026-08-03,6738.19,910.78,2.13,23342.8,5825.29
2026-08-04,6738.19,910.78,2.25,23342.8,5825.16
2026-08-05,6748.57,907.32,1.65,23342.8,5839.59
2026-08-06,6748.57,907.32,1.43,23342.8,5839.81
2026-08-07,6748.57,907.32,1.45,23342.8,5839.79
2026-08-10,6748.57,907.32,0.98,23342.8,5840.27
2026-08-11,6748.57,907.32,1.25,23342.8,5839.99
2026-08-12,6759.96,963.95,0.72,23342.8,5795.28
2026-08-13,6759.96,963.95,0.45,23342.8,5795.56
2026-08-14,6759.96,963.95,0.25,23342.8,5795.76
2026-08-17,6759.96,963.95,0.26,23342.8,5795.75
2026-08-18,6759.96,963.95,0.16,23342.8,5795.85
2026-08-19,6745.7,953.61,0.32,23342.8,5791.77
2026-08-20,6745.7,953.61,0.22,23342.8,5791.86
2026-08-21,6745.7,953.61,0.2,23342.8,5791.89
2026-08-24,6745.7,953.61,0.38,23342.8,5791.71
2026-08-25,6745.7,953.61,0.4,23342.8,5791.68
2026-08-26,6730.91,950.74,0.7,23342.8,5779.47
2026-08-27,6730.91,950.74,0.46,23342.8,5779.72
2026-08-28,6730.91,950.74,0.18,23342.8,5780.0
2026-08-31,6730.91,950.74,6.73,23342.8,5773.45
2026-09-01,6730.91,950.74,0.72,23342.8,5779.45
2026-09-02,6737.2,967.94,0.52,23342.8,5768.74
2026-09-03,6737.2,967.94,0.7,23342.8,5768.57
2026-09-04,6737.2,967.94,0.68,23342.8,5768.59
2026-09-07,6737.2,967.94,0.68,23342.8,5768.59
2026-09-08,6737.2,967.94,0.63,23342.8,5768.64
2026-09-09,6740.62,883.34,0.43,23342.8,5856.85
2026-09-10,6740.62,883.34,4.74,23342.8,5852.55
2026-09-11,6740.62,883.34,5.26,23342.8,5852.03
2026-09-14,6740.62,883.34,1.42,23342.8,5855.86
2026-09-15,6740.62,883.34,0.7,23342.8,5856.58
2026-09-16,6746.55,877.03,5.38,23342.8,5864.14
2026-09-17,6746.55,877.03,0.28,23342.8,5869.24
2026-09-18,6746.55,877.03,0.58,23342.8,5868.94
2026-09-21,6746.55,877.03,0.58,23342.8,5868.94
2026-09-22,6746.55,877.03,0.45,23342.8,5869.07
2026-09-23,6747.7,977.08,0.46,23342.8,5770.16
2026-09-24,6747.7,977.08,0.63,23342.8,5769.99
2026-09-25,6747.7,977.08,0.58,23342.8,5770.04
2026-09-28,6747.7,977.08,0.85,23342.8,5769.77
2026-09-29,6747.7,977.08,11.45,23342.8,5759.17
2026-09-30,6743.03,948.67,11.54,23342.8,5782.82
2026-10-01,6743.03,948.67,0.35,23342.8,5794.01
2026-10-02,6743.03,948.67,1.5,23342.8,5792.86
2026-10-05,6743.03,948.67,1.0,23342.8,5793.35
2026-10-06,6743.03,948.67,0.41,23342.8,5793.94
2026-10-07,6747.56,880.25,2.34,23342.8,5864.97
2026-10-08,6747.56,880.25,0.34,23342.8,5866.97
2026-10-09,6747.56,880.25,0.3,23342.8,5867.01
